[0m18:05:06.097699 [debug] [MainThread]: Sending event: {'category': 'dbt', 'action': 'invocation', 'label': 'start', 'context': [<snowplow_tracker.self_describing_json.SelfDescribingJson object at 0x0000015BDC3D9F70>, <snowplow_tracker.self_describing_json.SelfDescribingJson object at 0x0000015BDB6D4F80>, <snowplow_tracker.self_describing_json.SelfDescribingJson object at 0x0000015BDC7FAA50>]}


============================== 18:05:06.105660 | 36dd70f4-ac8d-4489-9a40-11d5d6506075 ==============================
[0m18:05:06.105660 [info ] [MainThread]: Running with dbt=1.10.10
[0m18:05:06.106659 [debug] [MainThread]: running dbt with arguments {'partial_parse': 'True', 'write_json': 'True', 'send_anonymous_usage_stats': 'True', 'warn_error': 'None', 'cache_selected_only': 'False', 'target_path': 'None', 'version_check': 'True', 'invocation_command': 'dbt debug', 'log_format': 'default', 'use_colors': 'True', 'introspect': 'True', 'debug': 'False', 'log_cache_events': 'False', 'fail_fast': 'False', 'no_print': 'None', 'use_experimental_parser': 'False', 'printer_width': '80', 'empty': 'None', 'quiet': 'False', 'indirect_selection': 'eager', 'log_path': 'C:\\Users\\eriku\\Desktop\\DataenginerSTI2024-2026\\Github\\data_warehouse_lifecycle_de24\\10\\dbt_code\\logs', 'profiles_dir': 'C:\\Users\\eriku\\.dbt', 'static_parser': 'True', 'warn_error_options': 'WarnErrorOptionsV2(error=[], warn=[], silence=[])'}
[0m18:05:06.149112 [info ] [MainThread]: dbt version: 1.10.10
[0m18:05:06.150692 [info ] [MainThread]: python version: 3.12.6
[0m18:05:06.150692 [info ] [MainThread]: python path: C:\Users\eriku\Desktop\DataenginerSTI2024-2026\Github\data_warehouse_lifecycle_de24\venv\Scripts\python.exe
[0m18:05:06.151700 [info ] [MainThread]: os info: Windows-11-10.0.26100-SP0
[0m18:05:06.159285 [info ] [MainThread]: Using profiles dir at C:\Users\eriku\.dbt
[0m18:05:06.159285 [info ] [MainThread]: Using profiles.yml file at C:\Users\eriku\.dbt\profiles.yml
[0m18:05:06.160792 [info ] [MainThread]: Using dbt_project.yml file at C:\Users\eriku\Desktop\DataenginerSTI2024-2026\Github\data_warehouse_lifecycle_de24\10\dbt_code\dbt_project.yml
[0m18:05:06.307827 [info ] [MainThread]: Configuration:
[0m18:05:06.308559 [info ] [MainThread]:   profiles.yml file [[31mERROR invalid[0m]
[0m18:05:06.309668 [info ] [MainThread]:   dbt_project.yml file [[32mOK found and valid[0m]
[0m18:05:06.309668 [info ] [MainThread]: Required dependencies:
[0m18:05:06.310907 [debug] [MainThread]: Executing "git --help"
[0m18:05:06.334307 [debug] [MainThread]: STDOUT: "b"usage: git [-v | --version] [-h | --help] [-C <path>] [-c <name>=<value>]\n           [--exec-path[=<path>]] [--html-path] [--man-path] [--info-path]\n           [-p | --paginate | -P | --no-pager] [--no-replace-objects] [--no-lazy-fetch]\n           [--no-optional-locks] [--no-advice] [--bare] [--git-dir=<path>]\n           [--work-tree=<path>] [--namespace=<name>] [--config-env=<name>=<envvar>]\n           <command> [<args>]\n\nThese are common Git commands used in various situations:\n\nstart a working area (see also: git help tutorial)\n   clone     Clone a repository into a new directory\n   init      Create an empty Git repository or reinitialize an existing one\n\nwork on the current change (see also: git help everyday)\n   add       Add file contents to the index\n   mv        Move or rename a file, a directory, or a symlink\n   restore   Restore working tree files\n   rm        Remove files from the working tree and from the index\n\nexamine the history and state (see also: git help revisions)\n   bisect    Use binary search to find the commit that introduced a bug\n   diff      Show changes between commits, commit and working tree, etc\n   grep      Print lines matching a pattern\n   log       Show commit logs\n   show      Show various types of objects\n   status    Show the working tree status\n\ngrow, mark and tweak your common history\n   branch    List, create, or delete branches\n   commit    Record changes to the repository\n   merge     Join two or more development histories together\n   rebase    Reapply commits on top of another base tip\n   reset     Reset current HEAD to the specified state\n   switch    Switch branches\n   tag       Create, list, delete or verify a tag object signed with GPG\n\ncollaborate (see also: git help workflows)\n   fetch     Download objects and refs from another repository\n   pull      Fetch from and integrate with another repository or a local branch\n   push      Update remote refs along with associated objects\n\n'git help -a' and 'git help -g' list available subcommands and some\nconcept guides. See 'git help <command>' or 'git help <concept>'\nto read about a specific subcommand or concept.\nSee 'git help git' for an overview of the system.\n""
[0m18:05:06.335263 [debug] [MainThread]: STDERR: "b''"
[0m18:05:06.336345 [info ] [MainThread]:  - git [[32mOK found[0m]

[0m18:05:06.338258 [info ] [MainThread]: Connection test skipped since no profile was found
[0m18:05:06.339261 [info ] [MainThread]: [31m1 check failed:[0m
[0m18:05:06.340775 [info ] [MainThread]: Profile loading failed for the following reason:
Runtime Error
  Could not find profile named 'dbt_snowflake'


[0m18:05:06.341783 [debug] [MainThread]: Command `dbt debug` failed at 18:05:06.341783 after 0.51 seconds
[0m18:05:06.341783 [debug] [MainThread]: Sending event: {'category': 'dbt', 'action': 'invocation', 'label': 'end', 'context': [<snowplow_tracker.self_describing_json.SelfDescribingJson object at 0x0000015BDDBD4290>, <snowplow_tracker.self_describing_json.SelfDescribingJson object at 0x0000015BDC4B2CF0>, <snowplow_tracker.self_describing_json.SelfDescribingJson object at 0x0000015BDC4B3D70>]}
[0m18:05:06.342869 [debug] [MainThread]: Flushing usage events
[0m18:05:07.297170 [debug] [MainThread]: An error was encountered while trying to flush usage events
[0m18:22:56.392859 [debug] [MainThread]: Sending event: {'category': 'dbt', 'action': 'invocation', 'label': 'start', 'context': [<snowplow_tracker.self_describing_json.SelfDescribingJson object at 0x000001F634F047A0>, <snowplow_tracker.self_describing_json.SelfDescribingJson object at 0x000001F6354914F0>, <snowplow_tracker.self_describing_json.SelfDescribingJson object at 0x000001F635490CB0>]}


============================== 18:22:56.400818 | d6a18770-448d-423c-b782-b0468430f3e2 ==============================
[0m18:22:56.400818 [info ] [MainThread]: Running with dbt=1.10.10
[0m18:22:56.401817 [debug] [MainThread]: running dbt with arguments {'partial_parse': 'True', 'profiles_dir': 'C:\\Users\\eriku\\.dbt', 'send_anonymous_usage_stats': 'True', 'use_colors': 'True', 'cache_selected_only': 'False', 'target_path': 'None', 'warn_error': 'None', 'invocation_command': 'dbt deps', 'log_format': 'default', 'version_check': 'True', 'introspect': 'True', 'debug': 'False', 'printer_width': '80', 'fail_fast': 'False', 'no_print': 'None', 'empty': 'None', 'use_experimental_parser': 'False', 'log_cache_events': 'False', 'quiet': 'False', 'log_path': 'C:\\Users\\eriku\\Desktop\\DataenginerSTI2024-2026\\Github\\data_warehouse_lifecycle_de24\\10\\dbt_code\\logs', 'indirect_selection': 'eager', 'write_json': 'True', 'static_parser': 'True', 'warn_error_options': 'WarnErrorOptionsV2(error=[], warn=[], silence=[])'}
[0m18:22:56.583126 [debug] [MainThread]: Sending event: {'category': 'dbt', 'action': 'project_id', 'label': 'd6a18770-448d-423c-b782-b0468430f3e2', 'context': [<snowplow_tracker.self_describing_json.SelfDescribingJson object at 0x000001F634EE0FE0>]}
[0m18:22:56.647031 [debug] [MainThread]: Set downloads directory='C:\Users\eriku\AppData\Local\Temp\dbt-downloads-4zhx0leg'
[0m18:22:56.647031 [debug] [MainThread]: Making package index registry request: GET https://hub.getdbt.com/api/v1/index.json
[0m18:22:57.022822 [debug] [MainThread]: Response from registry index: GET https://hub.getdbt.com/api/v1/index.json 200
[0m18:22:57.024823 [debug] [MainThread]: Making package registry request: GET https://hub.getdbt.com/api/v1/dbt-labs/dbt_utils.json
[0m18:22:57.374213 [debug] [MainThread]: Response from registry: GET https://hub.getdbt.com/api/v1/dbt-labs/dbt_utils.json 200
[0m18:22:57.379214 [info ] [MainThread]: Installing dbt-labs/dbt_utils
[0m18:22:58.318786 [info ] [MainThread]: Installed from version 1.2.0
[0m18:22:58.319786 [info ] [MainThread]: Updated version available: 1.3.0
[0m18:22:58.319786 [debug] [MainThread]: Sending event: {'category': 'dbt', 'action': 'package', 'label': 'd6a18770-448d-423c-b782-b0468430f3e2', 'property_': 'install', 'context': [<snowplow_tracker.self_describing_json.SelfDescribingJson object at 0x000001F635972AE0>, <snowplow_tracker.self_describing_json.SelfDescribingJson object at 0x000001F6370FF530>]}
[0m18:22:58.320785 [info ] [MainThread]: 
[0m18:22:58.320785 [info ] [MainThread]: Updates available for packages: ['dbt-labs/dbt_utils']                 
Update your versions in packages.yml, then run dbt deps
[0m18:22:58.322785 [debug] [MainThread]: Command `dbt deps` succeeded at 18:22:58.322785 after 2.13 seconds
[0m18:22:58.322785 [debug] [MainThread]: Sending event: {'category': 'dbt', 'action': 'invocation', 'label': 'end', 'context': [<snowplow_tracker.self_describing_json.SelfDescribingJson object at 0x000001F634F204A0>, <snowplow_tracker.self_describing_json.SelfDescribingJson object at 0x000001F635624D70>, <snowplow_tracker.self_describing_json.SelfDescribingJson object at 0x000001F635624D10>]}
[0m18:22:58.323786 [debug] [MainThread]: Flushing usage events
[0m18:22:59.819217 [debug] [MainThread]: An error was encountered while trying to flush usage events
[0m18:26:37.446279 [debug] [MainThread]: Sending event: {'category': 'dbt', 'action': 'invocation', 'label': 'start', 'context': [<snowplow_tracker.self_describing_json.SelfDescribingJson object at 0x000001FF96191BE0>, <snowplow_tracker.self_describing_json.SelfDescribingJson object at 0x000001FF9400DE50>, <snowplow_tracker.self_describing_json.SelfDescribingJson object at 0x000001FF966589B0>]}


============================== 18:26:37.446279 | c2887625-e560-479c-a82c-676b26519f19 ==============================
[0m18:26:37.446279 [info ] [MainThread]: Running with dbt=1.10.10
[0m18:26:37.446279 [debug] [MainThread]: running dbt with arguments {'partial_parse': 'True', 'write_json': 'True', 'send_anonymous_usage_stats': 'True', 'use_colors': 'True', 'cache_selected_only': 'False', 'target_path': 'None', 'warn_error': 'None', 'invocation_command': 'dbt debug', 'log_format': 'default', 'version_check': 'True', 'introspect': 'True', 'debug': 'False', 'log_cache_events': 'False', 'fail_fast': 'False', 'no_print': 'None', 'empty': 'None', 'use_experimental_parser': 'False', 'printer_width': '80', 'quiet': 'False', 'log_path': 'C:\\Users\\eriku\\Desktop\\DataenginerSTI2024-2026\\Github\\data_warehouse_lifecycle_de24\\10\\dbt_code\\logs', 'indirect_selection': 'eager', 'profiles_dir': 'C:\\Users\\eriku\\.dbt', 'static_parser': 'True', 'warn_error_options': 'WarnErrorOptionsV2(error=[], warn=[], silence=[])'}
[0m18:26:37.484019 [info ] [MainThread]: dbt version: 1.10.10
[0m18:26:37.484535 [info ] [MainThread]: python version: 3.12.6
[0m18:26:37.485582 [info ] [MainThread]: python path: C:\Users\eriku\Desktop\DataenginerSTI2024-2026\Github\data_warehouse_lifecycle_de24\venv\Scripts\python.exe
[0m18:26:37.486145 [info ] [MainThread]: os info: Windows-11-10.0.26100-SP0
[0m18:26:37.490465 [info ] [MainThread]: Using profiles dir at C:\Users\eriku\.dbt
[0m18:26:37.491028 [info ] [MainThread]: Using profiles.yml file at C:\Users\eriku\.dbt\profiles.yml
[0m18:26:37.491590 [info ] [MainThread]: Using dbt_project.yml file at C:\Users\eriku\Desktop\DataenginerSTI2024-2026\Github\data_warehouse_lifecycle_de24\10\dbt_code\dbt_project.yml
[0m18:26:37.629851 [info ] [MainThread]: Configuration:
[0m18:26:37.633644 [info ] [MainThread]:   profiles.yml file [[31mERROR invalid[0m]
[0m18:26:37.634291 [info ] [MainThread]:   dbt_project.yml file [[32mOK found and valid[0m]
[0m18:26:37.634291 [info ] [MainThread]: Required dependencies:
[0m18:26:37.634291 [debug] [MainThread]: Executing "git --help"
[0m18:26:37.656584 [debug] [MainThread]: STDOUT: "b"usage: git [-v | --version] [-h | --help] [-C <path>] [-c <name>=<value>]\n           [--exec-path[=<path>]] [--html-path] [--man-path] [--info-path]\n           [-p | --paginate | -P | --no-pager] [--no-replace-objects] [--no-lazy-fetch]\n           [--no-optional-locks] [--no-advice] [--bare] [--git-dir=<path>]\n           [--work-tree=<path>] [--namespace=<name>] [--config-env=<name>=<envvar>]\n           <command> [<args>]\n\nThese are common Git commands used in various situations:\n\nstart a working area (see also: git help tutorial)\n   clone     Clone a repository into a new directory\n   init      Create an empty Git repository or reinitialize an existing one\n\nwork on the current change (see also: git help everyday)\n   add       Add file contents to the index\n   mv        Move or rename a file, a directory, or a symlink\n   restore   Restore working tree files\n   rm        Remove files from the working tree and from the index\n\nexamine the history and state (see also: git help revisions)\n   bisect    Use binary search to find the commit that introduced a bug\n   diff      Show changes between commits, commit and working tree, etc\n   grep      Print lines matching a pattern\n   log       Show commit logs\n   show      Show various types of objects\n   status    Show the working tree status\n\ngrow, mark and tweak your common history\n   branch    List, create, or delete branches\n   commit    Record changes to the repository\n   merge     Join two or more development histories together\n   rebase    Reapply commits on top of another base tip\n   reset     Reset current HEAD to the specified state\n   switch    Switch branches\n   tag       Create, list, delete or verify a tag object signed with GPG\n\ncollaborate (see also: git help workflows)\n   fetch     Download objects and refs from another repository\n   pull      Fetch from and integrate with another repository or a local branch\n   push      Update remote refs along with associated objects\n\n'git help -a' and 'git help -g' list available subcommands and some\nconcept guides. See 'git help <command>' or 'git help <concept>'\nto read about a specific subcommand or concept.\nSee 'git help git' for an overview of the system.\n""
[0m18:26:37.657629 [debug] [MainThread]: STDERR: "b''"
[0m18:26:37.657629 [info ] [MainThread]:  - git [[32mOK found[0m]

[0m18:26:37.658557 [info ] [MainThread]: Connection test skipped since no profile was found
[0m18:26:37.658557 [info ] [MainThread]: [31m1 check failed:[0m
[0m18:26:37.659554 [info ] [MainThread]: Profile loading failed for the following reason:
Runtime Error
  Could not find profile named 'dbt_snowflake'


[0m18:26:37.660555 [debug] [MainThread]: Command `dbt debug` failed at 18:26:37.660555 after 0.46 seconds
[0m18:26:37.660555 [debug] [MainThread]: Sending event: {'category': 'dbt', 'action': 'invocation', 'label': 'end', 'context': [<snowplow_tracker.self_describing_json.SelfDescribingJson object at 0x000001FF96C5ABA0>, <snowplow_tracker.self_describing_json.SelfDescribingJson object at 0x000001FF96D52CF0>, <snowplow_tracker.self_describing_json.SelfDescribingJson object at 0x000001FF93F312B0>]}
[0m18:26:37.661645 [debug] [MainThread]: Flushing usage events
[0m18:26:38.495870 [debug] [MainThread]: An error was encountered while trying to flush usage events
[0m12:42:48.545613 [debug] [MainThread]: Sending event: {'category': 'dbt', 'action': 'invocation', 'label': 'start', 'context': [<snowplow_tracker.self_describing_json.SelfDescribingJson object at 0x000001AAF4CE8860>, <snowplow_tracker.self_describing_json.SelfDescribingJson object at 0x000001AAF6DA14F0>, <snowplow_tracker.self_describing_json.SelfDescribingJson object at 0x000001AAF6DA2360>]}


============================== 12:42:48.552138 | 7161ffde-3850-48d4-9131-6efae882f20e ==============================
[0m12:42:48.552138 [info ] [MainThread]: Running with dbt=1.10.10
[0m12:42:48.553136 [debug] [MainThread]: running dbt with arguments {'partial_parse': 'True', 'warn_error_options': 'WarnErrorOptionsV2(error=[], warn=[], silence=[])', 'send_anonymous_usage_stats': 'True', 'use_colors': 'True', 'cache_selected_only': 'False', 'target_path': 'None', 'warn_error': 'None', 'invocation_command': 'dbt debug', 'log_format': 'default', 'version_check': 'True', 'introspect': 'True', 'debug': 'False', 'log_cache_events': 'False', 'fail_fast': 'False', 'no_print': 'None', 'quiet': 'False', 'empty': 'None', 'use_experimental_parser': 'False', 'printer_width': '80', 'log_path': 'C:\\Users\\eriku\\Desktop\\DataenginerSTI2024-2026\\Github\\data_warehouse_lifecycle_de24\\10\\dbt_code\\logs', 'indirect_selection': 'eager', 'profiles_dir': 'C:\\Users\\eriku\\.dbt', 'static_parser': 'True', 'write_json': 'True'}
[0m12:42:48.592823 [info ] [MainThread]: dbt version: 1.10.10
[0m12:42:48.593252 [info ] [MainThread]: python version: 3.12.6
[0m12:42:48.594259 [info ] [MainThread]: python path: C:\Users\eriku\Desktop\DataenginerSTI2024-2026\Github\data_warehouse_lifecycle_de24\venv\Scripts\python.exe
[0m12:42:48.594259 [info ] [MainThread]: os info: Windows-11-10.0.26100-SP0
[0m12:42:48.598258 [info ] [MainThread]: Using profiles dir at C:\Users\eriku\.dbt
[0m12:42:48.598258 [info ] [MainThread]: Using profiles.yml file at C:\Users\eriku\.dbt\profiles.yml
[0m12:42:48.599260 [info ] [MainThread]: Using dbt_project.yml file at C:\Users\eriku\Desktop\DataenginerSTI2024-2026\Github\data_warehouse_lifecycle_de24\10\dbt_code\dbt_project.yml
[0m12:42:48.733380 [info ] [MainThread]: Configuration:
[0m12:42:48.734308 [info ] [MainThread]:   profiles.yml file [[31mERROR invalid[0m]
[0m12:42:48.735271 [info ] [MainThread]:   dbt_project.yml file [[32mOK found and valid[0m]
[0m12:42:48.735271 [info ] [MainThread]: Required dependencies:
[0m12:42:48.736282 [debug] [MainThread]: Executing "git --help"
[0m12:42:48.762233 [debug] [MainThread]: STDOUT: "b"usage: git [-v | --version] [-h | --help] [-C <path>] [-c <name>=<value>]\n           [--exec-path[=<path>]] [--html-path] [--man-path] [--info-path]\n           [-p | --paginate | -P | --no-pager] [--no-replace-objects] [--no-lazy-fetch]\n           [--no-optional-locks] [--no-advice] [--bare] [--git-dir=<path>]\n           [--work-tree=<path>] [--namespace=<name>] [--config-env=<name>=<envvar>]\n           <command> [<args>]\n\nThese are common Git commands used in various situations:\n\nstart a working area (see also: git help tutorial)\n   clone     Clone a repository into a new directory\n   init      Create an empty Git repository or reinitialize an existing one\n\nwork on the current change (see also: git help everyday)\n   add       Add file contents to the index\n   mv        Move or rename a file, a directory, or a symlink\n   restore   Restore working tree files\n   rm        Remove files from the working tree and from the index\n\nexamine the history and state (see also: git help revisions)\n   bisect    Use binary search to find the commit that introduced a bug\n   diff      Show changes between commits, commit and working tree, etc\n   grep      Print lines matching a pattern\n   log       Show commit logs\n   show      Show various types of objects\n   status    Show the working tree status\n\ngrow, mark and tweak your common history\n   branch    List, create, or delete branches\n   commit    Record changes to the repository\n   merge     Join two or more development histories together\n   rebase    Reapply commits on top of another base tip\n   reset     Reset current HEAD to the specified state\n   switch    Switch branches\n   tag       Create, list, delete or verify a tag object signed with GPG\n\ncollaborate (see also: git help workflows)\n   fetch     Download objects and refs from another repository\n   pull      Fetch from and integrate with another repository or a local branch\n   push      Update remote refs along with associated objects\n\n'git help -a' and 'git help -g' list available subcommands and some\nconcept guides. See 'git help <command>' or 'git help <concept>'\nto read about a specific subcommand or concept.\nSee 'git help git' for an overview of the system.\n""
[0m12:42:48.763233 [debug] [MainThread]: STDERR: "b''"
[0m12:42:48.764233 [info ] [MainThread]:  - git [[32mOK found[0m]

[0m12:42:48.764233 [info ] [MainThread]: Connection test skipped since no profile was found
[0m12:42:48.765233 [info ] [MainThread]: [31m1 check failed:[0m
[0m12:42:48.766229 [info ] [MainThread]: Profile loading failed for the following reason:
Runtime Error
  Could not find profile named 'dbt_snowflake'


[0m12:42:48.767228 [debug] [MainThread]: Command `dbt debug` failed at 12:42:48.767228 after 0.54 seconds
[0m12:42:48.768319 [debug] [MainThread]: Sending event: {'category': 'dbt', 'action': 'invocation', 'label': 'end', 'context': [<snowplow_tracker.self_describing_json.SelfDescribingJson object at 0x000001AAF735A360>, <snowplow_tracker.self_describing_json.SelfDescribingJson object at 0x000001AAF6FE59A0>, <snowplow_tracker.self_describing_json.SelfDescribingJson object at 0x000001AAF72D4A10>]}
[0m12:42:48.768319 [debug] [MainThread]: Flushing usage events
[0m12:42:50.245086 [debug] [MainThread]: An error was encountered while trying to flush usage events
[0m12:53:02.057261 [debug] [MainThread]: Sending event: {'category': 'dbt', 'action': 'invocation', 'label': 'start', 'context': [<snowplow_tracker.self_describing_json.SelfDescribingJson object at 0x00000279678E3CB0>, <snowplow_tracker.self_describing_json.SelfDescribingJson object at 0x00000279649C9A30>, <snowplow_tracker.self_describing_json.SelfDescribingJson object at 0x00000279673ECE30>]}


============================== 12:53:02.064179 | 06d5e980-3013-4760-87c3-da5a63412d70 ==============================
[0m12:53:02.064179 [info ] [MainThread]: Running with dbt=1.10.10
[0m12:53:02.065184 [debug] [MainThread]: running dbt with arguments {'partial_parse': 'True', 'write_json': 'True', 'send_anonymous_usage_stats': 'True', 'warn_error': 'None', 'cache_selected_only': 'False', 'target_path': 'None', 'use_colors': 'True', 'invocation_command': 'dbt debug', 'log_format': 'default', 'version_check': 'True', 'introspect': 'True', 'debug': 'False', 'log_cache_events': 'False', 'fail_fast': 'False', 'no_print': 'None', 'empty': 'None', 'use_experimental_parser': 'False', 'quiet': 'False', 'printer_width': '80', 'indirect_selection': 'eager', 'log_path': 'C:\\Users\\eriku\\Desktop\\DataenginerSTI2024-2026\\Github\\data_warehouse_lifecycle_de24\\10\\dbt_code\\logs', 'profiles_dir': 'C:\\Users\\eriku\\.dbt', 'static_parser': 'True', 'warn_error_options': 'WarnErrorOptionsV2(error=[], warn=[], silence=[])'}
[0m12:53:02.095834 [info ] [MainThread]: dbt version: 1.10.10
[0m12:53:02.095834 [info ] [MainThread]: python version: 3.12.6
[0m12:53:02.096815 [info ] [MainThread]: python path: C:\Users\eriku\Desktop\DataenginerSTI2024-2026\Github\data_warehouse_lifecycle_de24\venv\Scripts\python.exe
[0m12:53:02.096815 [info ] [MainThread]: os info: Windows-11-10.0.26100-SP0
[0m12:53:06.490772 [info ] [MainThread]: Using profiles dir at C:\Users\eriku\.dbt
[0m12:53:06.491706 [info ] [MainThread]: Using profiles.yml file at C:\Users\eriku\.dbt\profiles.yml
[0m12:53:06.492813 [info ] [MainThread]: Using dbt_project.yml file at C:\Users\eriku\Desktop\DataenginerSTI2024-2026\Github\data_warehouse_lifecycle_de24\10\dbt_code\dbt_project.yml
[0m12:53:06.506855 [info ] [MainThread]: adapter type: snowflake
[0m12:53:06.507856 [info ] [MainThread]: adapter version: 1.10.0
[0m12:53:06.641418 [info ] [MainThread]: Configuration:
[0m12:53:06.642114 [info ] [MainThread]:   profiles.yml file [[32mOK found and valid[0m]
[0m12:53:06.642114 [info ] [MainThread]:   dbt_project.yml file [[32mOK found and valid[0m]
[0m12:53:06.643261 [info ] [MainThread]: Required dependencies:
[0m12:53:06.643740 [debug] [MainThread]: Executing "git --help"
[0m12:53:06.671079 [debug] [MainThread]: STDOUT: "b"usage: git [-v | --version] [-h | --help] [-C <path>] [-c <name>=<value>]\n           [--exec-path[=<path>]] [--html-path] [--man-path] [--info-path]\n           [-p | --paginate | -P | --no-pager] [--no-replace-objects] [--no-lazy-fetch]\n           [--no-optional-locks] [--no-advice] [--bare] [--git-dir=<path>]\n           [--work-tree=<path>] [--namespace=<name>] [--config-env=<name>=<envvar>]\n           <command> [<args>]\n\nThese are common Git commands used in various situations:\n\nstart a working area (see also: git help tutorial)\n   clone     Clone a repository into a new directory\n   init      Create an empty Git repository or reinitialize an existing one\n\nwork on the current change (see also: git help everyday)\n   add       Add file contents to the index\n   mv        Move or rename a file, a directory, or a symlink\n   restore   Restore working tree files\n   rm        Remove files from the working tree and from the index\n\nexamine the history and state (see also: git help revisions)\n   bisect    Use binary search to find the commit that introduced a bug\n   diff      Show changes between commits, commit and working tree, etc\n   grep      Print lines matching a pattern\n   log       Show commit logs\n   show      Show various types of objects\n   status    Show the working tree status\n\ngrow, mark and tweak your common history\n   branch    List, create, or delete branches\n   commit    Record changes to the repository\n   merge     Join two or more development histories together\n   rebase    Reapply commits on top of another base tip\n   reset     Reset current HEAD to the specified state\n   switch    Switch branches\n   tag       Create, list, delete or verify a tag object signed with GPG\n\ncollaborate (see also: git help workflows)\n   fetch     Download objects and refs from another repository\n   pull      Fetch from and integrate with another repository or a local branch\n   push      Update remote refs along with associated objects\n\n'git help -a' and 'git help -g' list available subcommands and some\nconcept guides. See 'git help <command>' or 'git help <concept>'\nto read about a specific subcommand or concept.\nSee 'git help git' for an overview of the system.\n""
[0m12:53:06.672144 [debug] [MainThread]: STDERR: "b''"
[0m12:53:06.672144 [info ] [MainThread]:  - git [[32mOK found[0m]

[0m12:53:06.672936 [info ] [MainThread]: Connection:
[0m12:53:06.674017 [info ] [MainThread]:   account: ma68735.west-europe.azure
[0m12:53:06.674017 [info ] [MainThread]:   user: transformer
[0m12:53:06.674943 [info ] [MainThread]:   database: job_ads
[0m12:53:06.675944 [info ] [MainThread]:   warehouse: dev_wh
[0m12:53:06.675944 [info ] [MainThread]:   role: job_ads_dbt_role
[0m12:53:06.676942 [info ] [MainThread]:   schema: warehouse
[0m12:53:06.676942 [info ] [MainThread]:   authenticator: None
[0m12:53:06.677945 [info ] [MainThread]:   oauth_client_id: None
[0m12:53:06.677945 [info ] [MainThread]:   query_tag: None
[0m12:53:06.678942 [info ] [MainThread]:   client_session_keep_alive: False
[0m12:53:06.678942 [info ] [MainThread]:   host: None
[0m12:53:06.679941 [info ] [MainThread]:   port: None
[0m12:53:06.679941 [info ] [MainThread]:   proxy_host: None
[0m12:53:06.680941 [info ] [MainThread]:   proxy_port: None
[0m12:53:06.680941 [info ] [MainThread]:   protocol: None
[0m12:53:06.681941 [info ] [MainThread]:   connect_retries: 1
[0m12:53:06.681941 [info ] [MainThread]:   connect_timeout: None
[0m12:53:06.681941 [info ] [MainThread]:   retry_on_database_errors: False
[0m12:53:06.682941 [info ] [MainThread]:   retry_all: False
[0m12:53:06.682941 [info ] [MainThread]:   insecure_mode: False
[0m12:53:06.683947 [info ] [MainThread]:   reuse_connections: True
[0m12:53:06.684942 [info ] [MainThread]:   s3_stage_vpce_dns_name: None
[0m12:53:06.685942 [info ] [MainThread]: Registered adapter: snowflake=1.10.0
[0m12:53:07.325858 [debug] [MainThread]: Acquiring new snowflake connection 'debug'
[0m12:53:10.568134 [debug] [MainThread]: Using snowflake connection "debug"
[0m12:53:10.568134 [debug] [MainThread]: On debug: select 1 as id
[0m12:53:10.569153 [debug] [MainThread]: Opening a new connection, currently in state init
[0m12:53:14.324378 [debug] [MainThread]: Snowflake adapter: Error running SQL: select 1 as id
[0m12:53:14.325378 [debug] [MainThread]: Snowflake adapter: Rolling back transaction.
[0m12:53:14.325378 [info ] [MainThread]:   Connection test: [[31mERROR[0m]

[0m12:53:14.326468 [info ] [MainThread]: [31m1 check failed:[0m
[0m12:53:14.327426 [info ] [MainThread]: dbt was unable to connect to the specified database.
The database returned the following error:

  >Database Error
  250001 (08001): Failed to connect to DB: ma68735.west-europe.azure.snowflakecomputing.com:443. Incorrect username or password was specified.

Check your database credentials and try again. For more information, visit:
https://docs.getdbt.com/docs/configure-your-profile


[0m12:53:14.328422 [debug] [MainThread]: Command `dbt debug` failed at 12:53:14.328422 after 12.54 seconds
[0m12:53:14.329465 [debug] [MainThread]: Connection 'debug' was left open.
[0m12:53:14.329465 [debug] [MainThread]: On debug: No close available on handle
[0m12:53:14.329465 [debug] [MainThread]: Sending event: {'category': 'dbt', 'action': 'invocation', 'label': 'end', 'context': [<snowplow_tracker.self_describing_json.SelfDescribingJson object at 0x00000279677F2F00>, <snowplow_tracker.self_describing_json.SelfDescribingJson object at 0x0000027979846CF0>, <snowplow_tracker.self_describing_json.SelfDescribingJson object at 0x00000279798DF9B0>]}
[0m12:53:14.330479 [debug] [MainThread]: Flushing usage events
[0m12:53:15.329013 [debug] [MainThread]: An error was encountered while trying to flush usage events
[0m12:53:59.115068 [debug] [MainThread]: Sending event: {'category': 'dbt', 'action': 'invocation', 'label': 'start', 'context': [<snowplow_tracker.self_describing_json.SelfDescribingJson object at 0x00000144EE742330>, <snowplow_tracker.self_describing_json.SelfDescribingJson object at 0x00000144EE178A70>, <snowplow_tracker.self_describing_json.SelfDescribingJson object at 0x00000144EE1788C0>]}


============================== 12:53:59.120070 | 7c1dd6db-37c5-4a96-adaf-6183b4b26131 ==============================
[0m12:53:59.120070 [info ] [MainThread]: Running with dbt=1.10.10
[0m12:53:59.121070 [debug] [MainThread]: running dbt with arguments {'partial_parse': 'True', 'static_parser': 'True', 'send_anonymous_usage_stats': 'True', 'version_check': 'True', 'cache_selected_only': 'False', 'target_path': 'None', 'warn_error': 'None', 'invocation_command': 'dbt debug', 'log_format': 'default', 'use_colors': 'True', 'introspect': 'True', 'debug': 'False', 'log_cache_events': 'False', 'fail_fast': 'False', 'no_print': 'None', 'quiet': 'False', 'printer_width': '80', 'use_experimental_parser': 'False', 'empty': 'None', 'log_path': 'C:\\Users\\eriku\\Desktop\\DataenginerSTI2024-2026\\Github\\data_warehouse_lifecycle_de24\\10\\dbt_code\\logs', 'indirect_selection': 'eager', 'write_json': 'True', 'warn_error_options': 'WarnErrorOptionsV2(error=[], warn=[], silence=[])', 'profiles_dir': 'C:\\Users\\eriku\\.dbt'}
[0m12:53:59.140237 [info ] [MainThread]: dbt version: 1.10.10
[0m12:53:59.141236 [info ] [MainThread]: python version: 3.12.6
[0m12:53:59.142243 [info ] [MainThread]: python path: C:\Users\eriku\Desktop\DataenginerSTI2024-2026\Github\data_warehouse_lifecycle_de24\venv\Scripts\python.exe
[0m12:53:59.142243 [info ] [MainThread]: os info: Windows-11-10.0.26100-SP0
[0m12:54:00.062779 [info ] [MainThread]: Using profiles dir at C:\Users\eriku\.dbt
[0m12:54:00.064709 [info ] [MainThread]: Using profiles.yml file at C:\Users\eriku\.dbt\profiles.yml
[0m12:54:00.065204 [info ] [MainThread]: Using dbt_project.yml file at C:\Users\eriku\Desktop\DataenginerSTI2024-2026\Github\data_warehouse_lifecycle_de24\10\dbt_code\dbt_project.yml
[0m12:54:00.066794 [info ] [MainThread]: adapter type: snowflake
[0m12:54:00.066794 [info ] [MainThread]: adapter version: 1.10.0
[0m12:54:00.192897 [info ] [MainThread]: Configuration:
[0m12:54:00.193885 [info ] [MainThread]:   profiles.yml file [[32mOK found and valid[0m]
[0m12:54:00.194818 [info ] [MainThread]:   dbt_project.yml file [[32mOK found and valid[0m]
[0m12:54:00.195549 [info ] [MainThread]: Required dependencies:
[0m12:54:00.195549 [debug] [MainThread]: Executing "git --help"
[0m12:54:00.220344 [debug] [MainThread]: STDOUT: "b"usage: git [-v | --version] [-h | --help] [-C <path>] [-c <name>=<value>]\n           [--exec-path[=<path>]] [--html-path] [--man-path] [--info-path]\n           [-p | --paginate | -P | --no-pager] [--no-replace-objects] [--no-lazy-fetch]\n           [--no-optional-locks] [--no-advice] [--bare] [--git-dir=<path>]\n           [--work-tree=<path>] [--namespace=<name>] [--config-env=<name>=<envvar>]\n           <command> [<args>]\n\nThese are common Git commands used in various situations:\n\nstart a working area (see also: git help tutorial)\n   clone     Clone a repository into a new directory\n   init      Create an empty Git repository or reinitialize an existing one\n\nwork on the current change (see also: git help everyday)\n   add       Add file contents to the index\n   mv        Move or rename a file, a directory, or a symlink\n   restore   Restore working tree files\n   rm        Remove files from the working tree and from the index\n\nexamine the history and state (see also: git help revisions)\n   bisect    Use binary search to find the commit that introduced a bug\n   diff      Show changes between commits, commit and working tree, etc\n   grep      Print lines matching a pattern\n   log       Show commit logs\n   show      Show various types of objects\n   status    Show the working tree status\n\ngrow, mark and tweak your common history\n   branch    List, create, or delete branches\n   commit    Record changes to the repository\n   merge     Join two or more development histories together\n   rebase    Reapply commits on top of another base tip\n   reset     Reset current HEAD to the specified state\n   switch    Switch branches\n   tag       Create, list, delete or verify a tag object signed with GPG\n\ncollaborate (see also: git help workflows)\n   fetch     Download objects and refs from another repository\n   pull      Fetch from and integrate with another repository or a local branch\n   push      Update remote refs along with associated objects\n\n'git help -a' and 'git help -g' list available subcommands and some\nconcept guides. See 'git help <command>' or 'git help <concept>'\nto read about a specific subcommand or concept.\nSee 'git help git' for an overview of the system.\n""
[0m12:54:00.221341 [debug] [MainThread]: STDERR: "b''"
[0m12:54:00.223372 [info ] [MainThread]:  - git [[32mOK found[0m]

[0m12:54:00.223372 [info ] [MainThread]: Connection:
[0m12:54:00.224342 [info ] [MainThread]:   account: ma68735.west-europe.azure
[0m12:54:00.225361 [info ] [MainThread]:   user: transformer
[0m12:54:00.226343 [info ] [MainThread]:   database: job_ads
[0m12:54:00.227342 [info ] [MainThread]:   warehouse: dev_wh
[0m12:54:00.227957 [info ] [MainThread]:   role: job_ads_dbt_role
[0m12:54:00.227957 [info ] [MainThread]:   schema: warehouse
[0m12:54:00.228971 [info ] [MainThread]:   authenticator: None
[0m12:54:00.228971 [info ] [MainThread]:   oauth_client_id: None
[0m12:54:00.229964 [info ] [MainThread]:   query_tag: None
[0m12:54:00.229964 [info ] [MainThread]:   client_session_keep_alive: False
[0m12:54:00.231415 [info ] [MainThread]:   host: None
[0m12:54:00.232424 [info ] [MainThread]:   port: None
[0m12:54:00.232424 [info ] [MainThread]:   proxy_host: None
[0m12:54:00.233423 [info ] [MainThread]:   proxy_port: None
[0m12:54:00.234746 [info ] [MainThread]:   protocol: None
[0m12:54:00.234746 [info ] [MainThread]:   connect_retries: 1
[0m12:54:00.235754 [info ] [MainThread]:   connect_timeout: None
[0m12:54:00.236755 [info ] [MainThread]:   retry_on_database_errors: False
[0m12:54:00.236755 [info ] [MainThread]:   retry_all: False
[0m12:54:00.238757 [info ] [MainThread]:   insecure_mode: False
[0m12:54:00.261094 [info ] [MainThread]:   reuse_connections: True
[0m12:54:00.262104 [info ] [MainThread]:   s3_stage_vpce_dns_name: None
[0m12:54:00.263102 [info ] [MainThread]: Registered adapter: snowflake=1.10.0
[0m12:54:00.519349 [debug] [MainThread]: Acquiring new snowflake connection 'debug'
[0m12:54:00.566703 [debug] [MainThread]: Using snowflake connection "debug"
[0m12:54:00.566703 [debug] [MainThread]: On debug: select 1 as id
[0m12:54:00.567694 [debug] [MainThread]: Opening a new connection, currently in state init
[0m12:54:03.152907 [debug] [MainThread]: Snowflake adapter: Error running SQL: select 1 as id
[0m12:54:03.153904 [debug] [MainThread]: Snowflake adapter: Rolling back transaction.
[0m12:54:03.154895 [info ] [MainThread]:   Connection test: [[31mERROR[0m]

[0m12:54:03.155357 [info ] [MainThread]: [31m1 check failed:[0m
[0m12:54:03.156361 [info ] [MainThread]: dbt was unable to connect to the specified database.
The database returned the following error:

  >Database Error
  250001 (08001): Failed to connect to DB: ma68735.west-europe.azure.snowflakecomputing.com:443. Incorrect username or password was specified.

Check your database credentials and try again. For more information, visit:
https://docs.getdbt.com/docs/configure-your-profile


[0m12:54:03.158364 [debug] [MainThread]: Command `dbt debug` failed at 12:54:03.158364 after 4.18 seconds
[0m12:54:03.159431 [debug] [MainThread]: Connection 'debug' was left open.
[0m12:54:03.159431 [debug] [MainThread]: On debug: No close available on handle
[0m12:54:03.160438 [debug] [MainThread]: Sending event: {'category': 'dbt', 'action': 'invocation', 'label': 'end', 'context': [<snowplow_tracker.self_describing_json.SelfDescribingJson object at 0x00000144FE946CF0>, <snowplow_tracker.self_describing_json.SelfDescribingJson object at 0x00000144EEC2AB40>, <snowplow_tracker.self_describing_json.SelfDescribingJson object at 0x00000144EEC29F70>]}
[0m12:54:03.160438 [debug] [MainThread]: Flushing usage events
[0m12:54:04.070894 [debug] [MainThread]: An error was encountered while trying to flush usage events
[0m13:02:17.538450 [debug] [MainThread]: Sending event: {'category': 'dbt', 'action': 'invocation', 'label': 'start', 'context': [<snowplow_tracker.self_describing_json.SelfDescribingJson object at 0x00000297846C9BE0>, <snowplow_tracker.self_describing_json.SelfDescribingJson object at 0x00000297872E3BF0>, <snowplow_tracker.self_describing_json.SelfDescribingJson object at 0x00000297872E2DB0>]}


============================== 13:02:17.544448 | dfdc679e-d711-4eae-99ef-4a637297ee24 ==============================
[0m13:02:17.544448 [info ] [MainThread]: Running with dbt=1.10.10
[0m13:02:17.545439 [debug] [MainThread]: running dbt with arguments {'partial_parse': 'True', 'profiles_dir': 'C:\\Users\\eriku\\.dbt', 'send_anonymous_usage_stats': 'True', 'use_colors': 'True', 'cache_selected_only': 'False', 'target_path': 'None', 'warn_error': 'None', 'invocation_command': 'dbt debug', 'log_format': 'default', 'version_check': 'True', 'introspect': 'True', 'debug': 'False', 'log_cache_events': 'False', 'fail_fast': 'False', 'no_print': 'None', 'empty': 'None', 'use_experimental_parser': 'False', 'printer_width': '80', 'quiet': 'False', 'indirect_selection': 'eager', 'log_path': 'C:\\Users\\eriku\\Desktop\\DataenginerSTI2024-2026\\Github\\data_warehouse_lifecycle_de24\\10\\dbt_code\\logs', 'write_json': 'True', 'static_parser': 'True', 'warn_error_options': 'WarnErrorOptionsV2(error=[], warn=[], silence=[])'}
[0m13:02:17.582859 [info ] [MainThread]: dbt version: 1.10.10
[0m13:02:17.582859 [info ] [MainThread]: python version: 3.12.6
[0m13:02:17.583858 [info ] [MainThread]: python path: C:\Users\eriku\Desktop\DataenginerSTI2024-2026\Github\data_warehouse_lifecycle_de24\venv\Scripts\python.exe
[0m13:02:17.584859 [info ] [MainThread]: os info: Windows-11-10.0.26100-SP0
[0m13:02:19.155879 [info ] [MainThread]: Using profiles dir at C:\Users\eriku\.dbt
[0m13:02:19.156860 [info ] [MainThread]: Using profiles.yml file at C:\Users\eriku\.dbt\profiles.yml
[0m13:02:19.157862 [info ] [MainThread]: Using dbt_project.yml file at C:\Users\eriku\Desktop\DataenginerSTI2024-2026\Github\data_warehouse_lifecycle_de24\10\dbt_code\dbt_project.yml
[0m13:02:19.159867 [info ] [MainThread]: adapter type: snowflake
[0m13:02:19.160865 [info ] [MainThread]: adapter version: 1.10.0
[0m13:02:19.330860 [info ] [MainThread]: Configuration:
[0m13:02:19.330860 [info ] [MainThread]:   profiles.yml file [[32mOK found and valid[0m]
[0m13:02:19.332860 [info ] [MainThread]:   dbt_project.yml file [[32mOK found and valid[0m]
[0m13:02:19.332860 [info ] [MainThread]: Required dependencies:
[0m13:02:19.333859 [debug] [MainThread]: Executing "git --help"
[0m13:02:19.358989 [debug] [MainThread]: STDOUT: "b"usage: git [-v | --version] [-h | --help] [-C <path>] [-c <name>=<value>]\n           [--exec-path[=<path>]] [--html-path] [--man-path] [--info-path]\n           [-p | --paginate | -P | --no-pager] [--no-replace-objects] [--no-lazy-fetch]\n           [--no-optional-locks] [--no-advice] [--bare] [--git-dir=<path>]\n           [--work-tree=<path>] [--namespace=<name>] [--config-env=<name>=<envvar>]\n           <command> [<args>]\n\nThese are common Git commands used in various situations:\n\nstart a working area (see also: git help tutorial)\n   clone     Clone a repository into a new directory\n   init      Create an empty Git repository or reinitialize an existing one\n\nwork on the current change (see also: git help everyday)\n   add       Add file contents to the index\n   mv        Move or rename a file, a directory, or a symlink\n   restore   Restore working tree files\n   rm        Remove files from the working tree and from the index\n\nexamine the history and state (see also: git help revisions)\n   bisect    Use binary search to find the commit that introduced a bug\n   diff      Show changes between commits, commit and working tree, etc\n   grep      Print lines matching a pattern\n   log       Show commit logs\n   show      Show various types of objects\n   status    Show the working tree status\n\ngrow, mark and tweak your common history\n   branch    List, create, or delete branches\n   commit    Record changes to the repository\n   merge     Join two or more development histories together\n   rebase    Reapply commits on top of another base tip\n   reset     Reset current HEAD to the specified state\n   switch    Switch branches\n   tag       Create, list, delete or verify a tag object signed with GPG\n\ncollaborate (see also: git help workflows)\n   fetch     Download objects and refs from another repository\n   pull      Fetch from and integrate with another repository or a local branch\n   push      Update remote refs along with associated objects\n\n'git help -a' and 'git help -g' list available subcommands and some\nconcept guides. See 'git help <command>' or 'git help <concept>'\nto read about a specific subcommand or concept.\nSee 'git help git' for an overview of the system.\n""
[0m13:02:19.359986 [debug] [MainThread]: STDERR: "b''"
[0m13:02:19.359986 [info ] [MainThread]:  - git [[32mOK found[0m]

[0m13:02:19.360989 [info ] [MainThread]: Connection:
[0m13:02:19.360989 [info ] [MainThread]:   account: ma68735.west-europe.azure
[0m13:02:19.361987 [info ] [MainThread]:   user: transformer
[0m13:02:19.362989 [info ] [MainThread]:   database: job_ads
[0m13:02:19.362989 [info ] [MainThread]:   warehouse: dev_wh
[0m13:02:19.363990 [info ] [MainThread]:   role: job_ads_dbt_role
[0m13:02:19.363990 [info ] [MainThread]:   schema: warehouse
[0m13:02:19.364985 [info ] [MainThread]:   authenticator: None
[0m13:02:19.364985 [info ] [MainThread]:   oauth_client_id: None
[0m13:02:19.365987 [info ] [MainThread]:   query_tag: None
[0m13:02:19.365987 [info ] [MainThread]:   client_session_keep_alive: False
[0m13:02:19.366995 [info ] [MainThread]:   host: None
[0m13:02:19.366995 [info ] [MainThread]:   port: None
[0m13:02:19.367994 [info ] [MainThread]:   proxy_host: None
[0m13:02:19.367994 [info ] [MainThread]:   proxy_port: None
[0m13:02:19.368994 [info ] [MainThread]:   protocol: None
[0m13:02:19.369991 [info ] [MainThread]:   connect_retries: 1
[0m13:02:19.371040 [info ] [MainThread]:   connect_timeout: None
[0m13:02:19.371987 [info ] [MainThread]:   retry_on_database_errors: False
[0m13:02:19.372986 [info ] [MainThread]:   retry_all: False
[0m13:02:19.372986 [info ] [MainThread]:   insecure_mode: False
[0m13:02:19.373992 [info ] [MainThread]:   reuse_connections: True
[0m13:02:19.373992 [info ] [MainThread]:   s3_stage_vpce_dns_name: None
[0m13:02:19.373992 [info ] [MainThread]: Registered adapter: snowflake=1.10.0
[0m13:02:20.071683 [debug] [MainThread]: Acquiring new snowflake connection 'debug'
[0m13:02:20.128582 [debug] [MainThread]: Using snowflake connection "debug"
[0m13:02:20.129582 [debug] [MainThread]: On debug: select 1 as id
[0m13:02:20.129582 [debug] [MainThread]: Opening a new connection, currently in state init
[0m13:02:22.867695 [debug] [MainThread]: Snowflake adapter: Error running SQL: select 1 as id
[0m13:02:22.867695 [debug] [MainThread]: Snowflake adapter: Rolling back transaction.
[0m13:02:22.868697 [info ] [MainThread]:   Connection test: [[31mERROR[0m]

[0m13:02:22.869691 [info ] [MainThread]: [31m1 check failed:[0m
[0m13:02:22.869691 [info ] [MainThread]: dbt was unable to connect to the specified database.
The database returned the following error:

  >Database Error
  250001 (08001): Failed to connect to DB: ma68735.west-europe.azure.snowflakecomputing.com:443. Incorrect username or password was specified.

Check your database credentials and try again. For more information, visit:
https://docs.getdbt.com/docs/configure-your-profile


[0m13:02:22.871695 [debug] [MainThread]: Command `dbt debug` failed at 13:02:22.870688 after 5.70 seconds
[0m13:02:22.871695 [debug] [MainThread]: Connection 'debug' was left open.
[0m13:02:22.871695 [debug] [MainThread]: On debug: No close available on handle
[0m13:02:22.872694 [debug] [MainThread]: Sending event: {'category': 'dbt', 'action': 'invocation', 'label': 'end', 'context': [<snowplow_tracker.self_describing_json.SelfDescribingJson object at 0x000002978767AC30>, <snowplow_tracker.self_describing_json.SelfDescribingJson object at 0x0000029799370320>, <snowplow_tracker.self_describing_json.SelfDescribingJson object at 0x0000029786E1DBB0>]}
[0m13:02:22.872694 [debug] [MainThread]: Flushing usage events
[0m13:02:23.785895 [debug] [MainThread]: An error was encountered while trying to flush usage events
[0m13:17:02.384974 [debug] [MainThread]: Sending event: {'category': 'dbt', 'action': 'invocation', 'label': 'start', 'context': [<snowplow_tracker.self_describing_json.SelfDescribingJson object at 0x000001FCB9865D60>, <snowplow_tracker.self_describing_json.SelfDescribingJson object at 0x000001FCBC482450>, <snowplow_tracker.self_describing_json.SelfDescribingJson object at 0x000001FCBC481B20>]}


============================== 13:17:02.391205 | 53afe010-eb72-4456-8a58-2b9f91638fb3 ==============================
[0m13:17:02.391205 [info ] [MainThread]: Running with dbt=1.10.10
[0m13:17:02.392203 [debug] [MainThread]: running dbt with arguments {'partial_parse': 'True', 'write_json': 'True', 'send_anonymous_usage_stats': 'True', 'warn_error': 'None', 'cache_selected_only': 'False', 'target_path': 'None', 'use_colors': 'True', 'invocation_command': 'dbt debug', 'log_format': 'default', 'version_check': 'True', 'introspect': 'True', 'debug': 'False', 'printer_width': '80', 'fail_fast': 'False', 'no_print': 'None', 'empty': 'None', 'quiet': 'False', 'use_experimental_parser': 'False', 'log_cache_events': 'False', 'indirect_selection': 'eager', 'log_path': 'C:\\Users\\eriku\\Desktop\\DataenginerSTI2024-2026\\Github\\data_warehouse_lifecycle_de24\\10\\dbt_code\\logs', 'profiles_dir': 'C:\\Users\\eriku\\.dbt', 'warn_error_options': 'WarnErrorOptionsV2(error=[], warn=[], silence=[])', 'static_parser': 'True'}
[0m13:17:02.420425 [info ] [MainThread]: dbt version: 1.10.10
[0m13:17:02.421427 [info ] [MainThread]: python version: 3.12.6
[0m13:17:02.422430 [info ] [MainThread]: python path: C:\Users\eriku\Desktop\DataenginerSTI2024-2026\Github\data_warehouse_lifecycle_de24\venv\Scripts\python.exe
[0m13:17:02.423428 [info ] [MainThread]: os info: Windows-11-10.0.26100-SP0
[0m13:17:03.840760 [info ] [MainThread]: Using profiles dir at C:\Users\eriku\.dbt
[0m13:17:03.841681 [info ] [MainThread]: Using profiles.yml file at C:\Users\eriku\.dbt\profiles.yml
[0m13:17:03.842681 [info ] [MainThread]: Using dbt_project.yml file at C:\Users\eriku\Desktop\DataenginerSTI2024-2026\Github\data_warehouse_lifecycle_de24\10\dbt_code\dbt_project.yml
[0m13:17:03.843682 [info ] [MainThread]: adapter type: snowflake
[0m13:17:03.844467 [info ] [MainThread]: adapter version: 1.10.0
[0m13:17:03.981164 [info ] [MainThread]: Configuration:
[0m13:17:03.982055 [info ] [MainThread]:   profiles.yml file [[32mOK found and valid[0m]
[0m13:17:03.982055 [info ] [MainThread]:   dbt_project.yml file [[32mOK found and valid[0m]
[0m13:17:03.983055 [info ] [MainThread]: Required dependencies:
[0m13:17:03.983055 [debug] [MainThread]: Executing "git --help"
[0m13:17:04.006197 [debug] [MainThread]: STDOUT: "b"usage: git [-v | --version] [-h | --help] [-C <path>] [-c <name>=<value>]\n           [--exec-path[=<path>]] [--html-path] [--man-path] [--info-path]\n           [-p | --paginate | -P | --no-pager] [--no-replace-objects] [--no-lazy-fetch]\n           [--no-optional-locks] [--no-advice] [--bare] [--git-dir=<path>]\n           [--work-tree=<path>] [--namespace=<name>] [--config-env=<name>=<envvar>]\n           <command> [<args>]\n\nThese are common Git commands used in various situations:\n\nstart a working area (see also: git help tutorial)\n   clone     Clone a repository into a new directory\n   init      Create an empty Git repository or reinitialize an existing one\n\nwork on the current change (see also: git help everyday)\n   add       Add file contents to the index\n   mv        Move or rename a file, a directory, or a symlink\n   restore   Restore working tree files\n   rm        Remove files from the working tree and from the index\n\nexamine the history and state (see also: git help revisions)\n   bisect    Use binary search to find the commit that introduced a bug\n   diff      Show changes between commits, commit and working tree, etc\n   grep      Print lines matching a pattern\n   log       Show commit logs\n   show      Show various types of objects\n   status    Show the working tree status\n\ngrow, mark and tweak your common history\n   branch    List, create, or delete branches\n   commit    Record changes to the repository\n   merge     Join two or more development histories together\n   rebase    Reapply commits on top of another base tip\n   reset     Reset current HEAD to the specified state\n   switch    Switch branches\n   tag       Create, list, delete or verify a tag object signed with GPG\n\ncollaborate (see also: git help workflows)\n   fetch     Download objects and refs from another repository\n   pull      Fetch from and integrate with another repository or a local branch\n   push      Update remote refs along with associated objects\n\n'git help -a' and 'git help -g' list available subcommands and some\nconcept guides. See 'git help <command>' or 'git help <concept>'\nto read about a specific subcommand or concept.\nSee 'git help git' for an overview of the system.\n""
[0m13:17:04.006197 [debug] [MainThread]: STDERR: "b''"
[0m13:17:04.007302 [info ] [MainThread]:  - git [[32mOK found[0m]

[0m13:17:04.007302 [info ] [MainThread]: Connection:
[0m13:17:04.008209 [info ] [MainThread]:   account: ma68735.west-europe.azure
[0m13:17:04.009205 [info ] [MainThread]:   user: transformer
[0m13:17:04.009205 [info ] [MainThread]:   database: job_ads
[0m13:17:04.010204 [info ] [MainThread]:   warehouse: dev_wh
[0m13:17:04.010204 [info ] [MainThread]:   role: job_ads_dbt_role
[0m13:17:04.011308 [info ] [MainThread]:   schema: warehouse
[0m13:17:04.011308 [info ] [MainThread]:   authenticator: None
[0m13:17:04.012205 [info ] [MainThread]:   oauth_client_id: None
[0m13:17:04.012205 [info ] [MainThread]:   query_tag: None
[0m13:17:04.013203 [info ] [MainThread]:   client_session_keep_alive: False
[0m13:17:04.013203 [info ] [MainThread]:   host: None
[0m13:17:04.014203 [info ] [MainThread]:   port: None
[0m13:17:04.014203 [info ] [MainThread]:   proxy_host: None
[0m13:17:04.015204 [info ] [MainThread]:   proxy_port: None
[0m13:17:04.015204 [info ] [MainThread]:   protocol: None
[0m13:17:04.016202 [info ] [MainThread]:   connect_retries: 1
[0m13:17:04.016202 [info ] [MainThread]:   connect_timeout: None
[0m13:17:04.017205 [info ] [MainThread]:   retry_on_database_errors: False
[0m13:17:04.017205 [info ] [MainThread]:   retry_all: False
[0m13:17:04.018215 [info ] [MainThread]:   insecure_mode: False
[0m13:17:04.019205 [info ] [MainThread]:   reuse_connections: True
[0m13:17:04.020203 [info ] [MainThread]:   s3_stage_vpce_dns_name: None
[0m13:17:04.020203 [info ] [MainThread]: Registered adapter: snowflake=1.10.0
[0m13:17:04.283588 [debug] [MainThread]: Acquiring new snowflake connection 'debug'
[0m13:17:04.335818 [debug] [MainThread]: Using snowflake connection "debug"
[0m13:17:04.335818 [debug] [MainThread]: On debug: select 1 as id
[0m13:17:04.335818 [debug] [MainThread]: Opening a new connection, currently in state init
[0m13:17:06.987569 [debug] [MainThread]: Snowflake adapter: Error running SQL: select 1 as id
[0m13:17:06.988674 [debug] [MainThread]: Snowflake adapter: Rolling back transaction.
[0m13:17:06.988674 [info ] [MainThread]:   Connection test: [[31mERROR[0m]

[0m13:17:06.990581 [info ] [MainThread]: [31m1 check failed:[0m
[0m13:17:06.990970 [info ] [MainThread]: dbt was unable to connect to the specified database.
The database returned the following error:

  >Database Error
  250001 (08001): Failed to connect to DB: ma68735.west-europe.azure.snowflakecomputing.com:443. Incorrect username or password was specified.

Check your database credentials and try again. For more information, visit:
https://docs.getdbt.com/docs/configure-your-profile


[0m13:17:06.991631 [debug] [MainThread]: Command `dbt debug` failed at 13:17:06.991631 after 4.88 seconds
[0m13:17:06.992716 [debug] [MainThread]: Connection 'debug' was left open.
[0m13:17:06.992716 [debug] [MainThread]: On debug: No close available on handle
[0m13:17:06.992716 [debug] [MainThread]: Sending event: {'category': 'dbt', 'action': 'invocation', 'label': 'end', 'context': [<snowplow_tracker.self_describing_json.SelfDescribingJson object at 0x000001FCCEC130E0>, <snowplow_tracker.self_describing_json.SelfDescribingJson object at 0x000001FCBC99E4B0>, <snowplow_tracker.self_describing_json.SelfDescribingJson object at 0x000001FCBC482450>]}
[0m13:17:06.993746 [debug] [MainThread]: Flushing usage events
[0m13:17:07.904768 [debug] [MainThread]: An error was encountered while trying to flush usage events
[0m13:24:53.983803 [debug] [MainThread]: Sending event: {'category': 'dbt', 'action': 'invocation', 'label': 'start', 'context': [<snowplow_tracker.self_describing_json.SelfDescribingJson object at 0x000001C1EB73BFE0>, <snowplow_tracker.self_describing_json.SelfDescribingJson object at 0x000001C1EAD68B00>, <snowplow_tracker.self_describing_json.SelfDescribingJson object at 0x000001C1E85C5EE0>]}


============================== 13:24:53.990975 | b96339c3-c9a9-4705-a49d-7ea50ec6a07e ==============================
[0m13:24:53.990975 [info ] [MainThread]: Running with dbt=1.10.10
[0m13:24:53.991957 [debug] [MainThread]: running dbt with arguments {'partial_parse': 'True', 'write_json': 'True', 'send_anonymous_usage_stats': 'True', 'version_check': 'True', 'cache_selected_only': 'False', 'target_path': 'None', 'use_colors': 'True', 'invocation_command': 'dbt debug', 'log_format': 'default', 'warn_error': 'None', 'introspect': 'True', 'debug': 'False', 'printer_width': '80', 'fail_fast': 'False', 'no_print': 'None', 'empty': 'None', 'quiet': 'False', 'use_experimental_parser': 'False', 'log_cache_events': 'False', 'indirect_selection': 'eager', 'log_path': 'C:\\Users\\eriku\\Desktop\\DataenginerSTI2024-2026\\Github\\data_warehouse_lifecycle_de24\\10\\dbt_code\\logs', 'profiles_dir': 'C:\\Users\\eriku\\.dbt', 'static_parser': 'True', 'warn_error_options': 'WarnErrorOptionsV2(error=[], warn=[], silence=[])'}
[0m13:24:54.028155 [info ] [MainThread]: dbt version: 1.10.10
[0m13:24:54.029181 [info ] [MainThread]: python version: 3.12.6
[0m13:24:54.029181 [info ] [MainThread]: python path: C:\Users\eriku\Desktop\DataenginerSTI2024-2026\Github\data_warehouse_lifecycle_de24\venv\Scripts\python.exe
[0m13:24:54.030156 [info ] [MainThread]: os info: Windows-11-10.0.26100-SP0
[0m13:24:55.499503 [info ] [MainThread]: Using profiles dir at C:\Users\eriku\.dbt
[0m13:24:55.501413 [info ] [MainThread]: Using profiles.yml file at C:\Users\eriku\.dbt\profiles.yml
[0m13:24:55.501413 [info ] [MainThread]: Using dbt_project.yml file at C:\Users\eriku\Desktop\DataenginerSTI2024-2026\Github\data_warehouse_lifecycle_de24\10\dbt_code\dbt_project.yml
[0m13:24:55.503419 [info ] [MainThread]: adapter type: snowflake
[0m13:24:55.504413 [info ] [MainThread]: adapter version: 1.10.0
[0m13:24:55.642364 [info ] [MainThread]: Configuration:
[0m13:24:55.643362 [info ] [MainThread]:   profiles.yml file [[32mOK found and valid[0m]
[0m13:24:55.643362 [info ] [MainThread]:   dbt_project.yml file [[32mOK found and valid[0m]
[0m13:24:55.644363 [info ] [MainThread]: Required dependencies:
[0m13:24:55.644363 [debug] [MainThread]: Executing "git --help"
[0m13:24:55.678079 [debug] [MainThread]: STDOUT: "b"usage: git [-v | --version] [-h | --help] [-C <path>] [-c <name>=<value>]\n           [--exec-path[=<path>]] [--html-path] [--man-path] [--info-path]\n           [-p | --paginate | -P | --no-pager] [--no-replace-objects] [--no-lazy-fetch]\n           [--no-optional-locks] [--no-advice] [--bare] [--git-dir=<path>]\n           [--work-tree=<path>] [--namespace=<name>] [--config-env=<name>=<envvar>]\n           <command> [<args>]\n\nThese are common Git commands used in various situations:\n\nstart a working area (see also: git help tutorial)\n   clone     Clone a repository into a new directory\n   init      Create an empty Git repository or reinitialize an existing one\n\nwork on the current change (see also: git help everyday)\n   add       Add file contents to the index\n   mv        Move or rename a file, a directory, or a symlink\n   restore   Restore working tree files\n   rm        Remove files from the working tree and from the index\n\nexamine the history and state (see also: git help revisions)\n   bisect    Use binary search to find the commit that introduced a bug\n   diff      Show changes between commits, commit and working tree, etc\n   grep      Print lines matching a pattern\n   log       Show commit logs\n   show      Show various types of objects\n   status    Show the working tree status\n\ngrow, mark and tweak your common history\n   branch    List, create, or delete branches\n   commit    Record changes to the repository\n   merge     Join two or more development histories together\n   rebase    Reapply commits on top of another base tip\n   reset     Reset current HEAD to the specified state\n   switch    Switch branches\n   tag       Create, list, delete or verify a tag object signed with GPG\n\ncollaborate (see also: git help workflows)\n   fetch     Download objects and refs from another repository\n   pull      Fetch from and integrate with another repository or a local branch\n   push      Update remote refs along with associated objects\n\n'git help -a' and 'git help -g' list available subcommands and some\nconcept guides. See 'git help <command>' or 'git help <concept>'\nto read about a specific subcommand or concept.\nSee 'git help git' for an overview of the system.\n""
[0m13:24:55.679081 [debug] [MainThread]: STDERR: "b''"
[0m13:24:55.679081 [info ] [MainThread]:  - git [[32mOK found[0m]

[0m13:24:55.680082 [info ] [MainThread]: Connection:
[0m13:24:55.681078 [info ] [MainThread]:   account: ma68735.west-europe.azure
[0m13:24:55.682082 [info ] [MainThread]:   user: transformer
[0m13:24:55.682082 [info ] [MainThread]:   database: job_ads
[0m13:24:55.683079 [info ] [MainThread]:   warehouse: dev_wh
[0m13:24:55.684080 [info ] [MainThread]:   role: job_ads_dbt_role
[0m13:24:55.684080 [info ] [MainThread]:   schema: warehouse
[0m13:24:55.685081 [info ] [MainThread]:   authenticator: None
[0m13:24:55.686080 [info ] [MainThread]:   oauth_client_id: None
[0m13:24:55.687079 [info ] [MainThread]:   query_tag: None
[0m13:24:55.689125 [info ] [MainThread]:   client_session_keep_alive: False
[0m13:24:55.692165 [info ] [MainThread]:   host: None
[0m13:24:55.693155 [info ] [MainThread]:   port: None
[0m13:24:55.694152 [info ] [MainThread]:   proxy_host: None
[0m13:24:55.695152 [info ] [MainThread]:   proxy_port: None
[0m13:24:55.695152 [info ] [MainThread]:   protocol: None
[0m13:24:55.696151 [info ] [MainThread]:   connect_retries: 1
[0m13:24:55.697195 [info ] [MainThread]:   connect_timeout: None
[0m13:24:55.697195 [info ] [MainThread]:   retry_on_database_errors: False
[0m13:24:55.698430 [info ] [MainThread]:   retry_all: False
[0m13:24:55.698430 [info ] [MainThread]:   insecure_mode: False
[0m13:24:55.699681 [info ] [MainThread]:   reuse_connections: True
[0m13:24:55.699681 [info ] [MainThread]:   s3_stage_vpce_dns_name: None
[0m13:24:55.700933 [info ] [MainThread]: Registered adapter: snowflake=1.10.0
[0m13:24:56.111675 [debug] [MainThread]: Acquiring new snowflake connection 'debug'
[0m13:24:56.166700 [debug] [MainThread]: Using snowflake connection "debug"
[0m13:24:56.166700 [debug] [MainThread]: On debug: select 1 as id
[0m13:24:56.167701 [debug] [MainThread]: Opening a new connection, currently in state init
[0m13:24:59.054865 [debug] [MainThread]: Snowflake adapter: Error running SQL: select 1 as id
[0m13:24:59.055871 [debug] [MainThread]: Snowflake adapter: Rolling back transaction.
[0m13:24:59.056903 [info ] [MainThread]:   Connection test: [[31mERROR[0m]

[0m13:24:59.058785 [info ] [MainThread]: [31m1 check failed:[0m
[0m13:24:59.059621 [info ] [MainThread]: dbt was unable to connect to the specified database.
The database returned the following error:

  >Database Error
  250001 (08001): Failed to connect to DB: ma68735.west-europe.azure.snowflakecomputing.com:443. Your user account has been temporarily locked. Try again later or contact your account administrator for assistance. For more information about this error, go to https://community.snowflake.com/s/error-your-user-login-has-been-locked.

Check your database credentials and try again. For more information, visit:
https://docs.getdbt.com/docs/configure-your-profile


[0m13:24:59.062631 [debug] [MainThread]: Command `dbt debug` failed at 13:24:59.061708 after 5.37 seconds
[0m13:24:59.062631 [debug] [MainThread]: Connection 'debug' was left open.
[0m13:24:59.063630 [debug] [MainThread]: On debug: No close available on handle
[0m13:24:59.063630 [debug] [MainThread]: Sending event: {'category': 'dbt', 'action': 'invocation', 'label': 'end', 'context': [<snowplow_tracker.self_describing_json.SelfDescribingJson object at 0x000001C1E89E76E0>, <snowplow_tracker.self_describing_json.SelfDescribingJson object at 0x000001C1E86EAF30>, <snowplow_tracker.self_describing_json.SelfDescribingJson object at 0x000001C1EB679640>]}
[0m13:24:59.063630 [debug] [MainThread]: Flushing usage events
[0m13:25:00.034043 [debug] [MainThread]: An error was encountered while trying to flush usage events
[0m14:11:13.624017 [debug] [MainThread]: Sending event: {'category': 'dbt', 'action': 'invocation', 'label': 'start', 'context': [<snowplow_tracker.self_describing_json.SelfDescribingJson object at 0x000001FDBE38DC70>, <snowplow_tracker.self_describing_json.SelfDescribingJson object at 0x000001FDBB836030>, <snowplow_tracker.self_describing_json.SelfDescribingJson object at 0x000001FDBE78C170>]}


============================== 14:11:13.632145 | 3050630f-1785-4bd9-9040-3455bea0c69e ==============================
[0m14:11:13.632145 [info ] [MainThread]: Running with dbt=1.10.10
[0m14:11:13.633144 [debug] [MainThread]: running dbt with arguments {'partial_parse': 'True', 'static_parser': 'True', 'send_anonymous_usage_stats': 'True', 'version_check': 'True', 'cache_selected_only': 'False', 'target_path': 'None', 'warn_error': 'None', 'invocation_command': 'dbt debug', 'log_format': 'default', 'use_colors': 'True', 'introspect': 'True', 'debug': 'False', 'printer_width': '80', 'fail_fast': 'False', 'no_print': 'None', 'use_experimental_parser': 'False', 'empty': 'None', 'quiet': 'False', 'log_cache_events': 'False', 'log_path': 'C:\\Users\\eriku\\Desktop\\DataenginerSTI2024-2026\\Github\\data_warehouse_lifecycle_de24\\10\\dbt_code\\logs', 'indirect_selection': 'eager', 'profiles_dir': 'C:\\Users\\eriku\\.dbt', 'warn_error_options': 'WarnErrorOptionsV2(error=[], warn=[], silence=[])', 'write_json': 'True'}
[0m14:11:13.673444 [info ] [MainThread]: dbt version: 1.10.10
[0m14:11:13.674451 [info ] [MainThread]: python version: 3.12.6
[0m14:11:13.674451 [info ] [MainThread]: python path: C:\Users\eriku\Desktop\DataenginerSTI2024-2026\Github\data_warehouse_lifecycle_de24\venv\Scripts\python.exe
[0m14:11:13.675475 [info ] [MainThread]: os info: Windows-11-10.0.26100-SP0
[0m14:11:13.678450 [info ] [MainThread]: Using profiles dir at C:\Users\eriku\.dbt
[0m14:11:13.679450 [info ] [MainThread]: Using profiles.yml file at C:\Users\eriku\.dbt\profiles.yml
[0m14:11:13.679450 [info ] [MainThread]: Using dbt_project.yml file at C:\Users\eriku\Desktop\DataenginerSTI2024-2026\Github\data_warehouse_lifecycle_de24\10\dbt_code\dbt_project.yml
[0m14:11:13.806710 [info ] [MainThread]: Configuration:
[0m14:11:13.807717 [info ] [MainThread]:   profiles.yml file [[31mERROR invalid[0m]
[0m14:11:13.808620 [info ] [MainThread]:   dbt_project.yml file [[32mOK found and valid[0m]
[0m14:11:13.809364 [info ] [MainThread]: Required dependencies:
[0m14:11:13.809843 [debug] [MainThread]: Executing "git --help"
[0m14:11:13.839860 [debug] [MainThread]: STDOUT: "b"usage: git [-v | --version] [-h | --help] [-C <path>] [-c <name>=<value>]\n           [--exec-path[=<path>]] [--html-path] [--man-path] [--info-path]\n           [-p | --paginate | -P | --no-pager] [--no-replace-objects] [--no-lazy-fetch]\n           [--no-optional-locks] [--no-advice] [--bare] [--git-dir=<path>]\n           [--work-tree=<path>] [--namespace=<name>] [--config-env=<name>=<envvar>]\n           <command> [<args>]\n\nThese are common Git commands used in various situations:\n\nstart a working area (see also: git help tutorial)\n   clone     Clone a repository into a new directory\n   init      Create an empty Git repository or reinitialize an existing one\n\nwork on the current change (see also: git help everyday)\n   add       Add file contents to the index\n   mv        Move or rename a file, a directory, or a symlink\n   restore   Restore working tree files\n   rm        Remove files from the working tree and from the index\n\nexamine the history and state (see also: git help revisions)\n   bisect    Use binary search to find the commit that introduced a bug\n   diff      Show changes between commits, commit and working tree, etc\n   grep      Print lines matching a pattern\n   log       Show commit logs\n   show      Show various types of objects\n   status    Show the working tree status\n\ngrow, mark and tweak your common history\n   branch    List, create, or delete branches\n   commit    Record changes to the repository\n   merge     Join two or more development histories together\n   rebase    Reapply commits on top of another base tip\n   reset     Reset current HEAD to the specified state\n   switch    Switch branches\n   tag       Create, list, delete or verify a tag object signed with GPG\n\ncollaborate (see also: git help workflows)\n   fetch     Download objects and refs from another repository\n   pull      Fetch from and integrate with another repository or a local branch\n   push      Update remote refs along with associated objects\n\n'git help -a' and 'git help -g' list available subcommands and some\nconcept guides. See 'git help <command>' or 'git help <concept>'\nto read about a specific subcommand or concept.\nSee 'git help git' for an overview of the system.\n""
[0m14:11:13.839860 [debug] [MainThread]: STDERR: "b''"
[0m14:11:13.840951 [info ] [MainThread]:  - git [[32mOK found[0m]

[0m14:11:13.840951 [info ] [MainThread]: Connection test skipped since no profile was found
[0m14:11:13.841867 [info ] [MainThread]: [31m1 check failed:[0m
[0m14:11:13.842868 [info ] [MainThread]: Profile loading failed for the following reason:
Runtime Error
  Could not find profile named 'dbt_snowflake'


[0m14:11:13.843868 [debug] [MainThread]: Command `dbt debug` failed at 14:11:13.842868 after 0.53 seconds
[0m14:11:13.843868 [debug] [MainThread]: Sending event: {'category': 'dbt', 'action': 'invocation', 'label': 'end', 'context': [<snowplow_tracker.self_describing_json.SelfDescribingJson object at 0x000001FDBB741190>, <snowplow_tracker.self_describing_json.SelfDescribingJson object at 0x000001FDBFA9A000>, <snowplow_tracker.self_describing_json.SelfDescribingJson object at 0x000001FDBE8E6F60>]}
[0m14:11:13.843868 [debug] [MainThread]: Flushing usage events
[0m14:11:14.829637 [debug] [MainThread]: An error was encountered while trying to flush usage events
[0m14:11:39.296335 [debug] [MainThread]: Sending event: {'category': 'dbt', 'action': 'invocation', 'label': 'start', 'context': [<snowplow_tracker.self_describing_json.SelfDescribingJson object at 0x0000020C29BF7170>, <snowplow_tracker.self_describing_json.SelfDescribingJson object at 0x0000020C26E461B0>, <snowplow_tracker.self_describing_json.SelfDescribingJson object at 0x0000020C29B4D2E0>]}


============================== 14:11:39.301385 | 455a346e-2954-4c49-8dbf-3f62b3480f83 ==============================
[0m14:11:39.301385 [info ] [MainThread]: Running with dbt=1.10.10
[0m14:11:39.302306 [debug] [MainThread]: running dbt with arguments {'partial_parse': 'True', 'static_parser': 'True', 'send_anonymous_usage_stats': 'True', 'warn_error': 'None', 'cache_selected_only': 'False', 'target_path': 'None', 'version_check': 'True', 'invocation_command': 'dbt debug', 'log_format': 'default', 'use_colors': 'True', 'introspect': 'True', 'debug': 'False', 'printer_width': '80', 'fail_fast': 'False', 'no_print': 'None', 'quiet': 'False', 'use_experimental_parser': 'False', 'log_cache_events': 'False', 'empty': 'None', 'log_path': 'C:\\Users\\eriku\\Desktop\\DataenginerSTI2024-2026\\Github\\data_warehouse_lifecycle_de24\\10\\dbt_code\\logs', 'indirect_selection': 'eager', 'profiles_dir': 'C:\\Users\\eriku\\.dbt', 'warn_error_options': 'WarnErrorOptionsV2(error=[], warn=[], silence=[])', 'write_json': 'True'}
[0m14:11:39.322173 [info ] [MainThread]: dbt version: 1.10.10
[0m14:11:39.322173 [info ] [MainThread]: python version: 3.12.6
[0m14:11:39.324183 [info ] [MainThread]: python path: C:\Users\eriku\Desktop\DataenginerSTI2024-2026\Github\data_warehouse_lifecycle_de24\venv\Scripts\python.exe
[0m14:11:39.324183 [info ] [MainThread]: os info: Windows-11-10.0.26100-SP0
[0m14:11:40.892369 [info ] [MainThread]: Using profiles dir at C:\Users\eriku\.dbt
[0m14:11:40.893284 [info ] [MainThread]: Using profiles.yml file at C:\Users\eriku\.dbt\profiles.yml
[0m14:11:40.893284 [info ] [MainThread]: Using dbt_project.yml file at C:\Users\eriku\Desktop\DataenginerSTI2024-2026\Github\data_warehouse_lifecycle_de24\10\dbt_code\dbt_project.yml
[0m14:11:40.895320 [info ] [MainThread]: adapter type: snowflake
[0m14:11:40.895320 [info ] [MainThread]: adapter version: 1.10.0
[0m14:11:41.027136 [info ] [MainThread]: Configuration:
[0m14:11:41.028236 [info ] [MainThread]:   profiles.yml file [[32mOK found and valid[0m]
[0m14:11:41.028236 [info ] [MainThread]:   dbt_project.yml file [[32mOK found and valid[0m]
[0m14:11:41.029304 [info ] [MainThread]: Required dependencies:
[0m14:11:41.030244 [debug] [MainThread]: Executing "git --help"
[0m14:11:41.058191 [debug] [MainThread]: STDOUT: "b"usage: git [-v | --version] [-h | --help] [-C <path>] [-c <name>=<value>]\n           [--exec-path[=<path>]] [--html-path] [--man-path] [--info-path]\n           [-p | --paginate | -P | --no-pager] [--no-replace-objects] [--no-lazy-fetch]\n           [--no-optional-locks] [--no-advice] [--bare] [--git-dir=<path>]\n           [--work-tree=<path>] [--namespace=<name>] [--config-env=<name>=<envvar>]\n           <command> [<args>]\n\nThese are common Git commands used in various situations:\n\nstart a working area (see also: git help tutorial)\n   clone     Clone a repository into a new directory\n   init      Create an empty Git repository or reinitialize an existing one\n\nwork on the current change (see also: git help everyday)\n   add       Add file contents to the index\n   mv        Move or rename a file, a directory, or a symlink\n   restore   Restore working tree files\n   rm        Remove files from the working tree and from the index\n\nexamine the history and state (see also: git help revisions)\n   bisect    Use binary search to find the commit that introduced a bug\n   diff      Show changes between commits, commit and working tree, etc\n   grep      Print lines matching a pattern\n   log       Show commit logs\n   show      Show various types of objects\n   status    Show the working tree status\n\ngrow, mark and tweak your common history\n   branch    List, create, or delete branches\n   commit    Record changes to the repository\n   merge     Join two or more development histories together\n   rebase    Reapply commits on top of another base tip\n   reset     Reset current HEAD to the specified state\n   switch    Switch branches\n   tag       Create, list, delete or verify a tag object signed with GPG\n\ncollaborate (see also: git help workflows)\n   fetch     Download objects and refs from another repository\n   pull      Fetch from and integrate with another repository or a local branch\n   push      Update remote refs along with associated objects\n\n'git help -a' and 'git help -g' list available subcommands and some\nconcept guides. See 'git help <command>' or 'git help <concept>'\nto read about a specific subcommand or concept.\nSee 'git help git' for an overview of the system.\n""
[0m14:11:41.058191 [debug] [MainThread]: STDERR: "b''"
[0m14:11:41.059225 [info ] [MainThread]:  - git [[32mOK found[0m]

[0m14:11:41.059225 [info ] [MainThread]: Connection:
[0m14:11:41.060184 [info ] [MainThread]:   account: ma68735.west-europe.azure
[0m14:11:41.060184 [info ] [MainThread]:   user: transformer
[0m14:11:41.061134 [info ] [MainThread]:   database: job_ads
[0m14:11:41.062136 [info ] [MainThread]:   warehouse: dev_wh
[0m14:11:41.062136 [info ] [MainThread]:   role: job_ads_dbt_role
[0m14:11:41.063145 [info ] [MainThread]:   schema: warehouse
[0m14:11:41.064135 [info ] [MainThread]:   authenticator: None
[0m14:11:41.064135 [info ] [MainThread]:   oauth_client_id: None
[0m14:11:41.065065 [info ] [MainThread]:   query_tag: None
[0m14:11:41.065065 [info ] [MainThread]:   client_session_keep_alive: False
[0m14:11:41.066081 [info ] [MainThread]:   host: None
[0m14:11:41.066081 [info ] [MainThread]:   port: None
[0m14:11:41.067166 [info ] [MainThread]:   proxy_host: None
[0m14:11:41.067166 [info ] [MainThread]:   proxy_port: None
[0m14:11:41.068088 [info ] [MainThread]:   protocol: None
[0m14:11:41.069088 [info ] [MainThread]:   connect_retries: 1
[0m14:11:41.069088 [info ] [MainThread]:   connect_timeout: None
[0m14:11:41.070103 [info ] [MainThread]:   retry_on_database_errors: False
[0m14:11:41.070103 [info ] [MainThread]:   retry_all: False
[0m14:11:41.071194 [info ] [MainThread]:   insecure_mode: False
[0m14:11:41.071194 [info ] [MainThread]:   reuse_connections: True
[0m14:11:41.072092 [info ] [MainThread]:   s3_stage_vpce_dns_name: None
[0m14:11:41.072092 [info ] [MainThread]: Registered adapter: snowflake=1.10.0
[0m14:11:41.788278 [debug] [MainThread]: Acquiring new snowflake connection 'debug'
[0m14:11:41.862286 [debug] [MainThread]: Using snowflake connection "debug"
[0m14:11:41.862286 [debug] [MainThread]: On debug: select 1 as id
[0m14:11:41.862286 [debug] [MainThread]: Opening a new connection, currently in state init
[0m14:11:44.832367 [debug] [MainThread]: Snowflake adapter: Error running SQL: select 1 as id
[0m14:11:44.833362 [debug] [MainThread]: Snowflake adapter: Rolling back transaction.
[0m14:11:44.835363 [info ] [MainThread]:   Connection test: [[31mERROR[0m]

[0m14:11:44.836304 [info ] [MainThread]: [31m1 check failed:[0m
[0m14:11:44.837360 [info ] [MainThread]: dbt was unable to connect to the specified database.
The database returned the following error:

  >Database Error
  250001 (08001): Failed to connect to DB: ma68735.west-europe.azure.snowflakecomputing.com:443. Incorrect username or password was specified.

Check your database credentials and try again. For more information, visit:
https://docs.getdbt.com/docs/configure-your-profile


[0m14:11:44.838530 [debug] [MainThread]: Command `dbt debug` failed at 14:11:44.838530 after 5.69 seconds
[0m14:11:44.839601 [debug] [MainThread]: Connection 'debug' was left open.
[0m14:11:44.839601 [debug] [MainThread]: On debug: No close available on handle
[0m14:11:44.840605 [debug] [MainThread]: Sending event: {'category': 'dbt', 'action': 'invocation', 'label': 'end', 'context': [<snowplow_tracker.self_describing_json.SelfDescribingJson object at 0x0000020C2906CEC0>, <snowplow_tracker.self_describing_json.SelfDescribingJson object at 0x0000020C3C19ECF0>, <snowplow_tracker.self_describing_json.SelfDescribingJson object at 0x0000020C294B6390>]}
[0m14:11:44.840605 [debug] [MainThread]: Flushing usage events
[0m14:11:45.798312 [debug] [MainThread]: An error was encountered while trying to flush usage events
[0m14:18:18.535577 [debug] [MainThread]: Sending event: {'category': 'dbt', 'action': 'invocation', 'label': 'start', 'context': [<snowplow_tracker.self_describing_json.SelfDescribingJson object at 0x0000015537687C50>, <snowplow_tracker.self_describing_json.SelfDescribingJson object at 0x0000015539C620F0>, <snowplow_tracker.self_describing_json.SelfDescribingJson object at 0x000001553A3A77D0>]}


============================== 14:18:18.542072 | 846a8a68-e2e3-4d8c-8a31-ebbaa87d4aaf ==============================
[0m14:18:18.542072 [info ] [MainThread]: Running with dbt=1.10.10
[0m14:18:18.542595 [debug] [MainThread]: running dbt with arguments {'partial_parse': 'True', 'warn_error_options': 'WarnErrorOptionsV2(error=[], warn=[], silence=[])', 'send_anonymous_usage_stats': 'True', 'version_check': 'True', 'cache_selected_only': 'False', 'target_path': 'None', 'warn_error': 'None', 'invocation_command': 'dbt debug', 'log_format': 'default', 'use_colors': 'True', 'introspect': 'True', 'debug': 'False', 'printer_width': '80', 'fail_fast': 'False', 'no_print': 'None', 'quiet': 'False', 'use_experimental_parser': 'False', 'empty': 'None', 'log_cache_events': 'False', 'log_path': 'C:\\Users\\eriku\\Desktop\\DataenginerSTI2024-2026\\Github\\data_warehouse_lifecycle_de24\\10\\dbt_code\\logs', 'indirect_selection': 'eager', 'profiles_dir': 'C:\\Users\\eriku\\.dbt', 'static_parser': 'True', 'write_json': 'True'}
[0m14:18:18.564781 [info ] [MainThread]: dbt version: 1.10.10
[0m14:18:18.564781 [info ] [MainThread]: python version: 3.12.6
[0m14:18:18.565833 [info ] [MainThread]: python path: C:\Users\eriku\Desktop\DataenginerSTI2024-2026\Github\data_warehouse_lifecycle_de24\venv\Scripts\python.exe
[0m14:18:18.565833 [info ] [MainThread]: os info: Windows-11-10.0.26100-SP0
[0m14:18:19.979197 [info ] [MainThread]: Using profiles dir at C:\Users\eriku\.dbt
[0m14:18:19.980190 [info ] [MainThread]: Using profiles.yml file at C:\Users\eriku\.dbt\profiles.yml
[0m14:18:19.980656 [info ] [MainThread]: Using dbt_project.yml file at C:\Users\eriku\Desktop\DataenginerSTI2024-2026\Github\data_warehouse_lifecycle_de24\10\dbt_code\dbt_project.yml
[0m14:18:19.981809 [info ] [MainThread]: adapter type: snowflake
[0m14:18:19.982514 [info ] [MainThread]: adapter version: 1.10.0
[0m14:18:20.116569 [info ] [MainThread]: Configuration:
[0m14:18:20.117270 [info ] [MainThread]:   profiles.yml file [[32mOK found and valid[0m]
[0m14:18:20.118491 [info ] [MainThread]:   dbt_project.yml file [[32mOK found and valid[0m]
[0m14:18:20.118491 [info ] [MainThread]: Required dependencies:
[0m14:18:20.119499 [debug] [MainThread]: Executing "git --help"
[0m14:18:20.141139 [debug] [MainThread]: STDOUT: "b"usage: git [-v | --version] [-h | --help] [-C <path>] [-c <name>=<value>]\n           [--exec-path[=<path>]] [--html-path] [--man-path] [--info-path]\n           [-p | --paginate | -P | --no-pager] [--no-replace-objects] [--no-lazy-fetch]\n           [--no-optional-locks] [--no-advice] [--bare] [--git-dir=<path>]\n           [--work-tree=<path>] [--namespace=<name>] [--config-env=<name>=<envvar>]\n           <command> [<args>]\n\nThese are common Git commands used in various situations:\n\nstart a working area (see also: git help tutorial)\n   clone     Clone a repository into a new directory\n   init      Create an empty Git repository or reinitialize an existing one\n\nwork on the current change (see also: git help everyday)\n   add       Add file contents to the index\n   mv        Move or rename a file, a directory, or a symlink\n   restore   Restore working tree files\n   rm        Remove files from the working tree and from the index\n\nexamine the history and state (see also: git help revisions)\n   bisect    Use binary search to find the commit that introduced a bug\n   diff      Show changes between commits, commit and working tree, etc\n   grep      Print lines matching a pattern\n   log       Show commit logs\n   show      Show various types of objects\n   status    Show the working tree status\n\ngrow, mark and tweak your common history\n   branch    List, create, or delete branches\n   commit    Record changes to the repository\n   merge     Join two or more development histories together\n   rebase    Reapply commits on top of another base tip\n   reset     Reset current HEAD to the specified state\n   switch    Switch branches\n   tag       Create, list, delete or verify a tag object signed with GPG\n\ncollaborate (see also: git help workflows)\n   fetch     Download objects and refs from another repository\n   pull      Fetch from and integrate with another repository or a local branch\n   push      Update remote refs along with associated objects\n\n'git help -a' and 'git help -g' list available subcommands and some\nconcept guides. See 'git help <command>' or 'git help <concept>'\nto read about a specific subcommand or concept.\nSee 'git help git' for an overview of the system.\n""
[0m14:18:20.141139 [debug] [MainThread]: STDERR: "b''"
[0m14:18:20.142199 [info ] [MainThread]:  - git [[32mOK found[0m]

[0m14:18:20.143098 [info ] [MainThread]: Connection:
[0m14:18:20.143098 [info ] [MainThread]:   account: ma68735.west-europe.azure
[0m14:18:20.144200 [info ] [MainThread]:   user: transformer
[0m14:18:20.145098 [info ] [MainThread]:   database: job_ads
[0m14:18:20.145098 [info ] [MainThread]:   warehouse: dev_wh
[0m14:18:20.146099 [info ] [MainThread]:   role: job_ads_dbt_role
[0m14:18:20.147099 [info ] [MainThread]:   schema: warehouse
[0m14:18:20.147099 [info ] [MainThread]:   authenticator: None
[0m14:18:20.148098 [info ] [MainThread]:   oauth_client_id: None
[0m14:18:20.148098 [info ] [MainThread]:   query_tag: None
[0m14:18:20.149099 [info ] [MainThread]:   client_session_keep_alive: False
[0m14:18:20.149099 [info ] [MainThread]:   host: None
[0m14:18:20.150099 [info ] [MainThread]:   port: None
[0m14:18:20.150099 [info ] [MainThread]:   proxy_host: None
[0m14:18:20.151107 [info ] [MainThread]:   proxy_port: None
[0m14:18:20.151107 [info ] [MainThread]:   protocol: None
[0m14:18:20.152098 [info ] [MainThread]:   connect_retries: 1
[0m14:18:20.152098 [info ] [MainThread]:   connect_timeout: None
[0m14:18:20.153104 [info ] [MainThread]:   retry_on_database_errors: False
[0m14:18:20.153104 [info ] [MainThread]:   retry_all: False
[0m14:18:20.154100 [info ] [MainThread]:   insecure_mode: False
[0m14:18:20.154100 [info ] [MainThread]:   reuse_connections: True
[0m14:18:20.155100 [info ] [MainThread]:   s3_stage_vpce_dns_name: None
[0m14:18:20.156098 [info ] [MainThread]: Registered adapter: snowflake=1.10.0
[0m14:18:20.425634 [debug] [MainThread]: Acquiring new snowflake connection 'debug'
[0m14:18:20.486851 [debug] [MainThread]: Using snowflake connection "debug"
[0m14:18:20.487858 [debug] [MainThread]: On debug: select 1 as id
[0m14:18:20.487858 [debug] [MainThread]: Opening a new connection, currently in state init
[0m14:18:22.998464 [debug] [MainThread]: Snowflake adapter: Error running SQL: select 1 as id
[0m14:18:23.000450 [debug] [MainThread]: Snowflake adapter: Rolling back transaction.
[0m14:18:23.001441 [info ] [MainThread]:   Connection test: [[31mERROR[0m]

[0m14:18:23.002419 [info ] [MainThread]: [31m1 check failed:[0m
[0m14:18:23.003363 [info ] [MainThread]: dbt was unable to connect to the specified database.
The database returned the following error:

  >Database Error
  250001 (08001): Failed to connect to DB: ma68735.west-europe.azure.snowflakecomputing.com:443. Incorrect username or password was specified.

Check your database credentials and try again. For more information, visit:
https://docs.getdbt.com/docs/configure-your-profile


[0m14:18:23.005358 [debug] [MainThread]: Command `dbt debug` failed at 14:18:23.005358 after 4.76 seconds
[0m14:18:23.006373 [debug] [MainThread]: Connection 'debug' was left open.
[0m14:18:23.006373 [debug] [MainThread]: On debug: No close available on handle
[0m14:18:23.006373 [debug] [MainThread]: Sending event: {'category': 'dbt', 'action': 'invocation', 'label': 'end', 'context': [<snowplow_tracker.self_describing_json.SelfDescribingJson object at 0x000001553A6CAC30>, <snowplow_tracker.self_describing_json.SelfDescribingJson object at 0x000001553A6CAFC0>, <snowplow_tracker.self_describing_json.SelfDescribingJson object at 0x000001553A57A120>]}
[0m14:18:23.007439 [debug] [MainThread]: Flushing usage events
[0m14:18:23.982498 [debug] [MainThread]: An error was encountered while trying to flush usage events
[0m14:25:00.757710 [debug] [MainThread]: Sending event: {'category': 'dbt', 'action': 'invocation', 'label': 'start', 'context': [<snowplow_tracker.self_describing_json.SelfDescribingJson object at 0x00000214BB410FB0>, <snowplow_tracker.self_describing_json.SelfDescribingJson object at 0x00000214B9229E80>, <snowplow_tracker.self_describing_json.SelfDescribingJson object at 0x00000214BB89A6C0>]}


============================== 14:25:00.766892 | def895cc-ae6b-41e1-a05b-703034c8db14 ==============================
[0m14:25:00.766892 [info ] [MainThread]: Running with dbt=1.10.10
[0m14:25:00.767900 [debug] [MainThread]: running dbt with arguments {'partial_parse': 'True', 'profiles_dir': 'C:\\Users\\eriku\\.dbt', 'send_anonymous_usage_stats': 'True', 'use_colors': 'True', 'cache_selected_only': 'False', 'target_path': 'None', 'version_check': 'True', 'invocation_command': 'dbt deps', 'log_format': 'default', 'warn_error': 'None', 'introspect': 'True', 'debug': 'False', 'printer_width': '80', 'fail_fast': 'False', 'no_print': 'None', 'use_experimental_parser': 'False', 'quiet': 'False', 'empty': 'None', 'log_cache_events': 'False', 'indirect_selection': 'eager', 'log_path': 'C:\\Users\\eriku\\Desktop\\DataenginerSTI2024-2026\\Github\\data_warehouse_lifecycle_de24\\10\\dbt_code\\logs', 'write_json': 'True', 'warn_error_options': 'WarnErrorOptionsV2(error=[], warn=[], silence=[])', 'static_parser': 'True'}
[0m14:25:01.056094 [debug] [MainThread]: Sending event: {'category': 'dbt', 'action': 'project_id', 'label': 'def895cc-ae6b-41e1-a05b-703034c8db14', 'context': [<snowplow_tracker.self_describing_json.SelfDescribingJson object at 0x00000214BB410FB0>]}
[0m14:25:01.199636 [debug] [MainThread]: Set downloads directory='C:\Users\eriku\AppData\Local\Temp\dbt-downloads-sxf953z1'
[0m14:25:01.199636 [debug] [MainThread]: Making package index registry request: GET https://hub.getdbt.com/api/v1/index.json
[0m14:25:02.190521 [debug] [MainThread]: Response from registry index: GET https://hub.getdbt.com/api/v1/index.json 200
[0m14:25:02.193530 [debug] [MainThread]: Making package registry request: GET https://hub.getdbt.com/api/v1/dbt-labs/dbt_utils.json
[0m14:25:02.555876 [debug] [MainThread]: Response from registry: GET https://hub.getdbt.com/api/v1/dbt-labs/dbt_utils.json 200
[0m14:25:02.563228 [info ] [MainThread]: Installing dbt-labs/dbt_utils
[0m14:25:03.721675 [info ] [MainThread]: Installed from version 1.2.0
[0m14:25:03.722675 [info ] [MainThread]: Updated version available: 1.3.0
[0m14:25:03.723697 [debug] [MainThread]: Sending event: {'category': 'dbt', 'action': 'package', 'label': 'def895cc-ae6b-41e1-a05b-703034c8db14', 'property_': 'install', 'context': [<snowplow_tracker.self_describing_json.SelfDescribingJson object at 0x00000214BB763440>, <snowplow_tracker.self_describing_json.SelfDescribingJson object at 0x00000214BD9A9310>]}
[0m14:25:03.723697 [info ] [MainThread]: 
[0m14:25:03.724695 [info ] [MainThread]: Updates available for packages: ['dbt-labs/dbt_utils']                 
Update your versions in packages.yml, then run dbt deps
[0m14:25:03.727672 [debug] [MainThread]: Command `dbt deps` succeeded at 14:25:03.726677 after 3.24 seconds
[0m14:25:03.727672 [debug] [MainThread]: Sending event: {'category': 'dbt', 'action': 'invocation', 'label': 'end', 'context': [<snowplow_tracker.self_describing_json.SelfDescribingJson object at 0x00000214BC230F20>, <snowplow_tracker.self_describing_json.SelfDescribingJson object at 0x00000214BBEA6750>, <snowplow_tracker.self_describing_json.SelfDescribingJson object at 0x00000214BBEA6B70>]}
[0m14:25:03.727672 [debug] [MainThread]: Flushing usage events
[0m14:25:05.296064 [debug] [MainThread]: An error was encountered while trying to flush usage events
[0m14:25:50.382619 [debug] [MainThread]: Sending event: {'category': 'dbt', 'action': 'invocation', 'label': 'start', 'context': [<snowplow_tracker.self_describing_json.SelfDescribingJson object at 0x00000276CF7004A0>, <snowplow_tracker.self_describing_json.SelfDescribingJson object at 0x00000276CD18DDC0>, <snowplow_tracker.self_describing_json.SelfDescribingJson object at 0x00000276CF213470>]}


============================== 14:25:50.387731 | 9b6516ed-e2a5-419c-8ee3-e99981697799 ==============================
[0m14:25:50.387731 [info ] [MainThread]: Running with dbt=1.10.10
[0m14:25:50.388713 [debug] [MainThread]: running dbt with arguments {'partial_parse': 'True', 'static_parser': 'True', 'send_anonymous_usage_stats': 'True', 'use_colors': 'True', 'cache_selected_only': 'False', 'target_path': 'None', 'version_check': 'True', 'invocation_command': 'dbt debug', 'log_format': 'default', 'warn_error': 'None', 'introspect': 'True', 'debug': 'False', 'printer_width': '80', 'fail_fast': 'False', 'no_print': 'None', 'use_experimental_parser': 'False', 'quiet': 'False', 'empty': 'None', 'log_cache_events': 'False', 'indirect_selection': 'eager', 'log_path': 'C:\\Users\\eriku\\Desktop\\DataenginerSTI2024-2026\\Github\\data_warehouse_lifecycle_de24\\10\\dbt_code\\logs', 'write_json': 'True', 'warn_error_options': 'WarnErrorOptionsV2(error=[], warn=[], silence=[])', 'profiles_dir': 'C:\\Users\\eriku\\.dbt'}
[0m14:25:50.407353 [info ] [MainThread]: dbt version: 1.10.10
[0m14:25:50.408354 [info ] [MainThread]: python version: 3.12.6
[0m14:25:50.408354 [info ] [MainThread]: python path: C:\Users\eriku\Desktop\DataenginerSTI2024-2026\Github\data_warehouse_lifecycle_de24\venv\Scripts\python.exe
[0m14:25:50.409352 [info ] [MainThread]: os info: Windows-11-10.0.26100-SP0
[0m14:25:51.813226 [info ] [MainThread]: Using profiles dir at C:\Users\eriku\.dbt
[0m14:25:51.814176 [info ] [MainThread]: Using profiles.yml file at C:\Users\eriku\.dbt\profiles.yml
[0m14:25:51.814956 [info ] [MainThread]: Using dbt_project.yml file at C:\Users\eriku\Desktop\DataenginerSTI2024-2026\Github\data_warehouse_lifecycle_de24\10\dbt_code\dbt_project.yml
[0m14:25:51.817026 [info ] [MainThread]: adapter type: snowflake
[0m14:25:51.818031 [info ] [MainThread]: adapter version: 1.10.0
[0m14:25:51.953077 [info ] [MainThread]: Configuration:
[0m14:25:51.953077 [info ] [MainThread]:   profiles.yml file [[32mOK found and valid[0m]
[0m14:25:51.954078 [info ] [MainThread]:   dbt_project.yml file [[32mOK found and valid[0m]
[0m14:25:51.955331 [info ] [MainThread]: Required dependencies:
[0m14:25:51.955331 [debug] [MainThread]: Executing "git --help"
[0m14:25:51.976633 [debug] [MainThread]: STDOUT: "b"usage: git [-v | --version] [-h | --help] [-C <path>] [-c <name>=<value>]\n           [--exec-path[=<path>]] [--html-path] [--man-path] [--info-path]\n           [-p | --paginate | -P | --no-pager] [--no-replace-objects] [--no-lazy-fetch]\n           [--no-optional-locks] [--no-advice] [--bare] [--git-dir=<path>]\n           [--work-tree=<path>] [--namespace=<name>] [--config-env=<name>=<envvar>]\n           <command> [<args>]\n\nThese are common Git commands used in various situations:\n\nstart a working area (see also: git help tutorial)\n   clone     Clone a repository into a new directory\n   init      Create an empty Git repository or reinitialize an existing one\n\nwork on the current change (see also: git help everyday)\n   add       Add file contents to the index\n   mv        Move or rename a file, a directory, or a symlink\n   restore   Restore working tree files\n   rm        Remove files from the working tree and from the index\n\nexamine the history and state (see also: git help revisions)\n   bisect    Use binary search to find the commit that introduced a bug\n   diff      Show changes between commits, commit and working tree, etc\n   grep      Print lines matching a pattern\n   log       Show commit logs\n   show      Show various types of objects\n   status    Show the working tree status\n\ngrow, mark and tweak your common history\n   branch    List, create, or delete branches\n   commit    Record changes to the repository\n   merge     Join two or more development histories together\n   rebase    Reapply commits on top of another base tip\n   reset     Reset current HEAD to the specified state\n   switch    Switch branches\n   tag       Create, list, delete or verify a tag object signed with GPG\n\ncollaborate (see also: git help workflows)\n   fetch     Download objects and refs from another repository\n   pull      Fetch from and integrate with another repository or a local branch\n   push      Update remote refs along with associated objects\n\n'git help -a' and 'git help -g' list available subcommands and some\nconcept guides. See 'git help <command>' or 'git help <concept>'\nto read about a specific subcommand or concept.\nSee 'git help git' for an overview of the system.\n""
[0m14:25:51.977769 [debug] [MainThread]: STDERR: "b''"
[0m14:25:51.977769 [info ] [MainThread]:  - git [[32mOK found[0m]

[0m14:25:51.978769 [info ] [MainThread]: Connection:
[0m14:25:51.979783 [info ] [MainThread]:   account: ma68735.west-europe.azure
[0m14:25:51.980768 [info ] [MainThread]:   user: transformer
[0m14:25:51.981766 [info ] [MainThread]:   database: job_ads
[0m14:25:51.981766 [info ] [MainThread]:   warehouse: dev_wh
[0m14:25:51.982768 [info ] [MainThread]:   role: job_ads_dbt_role
[0m14:25:51.982768 [info ] [MainThread]:   schema: warehouse
[0m14:25:51.983765 [info ] [MainThread]:   authenticator: None
[0m14:25:51.984767 [info ] [MainThread]:   oauth_client_id: None
[0m14:25:51.985784 [info ] [MainThread]:   query_tag: None
[0m14:25:51.987777 [info ] [MainThread]:   client_session_keep_alive: False
[0m14:25:51.988773 [info ] [MainThread]:   host: None
[0m14:25:51.989766 [info ] [MainThread]:   port: None
[0m14:25:51.990771 [info ] [MainThread]:   proxy_host: None
[0m14:25:51.990771 [info ] [MainThread]:   proxy_port: None
[0m14:25:51.990771 [info ] [MainThread]:   protocol: None
[0m14:25:51.991799 [info ] [MainThread]:   connect_retries: 1
[0m14:25:51.991799 [info ] [MainThread]:   connect_timeout: None
[0m14:25:51.992767 [info ] [MainThread]:   retry_on_database_errors: False
[0m14:25:51.992767 [info ] [MainThread]:   retry_all: False
[0m14:25:51.993767 [info ] [MainThread]:   insecure_mode: False
[0m14:25:51.994765 [info ] [MainThread]:   reuse_connections: True
[0m14:25:51.994765 [info ] [MainThread]:   s3_stage_vpce_dns_name: None
[0m14:25:51.995767 [info ] [MainThread]: Registered adapter: snowflake=1.10.0
[0m14:25:52.675576 [debug] [MainThread]: Acquiring new snowflake connection 'debug'
[0m14:25:52.724610 [debug] [MainThread]: Using snowflake connection "debug"
[0m14:25:52.725605 [debug] [MainThread]: On debug: select 1 as id
[0m14:25:52.725605 [debug] [MainThread]: Opening a new connection, currently in state init
[0m14:25:55.468746 [debug] [MainThread]: Snowflake adapter: Error running SQL: select 1 as id
[0m14:25:55.468746 [debug] [MainThread]: Snowflake adapter: Rolling back transaction.
[0m14:25:55.469745 [info ] [MainThread]:   Connection test: [[31mERROR[0m]

[0m14:25:55.469745 [info ] [MainThread]: [31m1 check failed:[0m
[0m14:25:55.470744 [info ] [MainThread]: dbt was unable to connect to the specified database.
The database returned the following error:

  >Database Error
  250001 (08001): Failed to connect to DB: ma68735.west-europe.azure.snowflakecomputing.com:443. Incorrect username or password was specified.

Check your database credentials and try again. For more information, visit:
https://docs.getdbt.com/docs/configure-your-profile


[0m14:25:55.471745 [debug] [MainThread]: Command `dbt debug` failed at 14:25:55.471745 after 5.23 seconds
[0m14:25:55.471745 [debug] [MainThread]: Connection 'debug' was left open.
[0m14:25:55.472745 [debug] [MainThread]: On debug: No close available on handle
[0m14:25:55.472745 [debug] [MainThread]: Sending event: {'category': 'dbt', 'action': 'invocation', 'label': 'end', 'context': [<snowplow_tracker.self_describing_json.SelfDescribingJson object at 0x00000276D0402570>, <snowplow_tracker.self_describing_json.SelfDescribingJson object at 0x00000276E0743FB0>, <snowplow_tracker.self_describing_json.SelfDescribingJson object at 0x00000276E2537920>]}
[0m14:25:55.472745 [debug] [MainThread]: Flushing usage events
[0m14:25:56.387077 [debug] [MainThread]: An error was encountered while trying to flush usage events
[0m14:38:19.866046 [debug] [MainThread]: Sending event: {'category': 'dbt', 'action': 'invocation', 'label': 'start', 'context': [<snowplow_tracker.self_describing_json.SelfDescribingJson object at 0x0000021EB64B9D30>, <snowplow_tracker.self_describing_json.SelfDescribingJson object at 0x0000021EB9492CF0>, <snowplow_tracker.self_describing_json.SelfDescribingJson object at 0x0000021EB7018200>]}


============================== 14:38:19.872136 | 8cf8460b-6117-40a6-8503-854db7cd7ded ==============================
[0m14:38:19.872136 [info ] [MainThread]: Running with dbt=1.10.10
[0m14:38:19.873100 [debug] [MainThread]: running dbt with arguments {'partial_parse': 'True', 'static_parser': 'True', 'send_anonymous_usage_stats': 'True', 'use_colors': 'True', 'cache_selected_only': 'False', 'target_path': 'None', 'warn_error': 'None', 'invocation_command': 'dbt debug', 'log_format': 'default', 'version_check': 'True', 'introspect': 'True', 'debug': 'False', 'log_cache_events': 'False', 'fail_fast': 'False', 'no_print': 'None', 'use_experimental_parser': 'False', 'quiet': 'False', 'empty': 'None', 'printer_width': '80', 'indirect_selection': 'eager', 'log_path': 'C:\\Users\\eriku\\Desktop\\DataenginerSTI2024-2026\\Github\\data_warehouse_lifecycle_de24\\11\\dbt_code\\logs', 'profiles_dir': 'C:\\Users\\eriku\\.dbt', 'warn_error_options': 'WarnErrorOptionsV2(error=[], warn=[], silence=[])', 'write_json': 'True'}
[0m14:38:19.904658 [info ] [MainThread]: dbt version: 1.10.10
[0m14:38:19.905659 [info ] [MainThread]: python version: 3.12.6
[0m14:38:19.905659 [info ] [MainThread]: python path: C:\Users\eriku\Desktop\DataenginerSTI2024-2026\Github\data_warehouse_lifecycle_de24\venv\Scripts\python.exe
[0m14:38:19.906787 [info ] [MainThread]: os info: Windows-11-10.0.26100-SP0
[0m14:38:21.303665 [info ] [MainThread]: Using profiles dir at C:\Users\eriku\.dbt
[0m14:38:21.304667 [info ] [MainThread]: Using profiles.yml file at C:\Users\eriku\.dbt\profiles.yml
[0m14:38:21.305666 [info ] [MainThread]: Using dbt_project.yml file at C:\Users\eriku\Desktop\DataenginerSTI2024-2026\Github\data_warehouse_lifecycle_de24\11\dbt_code\dbt_project.yml
[0m14:38:21.306817 [info ] [MainThread]: adapter type: snowflake
[0m14:38:21.306817 [info ] [MainThread]: adapter version: 1.10.0
[0m14:38:21.441320 [info ] [MainThread]: Configuration:
[0m14:38:21.441787 [info ] [MainThread]:   profiles.yml file [[32mOK found and valid[0m]
[0m14:38:21.442793 [info ] [MainThread]:   dbt_project.yml file [[32mOK found and valid[0m]
[0m14:38:21.442793 [info ] [MainThread]: Required dependencies:
[0m14:38:21.444133 [debug] [MainThread]: Executing "git --help"
[0m14:38:21.470305 [debug] [MainThread]: STDOUT: "b"usage: git [-v | --version] [-h | --help] [-C <path>] [-c <name>=<value>]\n           [--exec-path[=<path>]] [--html-path] [--man-path] [--info-path]\n           [-p | --paginate | -P | --no-pager] [--no-replace-objects] [--no-lazy-fetch]\n           [--no-optional-locks] [--no-advice] [--bare] [--git-dir=<path>]\n           [--work-tree=<path>] [--namespace=<name>] [--config-env=<name>=<envvar>]\n           <command> [<args>]\n\nThese are common Git commands used in various situations:\n\nstart a working area (see also: git help tutorial)\n   clone     Clone a repository into a new directory\n   init      Create an empty Git repository or reinitialize an existing one\n\nwork on the current change (see also: git help everyday)\n   add       Add file contents to the index\n   mv        Move or rename a file, a directory, or a symlink\n   restore   Restore working tree files\n   rm        Remove files from the working tree and from the index\n\nexamine the history and state (see also: git help revisions)\n   bisect    Use binary search to find the commit that introduced a bug\n   diff      Show changes between commits, commit and working tree, etc\n   grep      Print lines matching a pattern\n   log       Show commit logs\n   show      Show various types of objects\n   status    Show the working tree status\n\ngrow, mark and tweak your common history\n   branch    List, create, or delete branches\n   commit    Record changes to the repository\n   merge     Join two or more development histories together\n   rebase    Reapply commits on top of another base tip\n   reset     Reset current HEAD to the specified state\n   switch    Switch branches\n   tag       Create, list, delete or verify a tag object signed with GPG\n\ncollaborate (see also: git help workflows)\n   fetch     Download objects and refs from another repository\n   pull      Fetch from and integrate with another repository or a local branch\n   push      Update remote refs along with associated objects\n\n'git help -a' and 'git help -g' list available subcommands and some\nconcept guides. See 'git help <command>' or 'git help <concept>'\nto read about a specific subcommand or concept.\nSee 'git help git' for an overview of the system.\n""
[0m14:38:21.471358 [debug] [MainThread]: STDERR: "b''"
[0m14:38:21.471358 [info ] [MainThread]:  - git [[32mOK found[0m]

[0m14:38:21.472304 [info ] [MainThread]: Connection:
[0m14:38:21.473304 [info ] [MainThread]:   account: ma68735.west-europe.azure
[0m14:38:21.473304 [info ] [MainThread]:   user: transformer
[0m14:38:21.474308 [info ] [MainThread]:   database: job_ads
[0m14:38:21.474308 [info ] [MainThread]:   warehouse: dev_wh
[0m14:38:21.475356 [info ] [MainThread]:   role: job_ads_dbt_role
[0m14:38:21.475356 [info ] [MainThread]:   schema: warehouse
[0m14:38:21.476307 [info ] [MainThread]:   authenticator: None
[0m14:38:21.477309 [info ] [MainThread]:   oauth_client_id: None
[0m14:38:21.479306 [info ] [MainThread]:   query_tag: None
[0m14:38:21.481308 [info ] [MainThread]:   client_session_keep_alive: False
[0m14:38:21.483307 [info ] [MainThread]:   host: None
[0m14:38:21.484305 [info ] [MainThread]:   port: None
[0m14:38:21.485307 [info ] [MainThread]:   proxy_host: None
[0m14:38:21.486306 [info ] [MainThread]:   proxy_port: None
[0m14:38:21.488306 [info ] [MainThread]:   protocol: None
[0m14:38:21.490304 [info ] [MainThread]:   connect_retries: 1
[0m14:38:21.491306 [info ] [MainThread]:   connect_timeout: None
[0m14:38:21.493305 [info ] [MainThread]:   retry_on_database_errors: False
[0m14:38:21.494304 [info ] [MainThread]:   retry_all: False
[0m14:38:21.495304 [info ] [MainThread]:   insecure_mode: False
[0m14:38:21.496304 [info ] [MainThread]:   reuse_connections: True
[0m14:38:21.498305 [info ] [MainThread]:   s3_stage_vpce_dns_name: None
[0m14:38:21.499305 [info ] [MainThread]: Registered adapter: snowflake=1.10.0
[0m14:38:22.107227 [debug] [MainThread]: Acquiring new snowflake connection 'debug'
[0m14:38:22.158670 [debug] [MainThread]: Using snowflake connection "debug"
[0m14:38:22.158670 [debug] [MainThread]: On debug: select 1 as id
[0m14:38:22.158670 [debug] [MainThread]: Opening a new connection, currently in state init
[0m14:38:24.834453 [debug] [MainThread]: Snowflake adapter: Error running SQL: select 1 as id
[0m14:38:24.835451 [debug] [MainThread]: Snowflake adapter: Rolling back transaction.
[0m14:38:24.836453 [info ] [MainThread]:   Connection test: [[31mERROR[0m]

[0m14:38:24.838864 [info ] [MainThread]: [31m1 check failed:[0m
[0m14:38:24.838864 [info ] [MainThread]: dbt was unable to connect to the specified database.
The database returned the following error:

  >Database Error
  250001 (08001): Failed to connect to DB: ma68735.west-europe.azure.snowflakecomputing.com:443. Incorrect username or password was specified.

Check your database credentials and try again. For more information, visit:
https://docs.getdbt.com/docs/configure-your-profile


[0m14:38:24.840955 [debug] [MainThread]: Command `dbt debug` failed at 14:38:24.839897 after 5.11 seconds
[0m14:38:24.840955 [debug] [MainThread]: Connection 'debug' was left open.
[0m14:38:24.841954 [debug] [MainThread]: On debug: No close available on handle
[0m14:38:24.841954 [debug] [MainThread]: Sending event: {'category': 'dbt', 'action': 'invocation', 'label': 'end', 'context': [<snowplow_tracker.self_describing_json.SelfDescribingJson object at 0x0000021EB63CCE60>, <snowplow_tracker.self_describing_json.SelfDescribingJson object at 0x0000021ECA09ECF0>, <snowplow_tracker.self_describing_json.SelfDescribingJson object at 0x0000021EB910BD70>]}
[0m14:38:24.842960 [debug] [MainThread]: Flushing usage events
[0m14:38:25.751621 [debug] [MainThread]: An error was encountered while trying to flush usage events
[0m14:54:24.785831 [debug] [MainThread]: Sending event: {'category': 'dbt', 'action': 'invocation', 'label': 'start', 'context': [<snowplow_tracker.self_describing_json.SelfDescribingJson object at 0x0000025173639BB0>, <snowplow_tracker.self_describing_json.SelfDescribingJson object at 0x000002517628BFE0>, <snowplow_tracker.self_describing_json.SelfDescribingJson object at 0x000002517628AE10>]}


============================== 14:54:24.792310 | 508129ec-204a-449f-a110-fc405c6a5ac2 ==============================
[0m14:54:24.792310 [info ] [MainThread]: Running with dbt=1.10.10
[0m14:54:24.793217 [debug] [MainThread]: running dbt with arguments {'partial_parse': 'True', 'profiles_dir': 'C:\\Users\\eriku\\.dbt', 'send_anonymous_usage_stats': 'True', 'use_colors': 'True', 'cache_selected_only': 'False', 'target_path': 'None', 'warn_error': 'None', 'invocation_command': 'dbt debug', 'log_format': 'default', 'version_check': 'True', 'introspect': 'True', 'debug': 'False', 'printer_width': '80', 'fail_fast': 'False', 'no_print': 'None', 'quiet': 'False', 'empty': 'None', 'use_experimental_parser': 'False', 'log_cache_events': 'False', 'log_path': 'C:\\Users\\eriku\\Desktop\\DataenginerSTI2024-2026\\Github\\data_warehouse_lifecycle_de24\\11\\dbt_code\\logs', 'indirect_selection': 'eager', 'write_json': 'True', 'warn_error_options': 'WarnErrorOptionsV2(error=[], warn=[], silence=[])', 'static_parser': 'True'}
[0m14:54:24.826084 [info ] [MainThread]: dbt version: 1.10.10
[0m14:54:24.827081 [info ] [MainThread]: python version: 3.12.6
[0m14:54:24.827081 [info ] [MainThread]: python path: C:\Users\eriku\Desktop\DataenginerSTI2024-2026\Github\data_warehouse_lifecycle_de24\venv\Scripts\python.exe
[0m14:54:24.828346 [info ] [MainThread]: os info: Windows-11-10.0.26100-SP0
[0m14:54:26.264619 [info ] [MainThread]: Using profiles dir at C:\Users\eriku\.dbt
[0m14:54:26.265739 [info ] [MainThread]: Using profiles.yml file at C:\Users\eriku\.dbt\profiles.yml
[0m14:54:26.266423 [info ] [MainThread]: Using dbt_project.yml file at C:\Users\eriku\Desktop\DataenginerSTI2024-2026\Github\data_warehouse_lifecycle_de24\11\dbt_code\dbt_project.yml
[0m14:54:26.268430 [info ] [MainThread]: adapter type: snowflake
[0m14:54:26.269430 [info ] [MainThread]: adapter version: 1.10.0
[0m14:54:26.399407 [info ] [MainThread]: Configuration:
[0m14:54:26.400414 [info ] [MainThread]:   profiles.yml file [[32mOK found and valid[0m]
[0m14:54:26.401338 [info ] [MainThread]:   dbt_project.yml file [[32mOK found and valid[0m]
[0m14:54:26.401338 [info ] [MainThread]: Required dependencies:
[0m14:54:26.402329 [debug] [MainThread]: Executing "git --help"
[0m14:54:26.422329 [debug] [MainThread]: STDOUT: "b"usage: git [-v | --version] [-h | --help] [-C <path>] [-c <name>=<value>]\n           [--exec-path[=<path>]] [--html-path] [--man-path] [--info-path]\n           [-p | --paginate | -P | --no-pager] [--no-replace-objects] [--no-lazy-fetch]\n           [--no-optional-locks] [--no-advice] [--bare] [--git-dir=<path>]\n           [--work-tree=<path>] [--namespace=<name>] [--config-env=<name>=<envvar>]\n           <command> [<args>]\n\nThese are common Git commands used in various situations:\n\nstart a working area (see also: git help tutorial)\n   clone     Clone a repository into a new directory\n   init      Create an empty Git repository or reinitialize an existing one\n\nwork on the current change (see also: git help everyday)\n   add       Add file contents to the index\n   mv        Move or rename a file, a directory, or a symlink\n   restore   Restore working tree files\n   rm        Remove files from the working tree and from the index\n\nexamine the history and state (see also: git help revisions)\n   bisect    Use binary search to find the commit that introduced a bug\n   diff      Show changes between commits, commit and working tree, etc\n   grep      Print lines matching a pattern\n   log       Show commit logs\n   show      Show various types of objects\n   status    Show the working tree status\n\ngrow, mark and tweak your common history\n   branch    List, create, or delete branches\n   commit    Record changes to the repository\n   merge     Join two or more development histories together\n   rebase    Reapply commits on top of another base tip\n   reset     Reset current HEAD to the specified state\n   switch    Switch branches\n   tag       Create, list, delete or verify a tag object signed with GPG\n\ncollaborate (see also: git help workflows)\n   fetch     Download objects and refs from another repository\n   pull      Fetch from and integrate with another repository or a local branch\n   push      Update remote refs along with associated objects\n\n'git help -a' and 'git help -g' list available subcommands and some\nconcept guides. See 'git help <command>' or 'git help <concept>'\nto read about a specific subcommand or concept.\nSee 'git help git' for an overview of the system.\n""
[0m14:54:26.422329 [debug] [MainThread]: STDERR: "b''"
[0m14:54:26.423269 [info ] [MainThread]:  - git [[32mOK found[0m]

[0m14:54:26.423269 [info ] [MainThread]: Connection:
[0m14:54:26.424362 [info ] [MainThread]:   account: ma68735.west-europe.azure
[0m14:54:26.424362 [info ] [MainThread]:   user: transformer
[0m14:54:26.425365 [info ] [MainThread]:   database: job_ads
[0m14:54:26.425365 [info ] [MainThread]:   warehouse: dev_wh
[0m14:54:26.426351 [info ] [MainThread]:   role: job_ads_dbt_role
[0m14:54:26.427356 [info ] [MainThread]:   schema: warehouse
[0m14:54:26.427356 [info ] [MainThread]:   authenticator: None
[0m14:54:26.427356 [info ] [MainThread]:   oauth_client_id: None
[0m14:54:26.428845 [info ] [MainThread]:   query_tag: None
[0m14:54:26.428845 [info ] [MainThread]:   client_session_keep_alive: False
[0m14:54:26.429850 [info ] [MainThread]:   host: None
[0m14:54:26.429850 [info ] [MainThread]:   port: None
[0m14:54:26.430852 [info ] [MainThread]:   proxy_host: None
[0m14:54:26.430852 [info ] [MainThread]:   proxy_port: None
[0m14:54:26.432064 [info ] [MainThread]:   protocol: None
[0m14:54:26.432064 [info ] [MainThread]:   connect_retries: 1
[0m14:54:26.433072 [info ] [MainThread]:   connect_timeout: None
[0m14:54:26.434075 [info ] [MainThread]:   retry_on_database_errors: False
[0m14:54:26.434075 [info ] [MainThread]:   retry_all: False
[0m14:54:26.435073 [info ] [MainThread]:   insecure_mode: False
[0m14:54:26.435073 [info ] [MainThread]:   reuse_connections: True
[0m14:54:26.436072 [info ] [MainThread]:   s3_stage_vpce_dns_name: None
[0m14:54:26.438153 [info ] [MainThread]: Registered adapter: snowflake=1.10.0
[0m14:54:26.759587 [debug] [MainThread]: Acquiring new snowflake connection 'debug'
[0m14:54:26.891890 [debug] [MainThread]: Using snowflake connection "debug"
[0m14:54:26.891890 [debug] [MainThread]: On debug: select 1 as id
[0m14:54:26.891890 [debug] [MainThread]: Opening a new connection, currently in state init
[0m14:54:29.525584 [debug] [MainThread]: Snowflake adapter: Error running SQL: select 1 as id
[0m14:54:29.526583 [debug] [MainThread]: Snowflake adapter: Rolling back transaction.
[0m14:54:29.527583 [info ] [MainThread]:   Connection test: [[31mERROR[0m]

[0m14:54:29.528912 [info ] [MainThread]: [31m1 check failed:[0m
[0m14:54:29.529838 [info ] [MainThread]: dbt was unable to connect to the specified database.
The database returned the following error:

  >Database Error
  250001 (08001): Failed to connect to DB: ma68735.west-europe.azure.snowflakecomputing.com:443. Your user account has been temporarily locked. Try again later or contact your account administrator for assistance. For more information about this error, go to https://community.snowflake.com/s/error-your-user-login-has-been-locked.

Check your database credentials and try again. For more information, visit:
https://docs.getdbt.com/docs/configure-your-profile


[0m14:54:29.530844 [debug] [MainThread]: Command `dbt debug` failed at 14:54:29.530844 after 5.02 seconds
[0m14:54:29.530844 [debug] [MainThread]: Connection 'debug' was left open.
[0m14:54:29.533945 [debug] [MainThread]: On debug: No close available on handle
[0m14:54:29.533945 [debug] [MainThread]: Sending event: {'category': 'dbt', 'action': 'invocation', 'label': 'end', 'context': [<snowplow_tracker.self_describing_json.SelfDescribingJson object at 0x0000025176732B10>, <snowplow_tracker.self_describing_json.SelfDescribingJson object at 0x000002517354CDD0>, <snowplow_tracker.self_describing_json.SelfDescribingJson object at 0x000002517609CCE0>]}
[0m14:54:29.533945 [debug] [MainThread]: Flushing usage events
[0m14:54:30.463173 [debug] [MainThread]: An error was encountered while trying to flush usage events
[0m15:39:56.639627 [debug] [MainThread]: Sending event: {'category': 'dbt', 'action': 'invocation', 'label': 'start', 'context': [<snowplow_tracker.self_describing_json.SelfDescribingJson object at 0x000001CF6D97D160>, <snowplow_tracker.self_describing_json.SelfDescribingJson object at 0x000001CF6E414D40>, <snowplow_tracker.self_describing_json.SelfDescribingJson object at 0x000001CF6E416C90>]}


============================== 15:39:56.645575 | cd32a511-b4f5-4273-b086-d525c0b9250b ==============================
[0m15:39:56.645575 [info ] [MainThread]: Running with dbt=1.10.10
[0m15:39:56.646525 [debug] [MainThread]: running dbt with arguments {'partial_parse': 'True', 'static_parser': 'True', 'send_anonymous_usage_stats': 'True', 'warn_error': 'None', 'cache_selected_only': 'False', 'target_path': 'None', 'use_colors': 'True', 'invocation_command': 'dbt run --select src_employer', 'log_format': 'default', 'version_check': 'True', 'introspect': 'True', 'debug': 'False', 'printer_width': '80', 'fail_fast': 'False', 'no_print': 'None', 'empty': 'False', 'use_experimental_parser': 'False', 'log_cache_events': 'False', 'quiet': 'False', 'indirect_selection': 'eager', 'log_path': 'C:\\Users\\eriku\\Desktop\\DataenginerSTI2024-2026\\Github\\data_warehouse_lifecycle_de24\\11\\dbt_code\\logs', 'write_json': 'True', 'warn_error_options': 'WarnErrorOptionsV2(error=[], warn=[], silence=[])', 'profiles_dir': 'C:\\Users\\eriku\\.dbt'}
[0m15:39:58.153035 [debug] [MainThread]: Sending event: {'category': 'dbt', 'action': 'project_id', 'label': 'cd32a511-b4f5-4273-b086-d525c0b9250b', 'context': [<snowplow_tracker.self_describing_json.SelfDescribingJson object at 0x000001CF7F891880>]}
[0m15:39:58.231072 [debug] [MainThread]: Sending event: {'category': 'dbt', 'action': 'adapter_info', 'label': 'cd32a511-b4f5-4273-b086-d525c0b9250b', 'context': [<snowplow_tracker.self_describing_json.SelfDescribingJson object at 0x000001CF7EACE450>]}
[0m15:39:58.232681 [info ] [MainThread]: Registered adapter: snowflake=1.10.0
[0m15:39:58.554499 [debug] [MainThread]: checksum: 502a0dc23e9052e1ae09f7c44ee219ef7a02dfea7e7d66580d54c304c14d553b, vars: {}, profile: , target: , version: 1.10.10
[0m15:39:58.555604 [info ] [MainThread]: Unable to do partial parsing because saved manifest not found. Starting full parse.
[0m15:39:58.555604 [debug] [MainThread]: Sending event: {'category': 'dbt', 'action': 'partial_parser', 'label': 'cd32a511-b4f5-4273-b086-d525c0b9250b', 'context': [<snowplow_tracker.self_describing_json.SelfDescribingJson object at 0x000001CF7F3BF770>]}
[0m15:39:59.940942 [error] [MainThread]: Encountered an error:
Compilation Error
  Model 'model.dbt_code.src_employer' (models\src\src_employer.sql) depends on a source named 'job_ads.stg_data_ads' which was not found
[0m15:39:59.942870 [debug] [MainThread]: Command `dbt run` failed at 15:39:59.942870 after 3.48 seconds
[0m15:39:59.942870 [debug] [MainThread]: Sending event: {'category': 'dbt', 'action': 'invocation', 'label': 'end', 'context': [<snowplow_tracker.self_describing_json.SelfDescribingJson object at 0x000001CF6E3D96D0>, <snowplow_tracker.self_describing_json.SelfDescribingJson object at 0x000001CF01122150>, <snowplow_tracker.self_describing_json.SelfDescribingJson object at 0x000001CF01122090>]}
[0m15:39:59.943943 [debug] [MainThread]: Flushing usage events
[0m15:40:00.989015 [debug] [MainThread]: An error was encountered while trying to flush usage events
[0m15:42:30.762642 [debug] [MainThread]: Sending event: {'category': 'dbt', 'action': 'invocation', 'label': 'start', 'context': [<snowplow_tracker.self_describing_json.SelfDescribingJson object at 0x00000240BD421A60>, <snowplow_tracker.self_describing_json.SelfDescribingJson object at 0x00000240BDADB380>, <snowplow_tracker.self_describing_json.SelfDescribingJson object at 0x00000240BDEB1550>]}


============================== 15:42:30.772741 | 860afd96-9f13-4e9d-b93e-f88b1a1230e3 ==============================
[0m15:42:30.772741 [info ] [MainThread]: Running with dbt=1.10.10
[0m15:42:30.778237 [debug] [MainThread]: running dbt with arguments {'partial_parse': 'True', 'write_json': 'True', 'send_anonymous_usage_stats': 'True', 'use_colors': 'True', 'cache_selected_only': 'False', 'target_path': 'None', 'version_check': 'True', 'invocation_command': 'dbt run', 'log_format': 'default', 'warn_error': 'None', 'introspect': 'True', 'debug': 'False', 'log_cache_events': 'False', 'fail_fast': 'False', 'no_print': 'None', 'empty': 'False', 'quiet': 'False', 'use_experimental_parser': 'False', 'printer_width': '80', 'indirect_selection': 'eager', 'log_path': 'C:\\Users\\eriku\\Desktop\\DataenginerSTI2024-2026\\Github\\data_warehouse_lifecycle_de24\\11\\dbt_code\\logs', 'profiles_dir': 'C:\\Users\\eriku\\.dbt', 'warn_error_options': 'WarnErrorOptionsV2(error=[], warn=[], silence=[])', 'static_parser': 'True'}
[0m15:42:32.597910 [debug] [MainThread]: Sending event: {'category': 'dbt', 'action': 'project_id', 'label': '860afd96-9f13-4e9d-b93e-f88b1a1230e3', 'context': [<snowplow_tracker.self_describing_json.SelfDescribingJson object at 0x00000240BF514890>]}
[0m15:42:32.675138 [debug] [MainThread]: Sending event: {'category': 'dbt', 'action': 'adapter_info', 'label': '860afd96-9f13-4e9d-b93e-f88b1a1230e3', 'context': [<snowplow_tracker.self_describing_json.SelfDescribingJson object at 0x00000240CDFE0260>]}
[0m15:42:32.676131 [info ] [MainThread]: Registered adapter: snowflake=1.10.0
[0m15:42:33.007028 [debug] [MainThread]: checksum: 502a0dc23e9052e1ae09f7c44ee219ef7a02dfea7e7d66580d54c304c14d553b, vars: {}, profile: , target: , version: 1.10.10
[0m15:42:33.007936 [info ] [MainThread]: Unable to do partial parsing because saved manifest not found. Starting full parse.
[0m15:42:33.008935 [debug] [MainThread]: Sending event: {'category': 'dbt', 'action': 'partial_parser', 'label': '860afd96-9f13-4e9d-b93e-f88b1a1230e3', 'context': [<snowplow_tracker.self_describing_json.SelfDescribingJson object at 0x00000240D053C8F0>]}
[0m15:42:34.359529 [error] [MainThread]: Encountered an error:
Compilation Error
  Model 'model.dbt_code.src_employer' (models\src\src_employer.sql) depends on a source named 'job_ads.stg_data_ads' which was not found
[0m15:42:34.360388 [debug] [MainThread]: Command `dbt run` failed at 15:42:34.360388 after 3.80 seconds
[0m15:42:34.361397 [debug] [MainThread]: Sending event: {'category': 'dbt', 'action': 'invocation', 'label': 'end', 'context': [<snowplow_tracker.self_describing_json.SelfDescribingJson object at 0x00000240BE2B4B30>, <snowplow_tracker.self_describing_json.SelfDescribingJson object at 0x00000240D06FEC30>, <snowplow_tracker.self_describing_json.SelfDescribingJson object at 0x00000240D0C9A8A0>]}
[0m15:42:34.361397 [debug] [MainThread]: Flushing usage events
[0m15:42:35.400840 [debug] [MainThread]: An error was encountered while trying to flush usage events
[0m16:07:05.837429 [debug] [MainThread]: Sending event: {'category': 'dbt', 'action': 'invocation', 'label': 'start', 'context': [<snowplow_tracker.self_describing_json.SelfDescribingJson object at 0x0000023F2F58E030>, <snowplow_tracker.self_describing_json.SelfDescribingJson object at 0x0000023F2CA360F0>, <snowplow_tracker.self_describing_json.SelfDescribingJson object at 0x0000023F2F538F20>]}


============================== 16:07:05.845435 | ebc185c8-d0c4-4e1b-9559-7820109e62a7 ==============================
[0m16:07:05.845435 [info ] [MainThread]: Running with dbt=1.10.10
[0m16:07:05.846441 [debug] [MainThread]: running dbt with arguments {'partial_parse': 'True', 'static_parser': 'True', 'send_anonymous_usage_stats': 'True', 'version_check': 'True', 'cache_selected_only': 'False', 'target_path': 'None', 'use_colors': 'True', 'invocation_command': 'dbt debug', 'log_format': 'default', 'warn_error': 'None', 'introspect': 'True', 'debug': 'False', 'printer_width': '80', 'fail_fast': 'False', 'no_print': 'None', 'use_experimental_parser': 'False', 'quiet': 'False', 'log_cache_events': 'False', 'empty': 'None', 'log_path': 'C:\\Users\\eriku\\Desktop\\DataenginerSTI2024-2026\\Github\\data_warehouse_lifecycle_de24\\11\\dbt_code\\logs', 'indirect_selection': 'eager', 'write_json': 'True', 'warn_error_options': 'WarnErrorOptionsV2(error=[], warn=[], silence=[])', 'profiles_dir': 'C:\\Users\\eriku\\.dbt'}
[0m16:07:05.887686 [info ] [MainThread]: dbt version: 1.10.10
[0m16:07:05.888581 [info ] [MainThread]: python version: 3.12.6
[0m16:07:05.888581 [info ] [MainThread]: python path: C:\Users\eriku\Desktop\DataenginerSTI2024-2026\Github\data_warehouse_lifecycle_de24\venv\Scripts\python.exe
[0m16:07:05.889580 [info ] [MainThread]: os info: Windows-11-10.0.26100-SP0
[0m16:07:07.391266 [info ] [MainThread]: Using profiles dir at C:\Users\eriku\.dbt
[0m16:07:07.392170 [info ] [MainThread]: Using profiles.yml file at C:\Users\eriku\.dbt\profiles.yml
[0m16:07:07.392170 [info ] [MainThread]: Using dbt_project.yml file at C:\Users\eriku\Desktop\DataenginerSTI2024-2026\Github\data_warehouse_lifecycle_de24\11\dbt_code\dbt_project.yml
[0m16:07:07.394276 [info ] [MainThread]: adapter type: snowflake
[0m16:07:07.395174 [info ] [MainThread]: adapter version: 1.10.0
[0m16:07:07.530370 [info ] [MainThread]: Configuration:
[0m16:07:07.530370 [info ] [MainThread]:   profiles.yml file [[32mOK found and valid[0m]
[0m16:07:07.531495 [info ] [MainThread]:   dbt_project.yml file [[32mOK found and valid[0m]
[0m16:07:07.531495 [info ] [MainThread]: Required dependencies:
[0m16:07:07.532488 [debug] [MainThread]: Executing "git --help"
[0m16:07:07.559736 [debug] [MainThread]: STDOUT: "b"usage: git [-v | --version] [-h | --help] [-C <path>] [-c <name>=<value>]\n           [--exec-path[=<path>]] [--html-path] [--man-path] [--info-path]\n           [-p | --paginate | -P | --no-pager] [--no-replace-objects] [--no-lazy-fetch]\n           [--no-optional-locks] [--no-advice] [--bare] [--git-dir=<path>]\n           [--work-tree=<path>] [--namespace=<name>] [--config-env=<name>=<envvar>]\n           <command> [<args>]\n\nThese are common Git commands used in various situations:\n\nstart a working area (see also: git help tutorial)\n   clone     Clone a repository into a new directory\n   init      Create an empty Git repository or reinitialize an existing one\n\nwork on the current change (see also: git help everyday)\n   add       Add file contents to the index\n   mv        Move or rename a file, a directory, or a symlink\n   restore   Restore working tree files\n   rm        Remove files from the working tree and from the index\n\nexamine the history and state (see also: git help revisions)\n   bisect    Use binary search to find the commit that introduced a bug\n   diff      Show changes between commits, commit and working tree, etc\n   grep      Print lines matching a pattern\n   log       Show commit logs\n   show      Show various types of objects\n   status    Show the working tree status\n\ngrow, mark and tweak your common history\n   branch    List, create, or delete branches\n   commit    Record changes to the repository\n   merge     Join two or more development histories together\n   rebase    Reapply commits on top of another base tip\n   reset     Reset current HEAD to the specified state\n   switch    Switch branches\n   tag       Create, list, delete or verify a tag object signed with GPG\n\ncollaborate (see also: git help workflows)\n   fetch     Download objects and refs from another repository\n   pull      Fetch from and integrate with another repository or a local branch\n   push      Update remote refs along with associated objects\n\n'git help -a' and 'git help -g' list available subcommands and some\nconcept guides. See 'git help <command>' or 'git help <concept>'\nto read about a specific subcommand or concept.\nSee 'git help git' for an overview of the system.\n""
[0m16:07:07.560261 [debug] [MainThread]: STDERR: "b''"
[0m16:07:07.560793 [info ] [MainThread]:  - git [[32mOK found[0m]

[0m16:07:07.561314 [info ] [MainThread]: Connection:
[0m16:07:07.561862 [info ] [MainThread]:   account: ma68735.west-europe.azure
[0m16:07:07.562391 [info ] [MainThread]:   user: transformer
[0m16:07:07.562910 [info ] [MainThread]:   database: job_ads
[0m16:07:07.563463 [info ] [MainThread]:   warehouse: dev_wh
[0m16:07:07.563988 [info ] [MainThread]:   role: job_ads_dbt_role
[0m16:07:07.565113 [info ] [MainThread]:   schema: warehouse
[0m16:07:07.566785 [info ] [MainThread]:   authenticator: None
[0m16:07:07.567851 [info ] [MainThread]:   oauth_client_id: None
[0m16:07:07.568419 [info ] [MainThread]:   query_tag: None
[0m16:07:07.568997 [info ] [MainThread]:   client_session_keep_alive: False
[0m16:07:07.570054 [info ] [MainThread]:   host: None
[0m16:07:07.570591 [info ] [MainThread]:   port: None
[0m16:07:07.571120 [info ] [MainThread]:   proxy_host: None
[0m16:07:07.571644 [info ] [MainThread]:   proxy_port: None
[0m16:07:07.572175 [info ] [MainThread]:   protocol: None
[0m16:07:07.572702 [info ] [MainThread]:   connect_retries: 1
[0m16:07:07.573225 [info ] [MainThread]:   connect_timeout: None
[0m16:07:07.573751 [info ] [MainThread]:   retry_on_database_errors: False
[0m16:07:07.574311 [info ] [MainThread]:   retry_all: False
[0m16:07:07.575375 [info ] [MainThread]:   insecure_mode: False
[0m16:07:07.575899 [info ] [MainThread]:   reuse_connections: True
[0m16:07:07.576420 [info ] [MainThread]:   s3_stage_vpce_dns_name: None
[0m16:07:07.577426 [info ] [MainThread]: Registered adapter: snowflake=1.10.0
[0m16:07:08.052530 [debug] [MainThread]: Acquiring new snowflake connection 'debug'
[0m16:07:08.120943 [debug] [MainThread]: Using snowflake connection "debug"
[0m16:07:08.120943 [debug] [MainThread]: On debug: select 1 as id
[0m16:07:08.121949 [debug] [MainThread]: Opening a new connection, currently in state init
[0m16:07:10.903198 [debug] [MainThread]: Snowflake adapter: Error running SQL: select 1 as id
[0m16:07:10.903198 [debug] [MainThread]: Snowflake adapter: Rolling back transaction.
[0m16:07:10.904196 [info ] [MainThread]:   Connection test: [[31mERROR[0m]

[0m16:07:10.904196 [info ] [MainThread]: [31m1 check failed:[0m
[0m16:07:10.905199 [info ] [MainThread]: dbt was unable to connect to the specified database.
The database returned the following error:

  >Database Error
  250001 (08001): Failed to connect to DB: ma68735.west-europe.azure.snowflakecomputing.com:443. Incorrect username or password was specified.

Check your database credentials and try again. For more information, visit:
https://docs.getdbt.com/docs/configure-your-profile


[0m16:07:10.907416 [debug] [MainThread]: Command `dbt debug` failed at 16:07:10.907416 after 5.37 seconds
[0m16:07:10.907416 [debug] [MainThread]: Connection 'debug' was left open.
[0m16:07:10.908415 [debug] [MainThread]: On debug: No close available on handle
[0m16:07:10.908415 [debug] [MainThread]: Sending event: {'category': 'dbt', 'action': 'invocation', 'label': 'end', 'context': [<snowplow_tracker.self_describing_json.SelfDescribingJson object at 0x0000023F2F0E88F0>, <snowplow_tracker.self_describing_json.SelfDescribingJson object at 0x0000023F2F61AC90>, <snowplow_tracker.self_describing_json.SelfDescribingJson object at 0x0000023F2EA5F590>]}
[0m16:07:10.908415 [debug] [MainThread]: Flushing usage events
[0m16:07:11.698519 [debug] [MainThread]: An error was encountered while trying to flush usage events
[0m16:37:21.697800 [debug] [MainThread]: Sending event: {'category': 'dbt', 'action': 'invocation', 'label': 'start', 'context': [<snowplow_tracker.self_describing_json.SelfDescribingJson object at 0x0000027975054C80>, <snowplow_tracker.self_describing_json.SelfDescribingJson object at 0x00000279723DDE80>, <snowplow_tracker.self_describing_json.SelfDescribingJson object at 0x0000027975379550>]}


============================== 16:37:21.703803 | 6934d755-227b-4f0f-8cfc-8d8409d2ced4 ==============================
[0m16:37:21.703803 [info ] [MainThread]: Running with dbt=1.10.10
[0m16:37:21.704797 [debug] [MainThread]: running dbt with arguments {'partial_parse': 'True', 'write_json': 'True', 'send_anonymous_usage_stats': 'True', 'warn_error': 'None', 'cache_selected_only': 'False', 'target_path': 'None', 'version_check': 'True', 'invocation_command': 'dbt run', 'log_format': 'default', 'use_colors': 'True', 'introspect': 'True', 'debug': 'False', 'log_cache_events': 'False', 'fail_fast': 'False', 'no_print': 'None', 'empty': 'False', 'printer_width': '80', 'quiet': 'False', 'use_experimental_parser': 'False', 'log_path': 'C:\\Users\\eriku\\Desktop\\DataenginerSTI2024-2026\\Github\\data_warehouse_lifecycle_de24\\11\\dbt_code\\logs', 'indirect_selection': 'eager', 'profiles_dir': 'C:\\Users\\eriku\\.dbt', 'warn_error_options': 'WarnErrorOptionsV2(error=[], warn=[], silence=[])', 'static_parser': 'True'}
[0m16:37:23.208013 [debug] [MainThread]: Sending event: {'category': 'dbt', 'action': 'project_id', 'label': '6934d755-227b-4f0f-8cfc-8d8409d2ced4', 'context': [<snowplow_tracker.self_describing_json.SelfDescribingJson object at 0x000002797F0984A0>]}
[0m16:37:23.277024 [debug] [MainThread]: Sending event: {'category': 'dbt', 'action': 'adapter_info', 'label': '6934d755-227b-4f0f-8cfc-8d8409d2ced4', 'context': [<snowplow_tracker.self_describing_json.SelfDescribingJson object at 0x000002797F0D1250>]}
[0m16:37:23.279196 [info ] [MainThread]: Registered adapter: snowflake=1.10.0
[0m16:37:23.798366 [debug] [MainThread]: checksum: 502a0dc23e9052e1ae09f7c44ee219ef7a02dfea7e7d66580d54c304c14d553b, vars: {}, profile: , target: , version: 1.10.10
[0m16:37:23.799381 [info ] [MainThread]: Unable to do partial parsing because saved manifest not found. Starting full parse.
[0m16:37:23.800423 [debug] [MainThread]: Sending event: {'category': 'dbt', 'action': 'partial_parser', 'label': '6934d755-227b-4f0f-8cfc-8d8409d2ced4', 'context': [<snowplow_tracker.self_describing_json.SelfDescribingJson object at 0x0000027907816150>]}
[0m16:37:25.125898 [error] [MainThread]: [[31mERROR[0m]: Found spaces in the name of
`model.dbt_code.updated_headline_macro (1)`
[0m16:37:25.126897 [error] [MainThread]: Encountered an error:
Runtime Error
  Resource names cannot contain spaces
[0m16:37:25.129149 [debug] [MainThread]: Command `dbt run` failed at 16:37:25.128152 after 3.70 seconds
[0m16:37:25.130178 [debug] [MainThread]: Sending event: {'category': 'dbt', 'action': 'invocation', 'label': 'end', 'context': [<snowplow_tracker.self_describing_json.SelfDescribingJson object at 0x00000279750DB440>, <snowplow_tracker.self_describing_json.SelfDescribingJson object at 0x0000027975054830>, <snowplow_tracker.self_describing_json.SelfDescribingJson object at 0x0000027974FE3AD0>]}
[0m16:37:25.130178 [debug] [MainThread]: Flushing usage events
[0m16:37:26.245644 [debug] [MainThread]: An error was encountered while trying to flush usage events
[0m16:43:21.899880 [debug] [MainThread]: Sending event: {'category': 'dbt', 'action': 'invocation', 'label': 'start', 'context': [<snowplow_tracker.self_describing_json.SelfDescribingJson object at 0x0000020FFF8CD910>, <snowplow_tracker.self_describing_json.SelfDescribingJson object at 0x0000020F8047B620>, <snowplow_tracker.self_describing_json.SelfDescribingJson object at 0x0000020F803F6CC0>]}


============================== 16:43:21.908424 | 852ed163-3c9b-41ad-8e8a-9f898a670670 ==============================
[0m16:43:21.908424 [info ] [MainThread]: Running with dbt=1.10.10
[0m16:43:21.908961 [debug] [MainThread]: running dbt with arguments {'partial_parse': 'True', 'static_parser': 'True', 'send_anonymous_usage_stats': 'True', 'version_check': 'True', 'cache_selected_only': 'False', 'target_path': 'None', 'warn_error': 'None', 'invocation_command': 'dbt run', 'log_format': 'default', 'use_colors': 'True', 'introspect': 'True', 'debug': 'False', 'printer_width': '80', 'fail_fast': 'False', 'no_print': 'None', 'quiet': 'False', 'use_experimental_parser': 'False', 'empty': 'False', 'log_cache_events': 'False', 'indirect_selection': 'eager', 'log_path': 'C:\\Users\\eriku\\Desktop\\DataenginerSTI2024-2026\\Github\\data_warehouse_lifecycle_de24\\11\\dbt_code\\logs', 'write_json': 'True', 'warn_error_options': 'WarnErrorOptionsV2(error=[], warn=[], silence=[])', 'profiles_dir': 'C:\\Users\\eriku\\.dbt'}
[0m16:43:23.413840 [debug] [MainThread]: Sending event: {'category': 'dbt', 'action': 'project_id', 'label': '852ed163-3c9b-41ad-8e8a-9f898a670670', 'context': [<snowplow_tracker.self_describing_json.SelfDescribingJson object at 0x0000020F800CCEC0>]}
[0m16:43:23.482601 [debug] [MainThread]: Sending event: {'category': 'dbt', 'action': 'adapter_info', 'label': '852ed163-3c9b-41ad-8e8a-9f898a670670', 'context': [<snowplow_tracker.self_describing_json.SelfDescribingJson object at 0x0000020FFE32C440>]}
[0m16:43:23.484857 [info ] [MainThread]: Registered adapter: snowflake=1.10.0
[0m16:43:23.986221 [debug] [MainThread]: checksum: 502a0dc23e9052e1ae09f7c44ee219ef7a02dfea7e7d66580d54c304c14d553b, vars: {}, profile: , target: , version: 1.10.10
[0m16:43:24.204980 [debug] [MainThread]: Partial parsing enabled: 1 files deleted, 0 files added, 0 files changed.
[0m16:43:24.206065 [debug] [MainThread]: Partial parsing: deleted file: dbt_code://models\refined\updated_headline_macro (1).sql
[0m16:43:24.254954 [warn ] [MainThread]: [[33mWARNING[0m]: Configuration paths exist in your dbt_project.yml file which do not apply to any resources.
There are 3 unused configuration paths:
- models.dbt_code.dim
- models.dbt_code.mart
- models.dbt_code.fct
[0m16:43:24.269175 [debug] [MainThread]: Sending event: {'category': 'dbt', 'action': 'load_project', 'label': '852ed163-3c9b-41ad-8e8a-9f898a670670', 'context': [<snowplow_tracker.self_describing_json.SelfDescribingJson object at 0x0000020F92B9F440>]}
[0m16:43:24.336493 [debug] [MainThread]: Wrote artifact WritableManifest to C:\Users\eriku\Desktop\DataenginerSTI2024-2026\Github\data_warehouse_lifecycle_de24\11\dbt_code\target\manifest.json
[0m16:43:24.410262 [debug] [MainThread]: Wrote artifact SemanticManifest to C:\Users\eriku\Desktop\DataenginerSTI2024-2026\Github\data_warehouse_lifecycle_de24\11\dbt_code\target\semantic_manifest.json
[0m16:43:24.648294 [debug] [MainThread]: Sending event: {'category': 'dbt', 'action': 'resource_counts', 'label': '852ed163-3c9b-41ad-8e8a-9f898a670670', 'context': [<snowplow_tracker.self_describing_json.SelfDescribingJson object at 0x0000020F92F28800>]}
[0m16:43:24.648294 [info ] [MainThread]: Found 3 models, 1 source, 595 macros
[0m16:43:24.649388 [debug] [MainThread]: Sending event: {'category': 'dbt', 'action': 'runnable_timing', 'label': '852ed163-3c9b-41ad-8e8a-9f898a670670', 'context': [<snowplow_tracker.self_describing_json.SelfDescribingJson object at 0x0000020F92FF74A0>]}
[0m16:43:24.650487 [info ] [MainThread]: 
[0m16:43:24.651495 [info ] [MainThread]: Concurrency: 1 threads (target='dev')
[0m16:43:24.652502 [info ] [MainThread]: 
[0m16:43:24.652502 [debug] [MainThread]: Acquiring new snowflake connection 'master'
[0m16:43:24.656848 [debug] [ThreadPool]: Acquiring new snowflake connection 'list_job_ads'
[0m16:43:24.720997 [debug] [ThreadPool]: Using snowflake connection "list_job_ads"
[0m16:43:24.721997 [debug] [ThreadPool]: On list_job_ads: show terse schemas in database job_ads
    limit 10000
/* {"app": "dbt", "dbt_version": "1.10.10", "profile_name": "dbt_snowflake", "target_name": "dev", "connection_name": "list_job_ads"} */
[0m16:43:24.721997 [debug] [ThreadPool]: Opening a new connection, currently in state init
[0m16:43:27.713070 [debug] [ThreadPool]: Snowflake adapter: Error running SQL: show terse schemas in database job_ads
    limit 10000
/* {"app": "dbt", "dbt_version": "1.10.10", "profile_name": "dbt_snowflake", "target_name": "dev", "connection_name": "list_job_ads"} */
[0m16:43:27.714070 [debug] [ThreadPool]: Snowflake adapter: Rolling back transaction.
[0m16:43:27.715071 [debug] [ThreadPool]: Snowflake adapter: Error running SQL: macro list_schemas
[0m16:43:27.716071 [debug] [ThreadPool]: Snowflake adapter: Rolling back transaction.
[0m16:43:27.717063 [debug] [MainThread]: Connection 'master' was properly closed.
[0m16:43:27.717063 [debug] [MainThread]: Connection 'list_job_ads' was left open.
[0m16:43:27.718064 [debug] [MainThread]: On list_job_ads: No close available on handle
[0m16:43:27.718064 [info ] [MainThread]: 
[0m16:43:27.719067 [info ] [MainThread]: Finished running  in 0 hours 0 minutes and 3.07 seconds (3.07s).
[0m16:43:27.721068 [error] [MainThread]: Encountered an error:
Runtime Error
  Database error while listing schemas in database "job_ads"
  Database Error
    250001 (08001): Failed to connect to DB: ma68735.west-europe.azure.snowflakecomputing.com:443. Incorrect username or password was specified.
[0m16:43:27.722067 [debug] [MainThread]: Command `dbt run` failed at 16:43:27.722067 after 6.10 seconds
[0m16:43:27.722067 [debug] [MainThread]: Sending event: {'category': 'dbt', 'action': 'invocation', 'label': 'end', 'context': [<snowplow_tracker.self_describing_json.SelfDescribingJson object at 0x0000020F80939700>, <snowplow_tracker.self_describing_json.SelfDescribingJson object at 0x0000020F92F28E60>, <snowplow_tracker.self_describing_json.SelfDescribingJson object at 0x0000020F92F2AC00>]}
[0m16:43:27.723807 [debug] [MainThread]: Flushing usage events
[0m16:43:28.833009 [debug] [MainThread]: An error was encountered while trying to flush usage events
[0m16:47:07.026030 [debug] [MainThread]: Sending event: {'category': 'dbt', 'action': 'invocation', 'label': 'start', 'context': [<snowplow_tracker.self_describing_json.SelfDescribingJson object at 0x0000016E8A09AAE0>, <snowplow_tracker.self_describing_json.SelfDescribingJson object at 0x0000016E873711C0>, <snowplow_tracker.self_describing_json.SelfDescribingJson object at 0x0000016E89E422A0>]}


============================== 16:47:07.030272 | cea42b53-9ab1-4865-977d-86e4f0849f5f ==============================
[0m16:47:07.030272 [info ] [MainThread]: Running with dbt=1.10.10
[0m16:47:07.030272 [debug] [MainThread]: running dbt with arguments {'partial_parse': 'True', 'write_json': 'True', 'send_anonymous_usage_stats': 'True', 'version_check': 'True', 'cache_selected_only': 'False', 'target_path': 'None', 'warn_error': 'None', 'invocation_command': 'dbt run', 'log_format': 'default', 'use_colors': 'True', 'introspect': 'True', 'debug': 'False', 'log_cache_events': 'False', 'fail_fast': 'False', 'no_print': 'None', 'empty': 'False', 'use_experimental_parser': 'False', 'quiet': 'False', 'printer_width': '80', 'log_path': 'C:\\Users\\eriku\\Desktop\\DataenginerSTI2024-2026\\Github\\data_warehouse_lifecycle_de24\\11\\dbt_code\\logs', 'indirect_selection': 'eager', 'profiles_dir': 'C:\\Users\\eriku\\.dbt', 'warn_error_options': 'WarnErrorOptionsV2(error=[], warn=[], silence=[])', 'static_parser': 'True'}
[0m16:47:08.028629 [debug] [MainThread]: Sending event: {'category': 'dbt', 'action': 'project_id', 'label': 'cea42b53-9ab1-4865-977d-86e4f0849f5f', 'context': [<snowplow_tracker.self_describing_json.SelfDescribingJson object at 0x0000016E9C789880>]}
[0m16:47:08.103972 [debug] [MainThread]: Sending event: {'category': 'dbt', 'action': 'adapter_info', 'label': 'cea42b53-9ab1-4865-977d-86e4f0849f5f', 'context': [<snowplow_tracker.self_describing_json.SelfDescribingJson object at 0x0000016E9C62D340>]}
[0m16:47:08.106217 [info ] [MainThread]: Registered adapter: snowflake=1.10.0
[0m16:47:08.345382 [debug] [MainThread]: checksum: 502a0dc23e9052e1ae09f7c44ee219ef7a02dfea7e7d66580d54c304c14d553b, vars: {}, profile: , target: , version: 1.10.10
[0m16:47:08.538456 [debug] [MainThread]: Partial parsing enabled: 0 files deleted, 0 files added, 0 files changed.
[0m16:47:08.539456 [debug] [MainThread]: Partial parsing enabled, no changes found, skipping parsing
[0m16:47:08.546996 [warn ] [MainThread]: [[33mWARNING[0m]: Configuration paths exist in your dbt_project.yml file which do not apply to any resources.
There are 3 unused configuration paths:
- models.dbt_code.dim
- models.dbt_code.mart
- models.dbt_code.fct
[0m16:47:08.581539 [debug] [MainThread]: Sending event: {'category': 'dbt', 'action': 'load_project', 'label': 'cea42b53-9ab1-4865-977d-86e4f0849f5f', 'context': [<snowplow_tracker.self_describing_json.SelfDescribingJson object at 0x0000016E9C89D460>]}
[0m16:47:08.649458 [debug] [MainThread]: Wrote artifact WritableManifest to C:\Users\eriku\Desktop\DataenginerSTI2024-2026\Github\data_warehouse_lifecycle_de24\11\dbt_code\target\manifest.json
[0m16:47:08.652460 [debug] [MainThread]: Wrote artifact SemanticManifest to C:\Users\eriku\Desktop\DataenginerSTI2024-2026\Github\data_warehouse_lifecycle_de24\11\dbt_code\target\semantic_manifest.json
[0m16:47:08.679188 [debug] [MainThread]: Sending event: {'category': 'dbt', 'action': 'resource_counts', 'label': 'cea42b53-9ab1-4865-977d-86e4f0849f5f', 'context': [<snowplow_tracker.self_describing_json.SelfDescribingJson object at 0x0000016E9CCC07D0>]}
[0m16:47:08.679188 [info ] [MainThread]: Found 3 models, 1 source, 595 macros
[0m16:47:08.680214 [debug] [MainThread]: Sending event: {'category': 'dbt', 'action': 'runnable_timing', 'label': 'cea42b53-9ab1-4865-977d-86e4f0849f5f', 'context': [<snowplow_tracker.self_describing_json.SelfDescribingJson object at 0x0000016E9CCB7560>]}
[0m16:47:08.681485 [info ] [MainThread]: 
[0m16:47:08.682471 [info ] [MainThread]: Concurrency: 1 threads (target='dev')
[0m16:47:08.682471 [info ] [MainThread]: 
[0m16:47:08.683466 [debug] [MainThread]: Acquiring new snowflake connection 'master'
[0m16:47:08.687493 [debug] [ThreadPool]: Acquiring new snowflake connection 'list_job_ads'
[0m16:47:08.805510 [debug] [ThreadPool]: Using snowflake connection "list_job_ads"
[0m16:47:08.806779 [debug] [ThreadPool]: On list_job_ads: show terse schemas in database job_ads
    limit 10000
/* {"app": "dbt", "dbt_version": "1.10.10", "profile_name": "dbt_snowflake", "target_name": "dev", "connection_name": "list_job_ads"} */
[0m16:47:08.806779 [debug] [ThreadPool]: Opening a new connection, currently in state init
[0m16:47:11.765988 [debug] [ThreadPool]: SQL status: SUCCESS 4 in 2.959 seconds
[0m16:47:11.771026 [debug] [ThreadPool]: Acquiring new snowflake connection 'list_job_ads_warehouse'
[0m16:47:11.781645 [debug] [ThreadPool]: Using snowflake connection "list_job_ads_warehouse"
[0m16:47:11.781645 [debug] [ThreadPool]: On list_job_ads_warehouse: show objects in job_ads.warehouse
    limit 10000
    

/* {"app": "dbt", "dbt_version": "1.10.10", "profile_name": "dbt_snowflake", "target_name": "dev", "connection_name": "list_job_ads_warehouse"} */;
[0m16:47:11.782640 [debug] [ThreadPool]: Opening a new connection, currently in state init
[0m16:47:14.344605 [debug] [ThreadPool]: SQL status: SUCCESS 0 in 2.562 seconds
[0m16:47:14.348604 [debug] [MainThread]: Sending event: {'category': 'dbt', 'action': 'runnable_timing', 'label': 'cea42b53-9ab1-4865-977d-86e4f0849f5f', 'context': [<snowplow_tracker.self_describing_json.SelfDescribingJson object at 0x0000016E87674830>]}
[0m16:47:14.389767 [debug] [Thread-1 (]: Began running node model.dbt_code.original_headline
[0m16:47:14.390846 [info ] [Thread-1 (]: 1 of 2 START sql table model warehouse.original_headline ....................... [RUN]
[0m16:47:14.391768 [debug] [Thread-1 (]: Acquiring new snowflake connection 'model.dbt_code.original_headline'
[0m16:47:14.391768 [debug] [Thread-1 (]: Began compiling node model.dbt_code.original_headline
[0m16:47:14.397857 [debug] [Thread-1 (]: Writing injected SQL for node "model.dbt_code.original_headline"
[0m16:47:14.399767 [debug] [Thread-1 (]: Began executing node model.dbt_code.original_headline
[0m16:47:14.433824 [debug] [Thread-1 (]: Writing runtime sql for node "model.dbt_code.original_headline"
[0m16:47:14.437838 [debug] [Thread-1 (]: Using snowflake connection "model.dbt_code.original_headline"
[0m16:47:14.437838 [debug] [Thread-1 (]: On model.dbt_code.original_headline: create or replace transient table job_ads.warehouse.original_headline
    
    
    
    as (SELECT 
    headline
FROM job_ads.staging.data_field_job_ads
    )

/* {"app": "dbt", "dbt_version": "1.10.10", "profile_name": "dbt_snowflake", "target_name": "dev", "node_id": "model.dbt_code.original_headline"} */;
[0m16:47:14.438877 [debug] [Thread-1 (]: Opening a new connection, currently in state init
[0m16:47:21.181840 [debug] [Thread-1 (]: SQL status: SUCCESS 1 in 6.743 seconds
[0m16:47:21.214738 [debug] [Thread-1 (]: Sending event: {'category': 'dbt', 'action': 'run_model', 'label': 'cea42b53-9ab1-4865-977d-86e4f0849f5f', 'context': [<snowplow_tracker.self_describing_json.SelfDescribingJson object at 0x0000016E899E1670>]}
[0m16:47:21.215732 [info ] [Thread-1 (]: 1 of 2 OK created sql table model warehouse.original_headline .................. [[32mSUCCESS 1[0m in 6.81s]
[0m16:47:21.217733 [debug] [Thread-1 (]: Finished running node model.dbt_code.original_headline
[0m16:47:21.217733 [debug] [Thread-1 (]: Began running node model.dbt_code.src_employer
[0m16:47:21.218733 [debug] [Thread-1 (]: Re-using an available connection from the pool (formerly model.dbt_code.original_headline, now model.dbt_code.src_employer)
[0m16:47:21.218733 [debug] [Thread-1 (]: Began compiling node model.dbt_code.src_employer
[0m16:47:21.221733 [debug] [Thread-1 (]: Writing injected SQL for node "model.dbt_code.src_employer"
[0m16:47:21.223737 [debug] [Thread-1 (]: Finished running node model.dbt_code.src_employer
[0m16:47:21.224829 [debug] [Thread-1 (]: Began running node model.dbt_code.updated_headline_macro
[0m16:47:21.224829 [info ] [Thread-1 (]: 2 of 2 START sql table model warehouse.updated_headline_macro .................. [RUN]
[0m16:47:21.225750 [debug] [Thread-1 (]: Re-using an available connection from the pool (formerly model.dbt_code.src_employer, now model.dbt_code.updated_headline_macro)
[0m16:47:21.225750 [debug] [Thread-1 (]: Began compiling node model.dbt_code.updated_headline_macro
[0m16:47:21.229735 [debug] [Thread-1 (]: Writing injected SQL for node "model.dbt_code.updated_headline_macro"
[0m16:47:21.232746 [debug] [Thread-1 (]: Began executing node model.dbt_code.updated_headline_macro
[0m16:47:21.238810 [debug] [Thread-1 (]: Writing runtime sql for node "model.dbt_code.updated_headline_macro"
[0m16:47:21.240816 [debug] [Thread-1 (]: Using snowflake connection "model.dbt_code.updated_headline_macro"
[0m16:47:21.241823 [debug] [Thread-1 (]: On model.dbt_code.updated_headline_macro: create or replace transient table job_ads.warehouse.updated_headline_macro
    
    
    
    as (WITH staging_data AS (
    SELECT 
        *
    FROM job_ads.warehouse.original_headline)

SELECT 
    
    CASE 
        WHEN headline = 'Data Engineer' THEN 'Junior Data Engineer'
        ELSE headline
    END
 AS updated_job_title
FROM staging_data
    )

/* {"app": "dbt", "dbt_version": "1.10.10", "profile_name": "dbt_snowflake", "target_name": "dev", "node_id": "model.dbt_code.updated_headline_macro"} */;
[0m16:47:23.022445 [debug] [Thread-1 (]: SQL status: SUCCESS 1 in 1.780 seconds
[0m16:47:23.024445 [debug] [Thread-1 (]: Sending event: {'category': 'dbt', 'action': 'run_model', 'label': 'cea42b53-9ab1-4865-977d-86e4f0849f5f', 'context': [<snowplow_tracker.self_describing_json.SelfDescribingJson object at 0x0000016E9DD67620>]}
[0m16:47:23.024445 [info ] [Thread-1 (]: 2 of 2 OK created sql table model warehouse.updated_headline_macro ............. [[32mSUCCESS 1[0m in 1.80s]
[0m16:47:23.025446 [debug] [Thread-1 (]: Finished running node model.dbt_code.updated_headline_macro
[0m16:47:23.026449 [debug] [MainThread]: Connection 'master' was properly closed.
[0m16:47:23.027446 [debug] [MainThread]: Connection 'list_job_ads' was left open.
[0m16:47:23.027446 [debug] [MainThread]: On list_job_ads: Close
[0m16:47:23.126011 [debug] [MainThread]: Connection 'list_job_ads_warehouse' was left open.
[0m16:47:23.126011 [debug] [MainThread]: On list_job_ads_warehouse: Close
[0m16:47:23.235780 [debug] [MainThread]: Connection 'model.dbt_code.updated_headline_macro' was left open.
[0m16:47:23.235780 [debug] [MainThread]: On model.dbt_code.updated_headline_macro: Close
[0m16:47:23.340163 [info ] [MainThread]: 
[0m16:47:23.340163 [info ] [MainThread]: Finished running 2 table models in 0 hours 0 minutes and 14.66 seconds (14.66s).
[0m16:47:23.341164 [debug] [MainThread]: Command end result
[0m16:47:23.363164 [debug] [MainThread]: Wrote artifact WritableManifest to C:\Users\eriku\Desktop\DataenginerSTI2024-2026\Github\data_warehouse_lifecycle_de24\11\dbt_code\target\manifest.json
[0m16:47:23.365163 [debug] [MainThread]: Wrote artifact SemanticManifest to C:\Users\eriku\Desktop\DataenginerSTI2024-2026\Github\data_warehouse_lifecycle_de24\11\dbt_code\target\semantic_manifest.json
[0m16:47:23.373862 [debug] [MainThread]: Wrote artifact RunExecutionResult to C:\Users\eriku\Desktop\DataenginerSTI2024-2026\Github\data_warehouse_lifecycle_de24\11\dbt_code\target\run_results.json
[0m16:47:23.373862 [info ] [MainThread]: 
[0m16:47:23.374860 [info ] [MainThread]: [32mCompleted successfully[0m
[0m16:47:23.374860 [info ] [MainThread]: 
[0m16:47:23.375861 [info ] [MainThread]: Done. PASS=2 WARN=0 ERROR=0 SKIP=0 NO-OP=0 TOTAL=2
[0m16:47:23.376863 [debug] [MainThread]: Command `dbt run` succeeded at 16:47:23.376863 after 16.60 seconds
[0m16:47:23.376863 [debug] [MainThread]: Sending event: {'category': 'dbt', 'action': 'invocation', 'label': 'end', 'context': [<snowplow_tracker.self_describing_json.SelfDescribingJson object at 0x0000016E8A32D220>, <snowplow_tracker.self_describing_json.SelfDescribingJson object at 0x0000016E8A6D2F90>, <snowplow_tracker.self_describing_json.SelfDescribingJson object at 0x0000016E89DD9D00>]}
[0m16:47:23.377861 [debug] [MainThread]: Flushing usage events
[0m16:47:24.271286 [debug] [MainThread]: An error was encountered while trying to flush usage events
[0m16:48:05.832788 [debug] [MainThread]: Sending event: {'category': 'dbt', 'action': 'invocation', 'label': 'start', 'context': [<snowplow_tracker.self_describing_json.SelfDescribingJson object at 0x0000026FB91D8110>, <snowplow_tracker.self_describing_json.SelfDescribingJson object at 0x0000026FB65A5F40>, <snowplow_tracker.self_describing_json.SelfDescribingJson object at 0x0000026FB64B1190>]}


============================== 16:48:05.837923 | 8056869c-641b-4747-ae1f-58e4e533139f ==============================
[0m16:48:05.837923 [info ] [MainThread]: Running with dbt=1.10.10
[0m16:48:05.838500 [debug] [MainThread]: running dbt with arguments {'partial_parse': 'True', 'write_json': 'True', 'send_anonymous_usage_stats': 'True', 'version_check': 'True', 'cache_selected_only': 'False', 'target_path': 'None', 'use_colors': 'True', 'invocation_command': 'dbt debug', 'log_format': 'default', 'warn_error': 'None', 'introspect': 'True', 'debug': 'False', 'log_cache_events': 'False', 'fail_fast': 'False', 'no_print': 'None', 'empty': 'None', 'use_experimental_parser': 'False', 'quiet': 'False', 'printer_width': '80', 'indirect_selection': 'eager', 'log_path': 'C:\\Users\\eriku\\Desktop\\DataenginerSTI2024-2026\\Github\\data_warehouse_lifecycle_de24\\11\\dbt_code\\logs', 'profiles_dir': 'C:\\Users\\eriku\\.dbt', 'warn_error_options': 'WarnErrorOptionsV2(error=[], warn=[], silence=[])', 'static_parser': 'True'}
[0m16:48:05.855731 [info ] [MainThread]: dbt version: 1.10.10
[0m16:48:05.855731 [info ] [MainThread]: python version: 3.12.6
[0m16:48:05.856730 [info ] [MainThread]: python path: C:\Users\eriku\Desktop\DataenginerSTI2024-2026\Github\data_warehouse_lifecycle_de24\venv\Scripts\python.exe
[0m16:48:05.856730 [info ] [MainThread]: os info: Windows-11-10.0.26100-SP0
[0m16:48:06.683971 [info ] [MainThread]: Using profiles dir at C:\Users\eriku\.dbt
[0m16:48:06.684924 [info ] [MainThread]: Using profiles.yml file at C:\Users\eriku\.dbt\profiles.yml
[0m16:48:06.685978 [info ] [MainThread]: Using dbt_project.yml file at C:\Users\eriku\Desktop\DataenginerSTI2024-2026\Github\data_warehouse_lifecycle_de24\11\dbt_code\dbt_project.yml
[0m16:48:06.686878 [info ] [MainThread]: adapter type: snowflake
[0m16:48:06.687884 [info ] [MainThread]: adapter version: 1.10.0
[0m16:48:06.821286 [info ] [MainThread]: Configuration:
[0m16:48:06.821930 [info ] [MainThread]:   profiles.yml file [[32mOK found and valid[0m]
[0m16:48:06.821930 [info ] [MainThread]:   dbt_project.yml file [[32mOK found and valid[0m]
[0m16:48:06.823274 [info ] [MainThread]: Required dependencies:
[0m16:48:06.823274 [debug] [MainThread]: Executing "git --help"
[0m16:48:06.848188 [debug] [MainThread]: STDOUT: "b"usage: git [-v | --version] [-h | --help] [-C <path>] [-c <name>=<value>]\n           [--exec-path[=<path>]] [--html-path] [--man-path] [--info-path]\n           [-p | --paginate | -P | --no-pager] [--no-replace-objects] [--no-lazy-fetch]\n           [--no-optional-locks] [--no-advice] [--bare] [--git-dir=<path>]\n           [--work-tree=<path>] [--namespace=<name>] [--config-env=<name>=<envvar>]\n           <command> [<args>]\n\nThese are common Git commands used in various situations:\n\nstart a working area (see also: git help tutorial)\n   clone     Clone a repository into a new directory\n   init      Create an empty Git repository or reinitialize an existing one\n\nwork on the current change (see also: git help everyday)\n   add       Add file contents to the index\n   mv        Move or rename a file, a directory, or a symlink\n   restore   Restore working tree files\n   rm        Remove files from the working tree and from the index\n\nexamine the history and state (see also: git help revisions)\n   bisect    Use binary search to find the commit that introduced a bug\n   diff      Show changes between commits, commit and working tree, etc\n   grep      Print lines matching a pattern\n   log       Show commit logs\n   show      Show various types of objects\n   status    Show the working tree status\n\ngrow, mark and tweak your common history\n   branch    List, create, or delete branches\n   commit    Record changes to the repository\n   merge     Join two or more development histories together\n   rebase    Reapply commits on top of another base tip\n   reset     Reset current HEAD to the specified state\n   switch    Switch branches\n   tag       Create, list, delete or verify a tag object signed with GPG\n\ncollaborate (see also: git help workflows)\n   fetch     Download objects and refs from another repository\n   pull      Fetch from and integrate with another repository or a local branch\n   push      Update remote refs along with associated objects\n\n'git help -a' and 'git help -g' list available subcommands and some\nconcept guides. See 'git help <command>' or 'git help <concept>'\nto read about a specific subcommand or concept.\nSee 'git help git' for an overview of the system.\n""
[0m16:48:06.848188 [debug] [MainThread]: STDERR: "b''"
[0m16:48:06.848188 [info ] [MainThread]:  - git [[32mOK found[0m]

[0m16:48:06.849278 [info ] [MainThread]: Connection:
[0m16:48:06.850187 [info ] [MainThread]:   account: ma68735.west-europe.azure
[0m16:48:06.850187 [info ] [MainThread]:   user: transformer
[0m16:48:06.851529 [info ] [MainThread]:   database: job_ads
[0m16:48:06.852554 [info ] [MainThread]:   warehouse: dev_wh
[0m16:48:06.852554 [info ] [MainThread]:   role: job_ads_dbt_role
[0m16:48:06.853565 [info ] [MainThread]:   schema: warehouse
[0m16:48:06.854581 [info ] [MainThread]:   authenticator: None
[0m16:48:06.855885 [info ] [MainThread]:   oauth_client_id: None
[0m16:48:06.855885 [info ] [MainThread]:   query_tag: None
[0m16:48:06.857199 [info ] [MainThread]:   client_session_keep_alive: False
[0m16:48:06.858121 [info ] [MainThread]:   host: None
[0m16:48:06.858121 [info ] [MainThread]:   port: None
[0m16:48:06.859118 [info ] [MainThread]:   proxy_host: None
[0m16:48:06.859118 [info ] [MainThread]:   proxy_port: None
[0m16:48:06.860121 [info ] [MainThread]:   protocol: None
[0m16:48:06.861118 [info ] [MainThread]:   connect_retries: 1
[0m16:48:06.861118 [info ] [MainThread]:   connect_timeout: None
[0m16:48:06.861118 [info ] [MainThread]:   retry_on_database_errors: False
[0m16:48:06.862118 [info ] [MainThread]:   retry_all: False
[0m16:48:06.862118 [info ] [MainThread]:   insecure_mode: False
[0m16:48:06.863117 [info ] [MainThread]:   reuse_connections: True
[0m16:48:06.863117 [info ] [MainThread]:   s3_stage_vpce_dns_name: None
[0m16:48:06.864116 [info ] [MainThread]: Registered adapter: snowflake=1.10.0
[0m16:48:07.105698 [debug] [MainThread]: Acquiring new snowflake connection 'debug'
[0m16:48:07.153475 [debug] [MainThread]: Using snowflake connection "debug"
[0m16:48:07.153475 [debug] [MainThread]: On debug: select 1 as id
[0m16:48:07.154476 [debug] [MainThread]: Opening a new connection, currently in state init
[0m16:48:09.789175 [debug] [MainThread]: SQL status: SUCCESS 1 in 2.635 seconds
[0m16:48:09.792176 [info ] [MainThread]:   Connection test: [[32mOK connection ok[0m]

[0m16:48:09.794118 [info ] [MainThread]: [32mAll checks passed![0m
[0m16:48:09.795096 [debug] [MainThread]: Command `dbt debug` succeeded at 16:48:09.795096 after 4.10 seconds
[0m16:48:09.795096 [debug] [MainThread]: Connection 'debug' was left open.
[0m16:48:09.796171 [debug] [MainThread]: On debug: Close
[0m16:48:09.919977 [debug] [MainThread]: Sending event: {'category': 'dbt', 'action': 'invocation', 'label': 'end', 'context': [<snowplow_tracker.self_describing_json.SelfDescribingJson object at 0x0000026FC92BFE30>, <snowplow_tracker.self_describing_json.SelfDescribingJson object at 0x0000026FCBE95A00>, <snowplow_tracker.self_describing_json.SelfDescribingJson object at 0x0000026FCB690260>]}
[0m16:48:09.920977 [debug] [MainThread]: Flushing usage events
[0m16:48:10.746971 [debug] [MainThread]: An error was encountered while trying to flush usage events
[0m16:54:29.460775 [debug] [MainThread]: Sending event: {'category': 'dbt', 'action': 'invocation', 'label': 'start', 'context': [<snowplow_tracker.self_describing_json.SelfDescribingJson object at 0x000002007CA55C70>, <snowplow_tracker.self_describing_json.SelfDescribingJson object at 0x000002007C614B00>, <snowplow_tracker.self_describing_json.SelfDescribingJson object at 0x000002007C616240>]}


============================== 16:54:29.467400 | c82db316-ff39-42ac-ab5f-34e6b91c22ce ==============================
[0m16:54:29.467400 [info ] [MainThread]: Running with dbt=1.10.10
[0m16:54:29.468340 [debug] [MainThread]: running dbt with arguments {'partial_parse': 'True', 'profiles_dir': 'C:\\Users\\eriku\\.dbt', 'send_anonymous_usage_stats': 'True', 'version_check': 'True', 'cache_selected_only': 'False', 'target_path': 'None', 'warn_error': 'None', 'invocation_command': 'dbt run --select src_employer', 'log_format': 'default', 'use_colors': 'True', 'introspect': 'True', 'debug': 'False', 'log_cache_events': 'False', 'fail_fast': 'False', 'no_print': 'None', 'quiet': 'False', 'use_experimental_parser': 'False', 'printer_width': '80', 'empty': 'False', 'log_path': 'C:\\Users\\eriku\\Desktop\\DataenginerSTI2024-2026\\Github\\data_warehouse_lifecycle_de24\\11\\dbt_code\\logs', 'indirect_selection': 'eager', 'write_json': 'True', 'static_parser': 'True', 'warn_error_options': 'WarnErrorOptionsV2(error=[], warn=[], silence=[])'}
[0m16:54:31.100116 [debug] [MainThread]: Sending event: {'category': 'dbt', 'action': 'project_id', 'label': 'c82db316-ff39-42ac-ab5f-34e6b91c22ce', 'context': [<snowplow_tracker.self_describing_json.SelfDescribingJson object at 0x000002007BA23EF0>]}
[0m16:54:31.176734 [debug] [MainThread]: Sending event: {'category': 'dbt', 'action': 'adapter_info', 'label': 'c82db316-ff39-42ac-ab5f-34e6b91c22ce', 'context': [<snowplow_tracker.self_describing_json.SelfDescribingJson object at 0x000002007FCC49E0>]}
[0m16:54:31.179112 [info ] [MainThread]: Registered adapter: snowflake=1.10.0
[0m16:54:31.502686 [debug] [MainThread]: checksum: 502a0dc23e9052e1ae09f7c44ee219ef7a02dfea7e7d66580d54c304c14d553b, vars: {}, profile: , target: , version: 1.10.10
[0m16:54:31.666463 [debug] [MainThread]: Partial parsing enabled: 0 files deleted, 0 files added, 0 files changed.
[0m16:54:31.667465 [debug] [MainThread]: Partial parsing enabled, no changes found, skipping parsing
[0m16:54:31.671464 [warn ] [MainThread]: [[33mWARNING[0m]: Configuration paths exist in your dbt_project.yml file which do not apply to any resources.
There are 3 unused configuration paths:
- models.dbt_code.mart
- models.dbt_code.fct
- models.dbt_code.dim
[0m16:54:31.699899 [debug] [MainThread]: Sending event: {'category': 'dbt', 'action': 'load_project', 'label': 'c82db316-ff39-42ac-ab5f-34e6b91c22ce', 'context': [<snowplow_tracker.self_describing_json.SelfDescribingJson object at 0x000002007FDE7FB0>]}
[0m16:54:31.764723 [debug] [MainThread]: Wrote artifact WritableManifest to C:\Users\eriku\Desktop\DataenginerSTI2024-2026\Github\data_warehouse_lifecycle_de24\11\dbt_code\target\manifest.json
[0m16:54:31.767647 [debug] [MainThread]: Wrote artifact SemanticManifest to C:\Users\eriku\Desktop\DataenginerSTI2024-2026\Github\data_warehouse_lifecycle_de24\11\dbt_code\target\semantic_manifest.json
[0m16:54:31.801031 [debug] [MainThread]: Sending event: {'category': 'dbt', 'action': 'resource_counts', 'label': 'c82db316-ff39-42ac-ab5f-34e6b91c22ce', 'context': [<snowplow_tracker.self_describing_json.SelfDescribingJson object at 0x000002000F07A570>]}
[0m16:54:31.801031 [info ] [MainThread]: Found 3 models, 1 source, 595 macros
[0m16:54:31.802059 [debug] [MainThread]: Sending event: {'category': 'dbt', 'action': 'runnable_timing', 'label': 'c82db316-ff39-42ac-ab5f-34e6b91c22ce', 'context': [<snowplow_tracker.self_describing_json.SelfDescribingJson object at 0x000002007FA12AB0>]}
[0m16:54:31.804197 [info ] [MainThread]: 
[0m16:54:31.804197 [info ] [MainThread]: Concurrency: 1 threads (target='dev')
[0m16:54:31.805185 [info ] [MainThread]: 
[0m16:54:31.805185 [debug] [MainThread]: Acquiring new snowflake connection 'master'
[0m16:54:31.809359 [debug] [ThreadPool]: Acquiring new snowflake connection 'list_job_ads_warehouse'
[0m16:54:31.930238 [debug] [ThreadPool]: Using snowflake connection "list_job_ads_warehouse"
[0m16:54:31.930238 [debug] [ThreadPool]: On list_job_ads_warehouse: show objects in job_ads.warehouse
    limit 10000
    

/* {"app": "dbt", "dbt_version": "1.10.10", "profile_name": "dbt_snowflake", "target_name": "dev", "connection_name": "list_job_ads_warehouse"} */;
[0m16:54:31.930238 [debug] [ThreadPool]: Opening a new connection, currently in state init
[0m16:54:34.897177 [debug] [ThreadPool]: SQL status: SUCCESS 2 in 2.952 seconds
[0m16:54:34.901205 [debug] [MainThread]: Sending event: {'category': 'dbt', 'action': 'runnable_timing', 'label': 'c82db316-ff39-42ac-ab5f-34e6b91c22ce', 'context': [<snowplow_tracker.self_describing_json.SelfDescribingJson object at 0x000002000F0F5190>]}
[0m16:54:34.907557 [debug] [Thread-1 (]: Began running node model.dbt_code.src_employer
[0m16:54:34.908627 [debug] [Thread-1 (]: Acquiring new snowflake connection 'model.dbt_code.src_employer'
[0m16:54:34.908627 [debug] [Thread-1 (]: Began compiling node model.dbt_code.src_employer
[0m16:54:34.915647 [debug] [Thread-1 (]: Writing injected SQL for node "model.dbt_code.src_employer"
[0m16:54:34.916575 [debug] [Thread-1 (]: Finished running node model.dbt_code.src_employer
[0m16:54:34.918548 [debug] [MainThread]: Connection 'master' was properly closed.
[0m16:54:34.918548 [debug] [MainThread]: Connection 'list_job_ads_warehouse' was left open.
[0m16:54:34.918548 [debug] [MainThread]: On list_job_ads_warehouse: Close
[0m16:54:35.030023 [debug] [MainThread]: Connection 'model.dbt_code.src_employer' was properly closed.
[0m16:54:35.030023 [info ] [MainThread]: 
[0m16:54:35.030023 [info ] [MainThread]: Finished running  in 0 hours 0 minutes and 3.22 seconds (3.22s).
[0m16:54:35.030023 [debug] [MainThread]: Command end result
[0m16:54:35.063920 [debug] [MainThread]: Wrote artifact WritableManifest to C:\Users\eriku\Desktop\DataenginerSTI2024-2026\Github\data_warehouse_lifecycle_de24\11\dbt_code\target\manifest.json
[0m16:54:35.065924 [debug] [MainThread]: Wrote artifact SemanticManifest to C:\Users\eriku\Desktop\DataenginerSTI2024-2026\Github\data_warehouse_lifecycle_de24\11\dbt_code\target\semantic_manifest.json
[0m16:54:35.070939 [debug] [MainThread]: Wrote artifact RunExecutionResult to C:\Users\eriku\Desktop\DataenginerSTI2024-2026\Github\data_warehouse_lifecycle_de24\11\dbt_code\target\run_results.json
[0m16:54:35.071924 [debug] [MainThread]: Command `dbt run` succeeded at 16:54:35.071924 after 5.91 seconds
[0m16:54:35.071924 [debug] [MainThread]: Sending event: {'category': 'dbt', 'action': 'invocation', 'label': 'end', 'context': [<snowplow_tracker.self_describing_json.SelfDescribingJson object at 0x000002007CABF1A0>, <snowplow_tracker.self_describing_json.SelfDescribingJson object at 0x000002007C2611C0>, <snowplow_tracker.self_describing_json.SelfDescribingJson object at 0x000002000FB87350>]}
[0m16:54:35.072923 [debug] [MainThread]: Flushing usage events
[0m16:54:36.068681 [debug] [MainThread]: An error was encountered while trying to flush usage events
[0m17:48:16.831451 [debug] [MainThread]: Sending event: {'category': 'dbt', 'action': 'invocation', 'label': 'start', 'context': [<snowplow_tracker.self_describing_json.SelfDescribingJson object at 0x0000019054E55A00>, <snowplow_tracker.self_describing_json.SelfDescribingJson object at 0x000001905295DD60>, <snowplow_tracker.self_describing_json.SelfDescribingJson object at 0x00000190556EC2F0>]}


============================== 17:48:16.838465 | 591f3b6a-2bb2-4c10-b9fa-a9c56a5fbbec ==============================
[0m17:48:16.838465 [info ] [MainThread]: Running with dbt=1.10.10
[0m17:48:16.839450 [debug] [MainThread]: running dbt with arguments {'partial_parse': 'True', 'write_json': 'True', 'send_anonymous_usage_stats': 'True', 'use_colors': 'True', 'cache_selected_only': 'False', 'target_path': 'None', 'warn_error': 'None', 'invocation_command': 'dbt run --select src_employer', 'log_format': 'default', 'version_check': 'True', 'introspect': 'True', 'debug': 'False', 'printer_width': '80', 'fail_fast': 'False', 'no_print': 'None', 'quiet': 'False', 'empty': 'False', 'log_cache_events': 'False', 'use_experimental_parser': 'False', 'indirect_selection': 'eager', 'log_path': 'C:\\Users\\eriku\\Desktop\\DataenginerSTI2024-2026\\Github\\data_warehouse_lifecycle_de24\\11\\dbt_code\\logs', 'profiles_dir': 'C:\\Users\\eriku\\.dbt', 'static_parser': 'True', 'warn_error_options': 'WarnErrorOptionsV2(error=[], warn=[], silence=[])'}
[0m17:48:20.474920 [debug] [MainThread]: Sending event: {'category': 'dbt', 'action': 'project_id', 'label': '591f3b6a-2bb2-4c10-b9fa-a9c56a5fbbec', 'context': [<snowplow_tracker.self_describing_json.SelfDescribingJson object at 0x0000019054F3BEF0>]}
[0m17:48:20.546140 [debug] [MainThread]: Sending event: {'category': 'dbt', 'action': 'adapter_info', 'label': '591f3b6a-2bb2-4c10-b9fa-a9c56a5fbbec', 'context': [<snowplow_tracker.self_describing_json.SelfDescribingJson object at 0x00000190654BC4A0>]}
[0m17:48:20.548405 [info ] [MainThread]: Registered adapter: snowflake=1.10.0
[0m17:48:21.200787 [debug] [MainThread]: checksum: 502a0dc23e9052e1ae09f7c44ee219ef7a02dfea7e7d66580d54c304c14d553b, vars: {}, profile: , target: , version: 1.10.10
[0m17:48:23.114644 [debug] [MainThread]: Partial parsing enabled: 0 files deleted, 1 files added, 1 files changed.
[0m17:48:23.114644 [debug] [MainThread]: Partial parsing: added file: dbt_code://models\src\src_job_ads.sql
[0m17:48:23.115645 [debug] [MainThread]: Partial parsing: updated file: dbt_code://models\src\src_employer.sql
[0m17:48:23.377916 [error] [MainThread]: Encountered an error:
Compilation Error
  Model 'model.dbt_code.src_job_ads' (models\src\src_job_ads.sql) depends on a source named 'job_ads.stg_ads' which was not found
[0m17:48:23.379921 [debug] [MainThread]: Command `dbt run` failed at 17:48:23.379921 after 6.84 seconds
[0m17:48:23.379921 [debug] [MainThread]: Sending event: {'category': 'dbt', 'action': 'invocation', 'label': 'end', 'context': [<snowplow_tracker.self_describing_json.SelfDescribingJson object at 0x000001905588DBB0>, <snowplow_tracker.self_describing_json.SelfDescribingJson object at 0x000001906776D880>, <snowplow_tracker.self_describing_json.SelfDescribingJson object at 0x00000190558C4470>]}
[0m17:48:23.379921 [debug] [MainThread]: Flushing usage events
[0m17:48:24.361252 [debug] [MainThread]: An error was encountered while trying to flush usage events
[0m17:49:55.031939 [debug] [MainThread]: Sending event: {'category': 'dbt', 'action': 'invocation', 'label': 'start', 'context': [<snowplow_tracker.self_describing_json.SelfDescribingJson object at 0x00000222AA79FE90>, <snowplow_tracker.self_describing_json.SelfDescribingJson object at 0x00000222AE53D040>, <snowplow_tracker.self_describing_json.SelfDescribingJson object at 0x00000222AE53E990>]}


============================== 17:49:55.037658 | 6bf13e7d-828d-4bdd-9aeb-e0659711db81 ==============================
[0m17:49:55.037658 [info ] [MainThread]: Running with dbt=1.10.10
[0m17:49:55.038665 [debug] [MainThread]: running dbt with arguments {'partial_parse': 'True', 'static_parser': 'True', 'send_anonymous_usage_stats': 'True', 'use_colors': 'True', 'cache_selected_only': 'False', 'target_path': 'None', 'version_check': 'True', 'invocation_command': 'dbt run --select src_employer', 'log_format': 'default', 'warn_error': 'None', 'introspect': 'True', 'debug': 'False', 'log_cache_events': 'False', 'fail_fast': 'False', 'no_print': 'None', 'empty': 'False', 'use_experimental_parser': 'False', 'quiet': 'False', 'printer_width': '80', 'indirect_selection': 'eager', 'log_path': 'C:\\Users\\eriku\\Desktop\\DataenginerSTI2024-2026\\Github\\data_warehouse_lifecycle_de24\\11\\dbt_code\\logs', 'profiles_dir': 'C:\\Users\\eriku\\.dbt', 'warn_error_options': 'WarnErrorOptionsV2(error=[], warn=[], silence=[])', 'write_json': 'True'}
[0m17:49:56.087386 [debug] [MainThread]: Sending event: {'category': 'dbt', 'action': 'project_id', 'label': '6bf13e7d-828d-4bdd-9aeb-e0659711db81', 'context': [<snowplow_tracker.self_describing_json.SelfDescribingJson object at 0x00000222BED33EF0>]}
[0m17:49:56.169093 [debug] [MainThread]: Sending event: {'category': 'dbt', 'action': 'adapter_info', 'label': '6bf13e7d-828d-4bdd-9aeb-e0659711db81', 'context': [<snowplow_tracker.self_describing_json.SelfDescribingJson object at 0x00000222AE023770>]}
[0m17:49:56.170008 [info ] [MainThread]: Registered adapter: snowflake=1.10.0
[0m17:49:56.428238 [debug] [MainThread]: checksum: 502a0dc23e9052e1ae09f7c44ee219ef7a02dfea7e7d66580d54c304c14d553b, vars: {}, profile: , target: , version: 1.10.10
[0m17:49:56.565094 [debug] [MainThread]: Partial parsing enabled: 0 files deleted, 1 files added, 1 files changed.
[0m17:49:56.566101 [debug] [MainThread]: Partial parsing: added file: dbt_code://models\src\src_job_ads.sql
[0m17:49:56.566101 [debug] [MainThread]: Partial parsing: updated file: dbt_code://models\src\src_employer.sql
[0m17:49:56.911364 [warn ] [MainThread]: [[33mWARNING[0m]: Configuration paths exist in your dbt_project.yml file which do not apply to any resources.
There are 3 unused configuration paths:
- models.dbt_code.dim
- models.dbt_code.mart
- models.dbt_code.fct
[0m17:49:56.923467 [debug] [MainThread]: Sending event: {'category': 'dbt', 'action': 'load_project', 'label': '6bf13e7d-828d-4bdd-9aeb-e0659711db81', 'context': [<snowplow_tracker.self_describing_json.SelfDescribingJson object at 0x00000222C0CF3800>]}
[0m17:49:56.986364 [debug] [MainThread]: Wrote artifact WritableManifest to C:\Users\eriku\Desktop\DataenginerSTI2024-2026\Github\data_warehouse_lifecycle_de24\11\dbt_code\target\manifest.json
[0m17:49:57.031613 [debug] [MainThread]: Wrote artifact SemanticManifest to C:\Users\eriku\Desktop\DataenginerSTI2024-2026\Github\data_warehouse_lifecycle_de24\11\dbt_code\target\semantic_manifest.json
[0m17:49:57.074704 [debug] [MainThread]: Sending event: {'category': 'dbt', 'action': 'resource_counts', 'label': '6bf13e7d-828d-4bdd-9aeb-e0659711db81', 'context': [<snowplow_tracker.self_describing_json.SelfDescribingJson object at 0x00000222C0B0F980>]}
[0m17:49:57.074704 [info ] [MainThread]: Found 4 models, 1 source, 595 macros
[0m17:49:57.075706 [debug] [MainThread]: Sending event: {'category': 'dbt', 'action': 'runnable_timing', 'label': '6bf13e7d-828d-4bdd-9aeb-e0659711db81', 'context': [<snowplow_tracker.self_describing_json.SelfDescribingJson object at 0x00000222C06E4CB0>]}
[0m17:49:57.076769 [info ] [MainThread]: 
[0m17:49:57.077707 [info ] [MainThread]: Concurrency: 1 threads (target='dev')
[0m17:49:57.078704 [info ] [MainThread]: 
[0m17:49:57.078704 [debug] [MainThread]: Acquiring new snowflake connection 'master'
[0m17:49:57.082794 [debug] [ThreadPool]: Acquiring new snowflake connection 'list_job_ads_warehouse'
[0m17:50:00.277858 [debug] [ThreadPool]: Using snowflake connection "list_job_ads_warehouse"
[0m17:50:00.278858 [debug] [ThreadPool]: On list_job_ads_warehouse: show objects in job_ads.warehouse
    limit 10000
    

/* {"app": "dbt", "dbt_version": "1.10.10", "profile_name": "dbt_snowflake", "target_name": "dev", "connection_name": "list_job_ads_warehouse"} */;
[0m17:50:00.278858 [debug] [ThreadPool]: Opening a new connection, currently in state init
[0m17:50:04.401853 [debug] [ThreadPool]: SQL status: SUCCESS 2 in 4.122 seconds
[0m17:50:04.408830 [debug] [MainThread]: Sending event: {'category': 'dbt', 'action': 'runnable_timing', 'label': '6bf13e7d-828d-4bdd-9aeb-e0659711db81', 'context': [<snowplow_tracker.self_describing_json.SelfDescribingJson object at 0x00000222C0D24050>]}
[0m17:50:04.417346 [debug] [Thread-1 (]: Began running node model.dbt_code.src_employer
[0m17:50:04.417346 [debug] [Thread-1 (]: Acquiring new snowflake connection 'model.dbt_code.src_employer'
[0m17:50:04.418420 [debug] [Thread-1 (]: Began compiling node model.dbt_code.src_employer
[0m17:50:04.425432 [debug] [Thread-1 (]: Writing injected SQL for node "model.dbt_code.src_employer"
[0m17:50:04.426429 [debug] [Thread-1 (]: Finished running node model.dbt_code.src_employer
[0m17:50:04.428344 [debug] [MainThread]: Connection 'master' was properly closed.
[0m17:50:04.428344 [debug] [MainThread]: Connection 'list_job_ads_warehouse' was left open.
[0m17:50:04.428344 [debug] [MainThread]: On list_job_ads_warehouse: Close
[0m17:50:04.807407 [debug] [MainThread]: Connection 'model.dbt_code.src_employer' was properly closed.
[0m17:50:04.808395 [info ] [MainThread]: 
[0m17:50:04.810331 [info ] [MainThread]: Finished running  in 0 hours 0 minutes and 7.73 seconds (7.73s).
[0m17:50:04.811321 [debug] [MainThread]: Command end result
[0m17:50:04.844309 [debug] [MainThread]: Wrote artifact WritableManifest to C:\Users\eriku\Desktop\DataenginerSTI2024-2026\Github\data_warehouse_lifecycle_de24\11\dbt_code\target\manifest.json
[0m17:50:04.846316 [debug] [MainThread]: Wrote artifact SemanticManifest to C:\Users\eriku\Desktop\DataenginerSTI2024-2026\Github\data_warehouse_lifecycle_de24\11\dbt_code\target\semantic_manifest.json
[0m17:50:04.850389 [debug] [MainThread]: Wrote artifact RunExecutionResult to C:\Users\eriku\Desktop\DataenginerSTI2024-2026\Github\data_warehouse_lifecycle_de24\11\dbt_code\target\run_results.json
[0m17:50:04.851683 [debug] [MainThread]: Command `dbt run` succeeded at 17:50:04.851683 after 9.97 seconds
[0m17:50:04.851683 [debug] [MainThread]: Sending event: {'category': 'dbt', 'action': 'invocation', 'label': 'end', 'context': [<snowplow_tracker.self_describing_json.SelfDescribingJson object at 0x00000222AE3E2A20>, <snowplow_tracker.self_describing_json.SelfDescribingJson object at 0x00000222AE05BE30>, <snowplow_tracker.self_describing_json.SelfDescribingJson object at 0x00000222AE05AC30>]}
[0m17:50:04.852768 [debug] [MainThread]: Flushing usage events
[0m17:50:05.659988 [debug] [MainThread]: An error was encountered while trying to flush usage events
[0m18:02:45.884260 [debug] [MainThread]: Sending event: {'category': 'dbt', 'action': 'invocation', 'label': 'start', 'context': [<snowplow_tracker.self_describing_json.SelfDescribingJson object at 0x00000244B8D49A00>, <snowplow_tracker.self_describing_json.SelfDescribingJson object at 0x00000244BB9D4B60>, <snowplow_tracker.self_describing_json.SelfDescribingJson object at 0x00000244BB9D4B30>]}


============================== 18:02:45.890410 | 2045e3bc-a956-43fd-b6f0-9b8b00e00f79 ==============================
[0m18:02:45.890410 [info ] [MainThread]: Running with dbt=1.10.10
[0m18:02:45.891088 [debug] [MainThread]: running dbt with arguments {'partial_parse': 'True', 'write_json': 'True', 'send_anonymous_usage_stats': 'True', 'use_colors': 'True', 'cache_selected_only': 'False', 'target_path': 'None', 'version_check': 'True', 'invocation_command': 'dbt run', 'log_format': 'default', 'warn_error': 'None', 'introspect': 'True', 'debug': 'False', 'printer_width': '80', 'fail_fast': 'False', 'no_print': 'None', 'use_experimental_parser': 'False', 'empty': 'False', 'log_cache_events': 'False', 'quiet': 'False', 'indirect_selection': 'eager', 'log_path': 'C:\\Users\\eriku\\Desktop\\DataenginerSTI2024-2026\\Github\\data_warehouse_lifecycle_de24\\11\\dbt_code\\logs', 'profiles_dir': 'C:\\Users\\eriku\\.dbt', 'static_parser': 'True', 'warn_error_options': 'WarnErrorOptionsV2(error=[], warn=[], silence=[])'}
[0m18:02:47.402158 [debug] [MainThread]: Sending event: {'category': 'dbt', 'action': 'project_id', 'label': '2045e3bc-a956-43fd-b6f0-9b8b00e00f79', 'context': [<snowplow_tracker.self_describing_json.SelfDescribingJson object at 0x00000244CBEA9BB0>]}
[0m18:02:47.470159 [debug] [MainThread]: Sending event: {'category': 'dbt', 'action': 'adapter_info', 'label': '2045e3bc-a956-43fd-b6f0-9b8b00e00f79', 'context': [<snowplow_tracker.self_describing_json.SelfDescribingJson object at 0x00000244BB99BD40>]}
[0m18:02:47.471769 [info ] [MainThread]: Registered adapter: snowflake=1.10.0
[0m18:02:47.799691 [debug] [MainThread]: checksum: 502a0dc23e9052e1ae09f7c44ee219ef7a02dfea7e7d66580d54c304c14d553b, vars: {}, profile: , target: , version: 1.10.10
[0m18:02:47.964354 [debug] [MainThread]: Partial parsing enabled: 0 files deleted, 0 files added, 0 files changed.
[0m18:02:47.964354 [debug] [MainThread]: Partial parsing enabled, no changes found, skipping parsing
[0m18:02:47.968423 [warn ] [MainThread]: [[33mWARNING[0m]: Configuration paths exist in your dbt_project.yml file which do not apply to any resources.
There are 3 unused configuration paths:
- models.dbt_code.dim
- models.dbt_code.mart
- models.dbt_code.fct
[0m18:02:47.994428 [debug] [MainThread]: Sending event: {'category': 'dbt', 'action': 'load_project', 'label': '2045e3bc-a956-43fd-b6f0-9b8b00e00f79', 'context': [<snowplow_tracker.self_describing_json.SelfDescribingJson object at 0x00000244CE1852E0>]}
[0m18:02:48.053413 [debug] [MainThread]: Wrote artifact WritableManifest to C:\Users\eriku\Desktop\DataenginerSTI2024-2026\Github\data_warehouse_lifecycle_de24\11\dbt_code\target\manifest.json
[0m18:02:48.055416 [debug] [MainThread]: Wrote artifact SemanticManifest to C:\Users\eriku\Desktop\DataenginerSTI2024-2026\Github\data_warehouse_lifecycle_de24\11\dbt_code\target\semantic_manifest.json
[0m18:02:48.090415 [debug] [MainThread]: Sending event: {'category': 'dbt', 'action': 'resource_counts', 'label': '2045e3bc-a956-43fd-b6f0-9b8b00e00f79', 'context': [<snowplow_tracker.self_describing_json.SelfDescribingJson object at 0x00000244CE5D0860>]}
[0m18:02:48.090415 [info ] [MainThread]: Found 4 models, 1 source, 595 macros
[0m18:02:48.091414 [debug] [MainThread]: Sending event: {'category': 'dbt', 'action': 'runnable_timing', 'label': '2045e3bc-a956-43fd-b6f0-9b8b00e00f79', 'context': [<snowplow_tracker.self_describing_json.SelfDescribingJson object at 0x00000244CE5CAFF0>]}
[0m18:02:48.092434 [info ] [MainThread]: 
[0m18:02:48.093450 [info ] [MainThread]: Concurrency: 1 threads (target='dev')
[0m18:02:48.093450 [info ] [MainThread]: 
[0m18:02:48.094334 [debug] [MainThread]: Acquiring new snowflake connection 'master'
[0m18:02:48.098366 [debug] [ThreadPool]: Acquiring new snowflake connection 'list_job_ads'
[0m18:02:48.219503 [debug] [ThreadPool]: Using snowflake connection "list_job_ads"
[0m18:02:48.219503 [debug] [ThreadPool]: On list_job_ads: show terse schemas in database job_ads
    limit 10000
/* {"app": "dbt", "dbt_version": "1.10.10", "profile_name": "dbt_snowflake", "target_name": "dev", "connection_name": "list_job_ads"} */
[0m18:02:48.220503 [debug] [ThreadPool]: Opening a new connection, currently in state init
[0m18:02:51.378981 [debug] [ThreadPool]: SQL status: SUCCESS 4 in 3.158 seconds
[0m18:02:51.383794 [debug] [ThreadPool]: Acquiring new snowflake connection 'list_job_ads_warehouse'
[0m18:02:51.393888 [debug] [ThreadPool]: Using snowflake connection "list_job_ads_warehouse"
[0m18:02:51.394892 [debug] [ThreadPool]: On list_job_ads_warehouse: show objects in job_ads.warehouse
    limit 10000
    

/* {"app": "dbt", "dbt_version": "1.10.10", "profile_name": "dbt_snowflake", "target_name": "dev", "connection_name": "list_job_ads_warehouse"} */;
[0m18:02:51.394892 [debug] [ThreadPool]: Opening a new connection, currently in state init
[0m18:02:54.142012 [debug] [ThreadPool]: SQL status: SUCCESS 2 in 2.747 seconds
[0m18:02:54.144996 [debug] [MainThread]: Sending event: {'category': 'dbt', 'action': 'runnable_timing', 'label': '2045e3bc-a956-43fd-b6f0-9b8b00e00f79', 'context': [<snowplow_tracker.self_describing_json.SelfDescribingJson object at 0x00000244CE3840B0>]}
[0m18:02:54.153828 [debug] [Thread-1 (]: Began running node model.dbt_code.original_headline
[0m18:02:54.153828 [info ] [Thread-1 (]: 1 of 2 START sql table model warehouse.original_headline ....................... [RUN]
[0m18:02:54.155828 [debug] [Thread-1 (]: Acquiring new snowflake connection 'model.dbt_code.original_headline'
[0m18:02:54.156914 [debug] [Thread-1 (]: Began compiling node model.dbt_code.original_headline
[0m18:02:54.164909 [debug] [Thread-1 (]: Writing injected SQL for node "model.dbt_code.original_headline"
[0m18:02:54.166826 [debug] [Thread-1 (]: Began executing node model.dbt_code.original_headline
[0m18:02:54.194826 [debug] [Thread-1 (]: Writing runtime sql for node "model.dbt_code.original_headline"
[0m18:02:54.196288 [debug] [Thread-1 (]: Using snowflake connection "model.dbt_code.original_headline"
[0m18:02:54.197298 [debug] [Thread-1 (]: On model.dbt_code.original_headline: create or replace transient table job_ads.warehouse.original_headline
    
    
    
    as (SELECT 
    headline
FROM job_ads.staging.data_field_job_ads
    )

/* {"app": "dbt", "dbt_version": "1.10.10", "profile_name": "dbt_snowflake", "target_name": "dev", "node_id": "model.dbt_code.original_headline"} */;
[0m18:02:54.197298 [debug] [Thread-1 (]: Opening a new connection, currently in state init
[0m18:03:00.014661 [debug] [Thread-1 (]: SQL status: SUCCESS 1 in 5.817 seconds
[0m18:03:00.045460 [debug] [Thread-1 (]: Sending event: {'category': 'dbt', 'action': 'run_model', 'label': '2045e3bc-a956-43fd-b6f0-9b8b00e00f79', 'context': [<snowplow_tracker.self_describing_json.SelfDescribingJson object at 0x00000244B8E89D90>]}
[0m18:03:00.046466 [info ] [Thread-1 (]: 1 of 2 OK created sql table model warehouse.original_headline .................. [[32mSUCCESS 1[0m in 5.89s]
[0m18:03:00.047089 [debug] [Thread-1 (]: Finished running node model.dbt_code.original_headline
[0m18:03:00.048186 [debug] [Thread-1 (]: Began running node model.dbt_code.src_employer
[0m18:03:00.048186 [debug] [Thread-1 (]: Re-using an available connection from the pool (formerly model.dbt_code.original_headline, now model.dbt_code.src_employer)
[0m18:03:00.049186 [debug] [Thread-1 (]: Began compiling node model.dbt_code.src_employer
[0m18:03:00.051210 [debug] [Thread-1 (]: Writing injected SQL for node "model.dbt_code.src_employer"
[0m18:03:00.052095 [debug] [Thread-1 (]: Finished running node model.dbt_code.src_employer
[0m18:03:00.053165 [debug] [Thread-1 (]: Began running node model.dbt_code.src_job_ads
[0m18:03:00.053165 [debug] [Thread-1 (]: Re-using an available connection from the pool (formerly model.dbt_code.src_employer, now model.dbt_code.src_job_ads)
[0m18:03:00.053165 [debug] [Thread-1 (]: Began compiling node model.dbt_code.src_job_ads
[0m18:03:00.056191 [debug] [Thread-1 (]: Writing injected SQL for node "model.dbt_code.src_job_ads"
[0m18:03:00.057099 [debug] [Thread-1 (]: Finished running node model.dbt_code.src_job_ads
[0m18:03:00.057099 [debug] [Thread-1 (]: Began running node model.dbt_code.updated_headline_macro
[0m18:03:00.058192 [info ] [Thread-1 (]: 2 of 2 START sql table model warehouse.updated_headline_macro .................. [RUN]
[0m18:03:00.058192 [debug] [Thread-1 (]: Re-using an available connection from the pool (formerly model.dbt_code.src_job_ads, now model.dbt_code.updated_headline_macro)
[0m18:03:00.059099 [debug] [Thread-1 (]: Began compiling node model.dbt_code.updated_headline_macro
[0m18:03:00.062194 [debug] [Thread-1 (]: Writing injected SQL for node "model.dbt_code.updated_headline_macro"
[0m18:03:00.064096 [debug] [Thread-1 (]: Began executing node model.dbt_code.updated_headline_macro
[0m18:03:00.067100 [debug] [Thread-1 (]: Writing runtime sql for node "model.dbt_code.updated_headline_macro"
[0m18:03:00.069109 [debug] [Thread-1 (]: Using snowflake connection "model.dbt_code.updated_headline_macro"
[0m18:03:00.070130 [debug] [Thread-1 (]: On model.dbt_code.updated_headline_macro: create or replace transient table job_ads.warehouse.updated_headline_macro
    
    
    
    as (WITH staging_data AS (
    SELECT 
        *
    FROM job_ads.warehouse.original_headline)

SELECT 
    
    CASE 
        WHEN headline = 'Data Engineer' THEN 'Junior Data Engineer'
        ELSE headline
    END
 AS updated_job_title
FROM staging_data
    )

/* {"app": "dbt", "dbt_version": "1.10.10", "profile_name": "dbt_snowflake", "target_name": "dev", "node_id": "model.dbt_code.updated_headline_macro"} */;
[0m18:03:03.154072 [debug] [Thread-1 (]: SQL status: SUCCESS 1 in 3.083 seconds
[0m18:03:03.159070 [debug] [Thread-1 (]: Sending event: {'category': 'dbt', 'action': 'run_model', 'label': '2045e3bc-a956-43fd-b6f0-9b8b00e00f79', 'context': [<snowplow_tracker.self_describing_json.SelfDescribingJson object at 0x00000244CF6E7EF0>]}
[0m18:03:03.160069 [info ] [Thread-1 (]: 2 of 2 OK created sql table model warehouse.updated_headline_macro ............. [[32mSUCCESS 1[0m in 3.10s]
[0m18:03:03.162144 [debug] [Thread-1 (]: Finished running node model.dbt_code.updated_headline_macro
[0m18:03:03.163066 [debug] [MainThread]: Connection 'master' was properly closed.
[0m18:03:03.164067 [debug] [MainThread]: Connection 'list_job_ads' was left open.
[0m18:03:03.164067 [debug] [MainThread]: On list_job_ads: Close
[0m18:03:03.310318 [debug] [MainThread]: Connection 'list_job_ads_warehouse' was left open.
[0m18:03:03.311319 [debug] [MainThread]: On list_job_ads_warehouse: Close
[0m18:03:03.437777 [debug] [MainThread]: Connection 'model.dbt_code.updated_headline_macro' was left open.
[0m18:03:03.438783 [debug] [MainThread]: On model.dbt_code.updated_headline_macro: Close
[0m18:03:03.560625 [info ] [MainThread]: 
[0m18:03:03.561619 [info ] [MainThread]: Finished running 2 table models in 0 hours 0 minutes and 15.47 seconds (15.47s).
[0m18:03:03.562622 [debug] [MainThread]: Command end result
[0m18:03:03.585426 [debug] [MainThread]: Wrote artifact WritableManifest to C:\Users\eriku\Desktop\DataenginerSTI2024-2026\Github\data_warehouse_lifecycle_de24\11\dbt_code\target\manifest.json
[0m18:03:03.590428 [debug] [MainThread]: Wrote artifact SemanticManifest to C:\Users\eriku\Desktop\DataenginerSTI2024-2026\Github\data_warehouse_lifecycle_de24\11\dbt_code\target\semantic_manifest.json
[0m18:03:03.595426 [debug] [MainThread]: Wrote artifact RunExecutionResult to C:\Users\eriku\Desktop\DataenginerSTI2024-2026\Github\data_warehouse_lifecycle_de24\11\dbt_code\target\run_results.json
[0m18:03:03.595426 [info ] [MainThread]: 
[0m18:03:03.596432 [info ] [MainThread]: [32mCompleted successfully[0m
[0m18:03:03.597426 [info ] [MainThread]: 
[0m18:03:03.597426 [info ] [MainThread]: Done. PASS=2 WARN=0 ERROR=0 SKIP=0 NO-OP=0 TOTAL=2
[0m18:03:03.598500 [debug] [MainThread]: Command `dbt run` succeeded at 18:03:03.598500 after 17.87 seconds
[0m18:03:03.599508 [debug] [MainThread]: Sending event: {'category': 'dbt', 'action': 'invocation', 'label': 'end', 'context': [<snowplow_tracker.self_describing_json.SelfDescribingJson object at 0x00000244BBFD1DC0>, <snowplow_tracker.self_describing_json.SelfDescribingJson object at 0x00000244BBB17680>, <snowplow_tracker.self_describing_json.SelfDescribingJson object at 0x00000244BBB17CE0>]}
[0m18:03:03.599508 [debug] [MainThread]: Flushing usage events
[0m18:03:04.481748 [debug] [MainThread]: An error was encountered while trying to flush usage events
[0m18:13:36.109774 [debug] [MainThread]: Sending event: {'category': 'dbt', 'action': 'invocation', 'label': 'start', 'context': [<snowplow_tracker.self_describing_json.SelfDescribingJson object at 0x000001F0C7A962A0>, <snowplow_tracker.self_describing_json.SelfDescribingJson object at 0x000001F0C813CD40>, <snowplow_tracker.self_describing_json.SelfDescribingJson object at 0x000001F0C85B6420>]}


============================== 18:13:36.114664 | a0420005-e653-4404-b1e8-7636d3a55fba ==============================
[0m18:13:36.114664 [info ] [MainThread]: Running with dbt=1.10.10
[0m18:13:36.115663 [debug] [MainThread]: running dbt with arguments {'partial_parse': 'True', 'static_parser': 'True', 'send_anonymous_usage_stats': 'True', 'use_colors': 'True', 'cache_selected_only': 'False', 'target_path': 'None', 'version_check': 'True', 'invocation_command': 'dbt run', 'log_format': 'default', 'warn_error': 'None', 'introspect': 'True', 'debug': 'False', 'printer_width': '80', 'fail_fast': 'False', 'no_print': 'None', 'quiet': 'False', 'empty': 'False', 'use_experimental_parser': 'False', 'log_cache_events': 'False', 'indirect_selection': 'eager', 'log_path': 'C:\\Users\\eriku\\Desktop\\DataenginerSTI2024-2026\\Github\\data_warehouse_lifecycle_de24\\11\\dbt_code\\logs', 'write_json': 'True', 'warn_error_options': 'WarnErrorOptionsV2(error=[], warn=[], silence=[])', 'profiles_dir': 'C:\\Users\\eriku\\.dbt'}
[0m18:13:39.284694 [debug] [MainThread]: Sending event: {'category': 'dbt', 'action': 'project_id', 'label': 'a0420005-e653-4404-b1e8-7636d3a55fba', 'context': [<snowplow_tracker.self_describing_json.SelfDescribingJson object at 0x000001F0D8351190>]}
[0m18:13:39.334695 [debug] [MainThread]: Sending event: {'category': 'dbt', 'action': 'adapter_info', 'label': 'a0420005-e653-4404-b1e8-7636d3a55fba', 'context': [<snowplow_tracker.self_describing_json.SelfDescribingJson object at 0x000001F0D94D9D30>]}
[0m18:13:39.336493 [info ] [MainThread]: Registered adapter: snowflake=1.10.0
[0m18:13:39.615072 [debug] [MainThread]: checksum: 502a0dc23e9052e1ae09f7c44ee219ef7a02dfea7e7d66580d54c304c14d553b, vars: {}, profile: , target: , version: 1.10.10
[0m18:13:40.637574 [debug] [MainThread]: Partial parsing enabled: 0 files deleted, 0 files added, 0 files changed.
[0m18:13:40.637574 [debug] [MainThread]: Partial parsing enabled, no changes found, skipping parsing
[0m18:13:40.642575 [warn ] [MainThread]: [[33mWARNING[0m]: Configuration paths exist in your dbt_project.yml file which do not apply to any resources.
There are 3 unused configuration paths:
- models.dbt_code.dim
- models.dbt_code.fct
- models.dbt_code.mart
[0m18:13:40.675577 [debug] [MainThread]: Sending event: {'category': 'dbt', 'action': 'load_project', 'label': 'a0420005-e653-4404-b1e8-7636d3a55fba', 'context': [<snowplow_tracker.self_describing_json.SelfDescribingJson object at 0x000001F0C9B96DE0>]}
[0m18:13:40.742576 [debug] [MainThread]: Wrote artifact WritableManifest to C:\Users\eriku\Desktop\DataenginerSTI2024-2026\Github\data_warehouse_lifecycle_de24\11\dbt_code\target\manifest.json
[0m18:13:40.744580 [debug] [MainThread]: Wrote artifact SemanticManifest to C:\Users\eriku\Desktop\DataenginerSTI2024-2026\Github\data_warehouse_lifecycle_de24\11\dbt_code\target\semantic_manifest.json
[0m18:13:40.783057 [debug] [MainThread]: Sending event: {'category': 'dbt', 'action': 'resource_counts', 'label': 'a0420005-e653-4404-b1e8-7636d3a55fba', 'context': [<snowplow_tracker.self_describing_json.SelfDescribingJson object at 0x000001F0DAA0BE30>]}
[0m18:13:40.783057 [info ] [MainThread]: Found 4 models, 1 source, 595 macros
[0m18:13:40.784351 [debug] [MainThread]: Sending event: {'category': 'dbt', 'action': 'runnable_timing', 'label': 'a0420005-e653-4404-b1e8-7636d3a55fba', 'context': [<snowplow_tracker.self_describing_json.SelfDescribingJson object at 0x000001F0DA99B6B0>]}
[0m18:13:40.785439 [info ] [MainThread]: 
[0m18:13:40.786695 [info ] [MainThread]: Concurrency: 1 threads (target='dev')
[0m18:13:40.786695 [info ] [MainThread]: 
[0m18:13:40.787762 [debug] [MainThread]: Acquiring new snowflake connection 'master'
[0m18:13:40.791782 [debug] [ThreadPool]: Acquiring new snowflake connection 'list_job_ads'
[0m18:13:42.414483 [debug] [ThreadPool]: Using snowflake connection "list_job_ads"
[0m18:13:42.414483 [debug] [ThreadPool]: On list_job_ads: show terse schemas in database job_ads
    limit 10000
/* {"app": "dbt", "dbt_version": "1.10.10", "profile_name": "dbt_snowflake", "target_name": "dev", "connection_name": "list_job_ads"} */
[0m18:13:42.415580 [debug] [ThreadPool]: Opening a new connection, currently in state init
[0m18:13:45.952433 [debug] [ThreadPool]: SQL status: SUCCESS 4 in 3.537 seconds
[0m18:13:45.957886 [debug] [ThreadPool]: Acquiring new snowflake connection 'list_job_ads_warehouse'
[0m18:13:46.030919 [debug] [ThreadPool]: Using snowflake connection "list_job_ads_warehouse"
[0m18:13:46.031931 [debug] [ThreadPool]: On list_job_ads_warehouse: show objects in job_ads.warehouse
    limit 10000
    

/* {"app": "dbt", "dbt_version": "1.10.10", "profile_name": "dbt_snowflake", "target_name": "dev", "connection_name": "list_job_ads_warehouse"} */;
[0m18:13:46.031931 [debug] [ThreadPool]: Opening a new connection, currently in state init
[0m18:13:48.684068 [debug] [ThreadPool]: SQL status: SUCCESS 2 in 2.652 seconds
[0m18:13:48.687160 [debug] [MainThread]: Sending event: {'category': 'dbt', 'action': 'runnable_timing', 'label': 'a0420005-e653-4404-b1e8-7636d3a55fba', 'context': [<snowplow_tracker.self_describing_json.SelfDescribingJson object at 0x000001F0C5B46870>]}
[0m18:13:48.694116 [debug] [Thread-1 (]: Began running node model.dbt_code.original_headline
[0m18:13:48.695159 [info ] [Thread-1 (]: 1 of 2 START sql table model warehouse.original_headline ....................... [RUN]
[0m18:13:48.696114 [debug] [Thread-1 (]: Acquiring new snowflake connection 'model.dbt_code.original_headline'
[0m18:13:48.697168 [debug] [Thread-1 (]: Began compiling node model.dbt_code.original_headline
[0m18:13:48.704157 [debug] [Thread-1 (]: Writing injected SQL for node "model.dbt_code.original_headline"
[0m18:13:48.705165 [debug] [Thread-1 (]: Began executing node model.dbt_code.original_headline
[0m18:13:48.735079 [debug] [Thread-1 (]: Writing runtime sql for node "model.dbt_code.original_headline"
[0m18:13:48.736079 [debug] [Thread-1 (]: Using snowflake connection "model.dbt_code.original_headline"
[0m18:13:48.737080 [debug] [Thread-1 (]: On model.dbt_code.original_headline: create or replace transient table job_ads.warehouse.original_headline
    
    
    
    as (SELECT 
    headline
FROM job_ads.staging.data_field_job_ads
    )

/* {"app": "dbt", "dbt_version": "1.10.10", "profile_name": "dbt_snowflake", "target_name": "dev", "node_id": "model.dbt_code.original_headline"} */;
[0m18:13:48.737080 [debug] [Thread-1 (]: Opening a new connection, currently in state init
[0m18:13:53.088140 [debug] [Thread-1 (]: SQL status: SUCCESS 1 in 4.351 seconds
[0m18:13:53.112992 [debug] [Thread-1 (]: Sending event: {'category': 'dbt', 'action': 'run_model', 'label': 'a0420005-e653-4404-b1e8-7636d3a55fba', 'context': [<snowplow_tracker.self_describing_json.SelfDescribingJson object at 0x000001F0C7E9DF40>]}
[0m18:13:53.112992 [info ] [Thread-1 (]: 1 of 2 OK created sql table model warehouse.original_headline .................. [[32mSUCCESS 1[0m in 4.41s]
[0m18:13:53.114504 [debug] [Thread-1 (]: Finished running node model.dbt_code.original_headline
[0m18:13:53.115514 [debug] [Thread-1 (]: Began running node model.dbt_code.src_employer
[0m18:13:53.115514 [debug] [Thread-1 (]: Re-using an available connection from the pool (formerly model.dbt_code.original_headline, now model.dbt_code.src_employer)
[0m18:13:53.115514 [debug] [Thread-1 (]: Began compiling node model.dbt_code.src_employer
[0m18:13:53.118594 [debug] [Thread-1 (]: Writing injected SQL for node "model.dbt_code.src_employer"
[0m18:13:53.119513 [debug] [Thread-1 (]: Finished running node model.dbt_code.src_employer
[0m18:13:53.119513 [debug] [Thread-1 (]: Began running node model.dbt_code.src_job_ads
[0m18:13:53.120587 [debug] [Thread-1 (]: Re-using an available connection from the pool (formerly model.dbt_code.src_employer, now model.dbt_code.src_job_ads)
[0m18:13:53.120587 [debug] [Thread-1 (]: Began compiling node model.dbt_code.src_job_ads
[0m18:13:53.122605 [debug] [Thread-1 (]: Writing injected SQL for node "model.dbt_code.src_job_ads"
[0m18:13:53.123593 [debug] [Thread-1 (]: Finished running node model.dbt_code.src_job_ads
[0m18:13:53.124514 [debug] [Thread-1 (]: Began running node model.dbt_code.updated_headline_macro
[0m18:13:53.124514 [info ] [Thread-1 (]: 2 of 2 START sql table model warehouse.updated_headline_macro .................. [RUN]
[0m18:13:53.125512 [debug] [Thread-1 (]: Re-using an available connection from the pool (formerly model.dbt_code.src_job_ads, now model.dbt_code.updated_headline_macro)
[0m18:13:53.125512 [debug] [Thread-1 (]: Began compiling node model.dbt_code.updated_headline_macro
[0m18:13:53.129621 [debug] [Thread-1 (]: Writing injected SQL for node "model.dbt_code.updated_headline_macro"
[0m18:13:53.141053 [debug] [Thread-1 (]: Began executing node model.dbt_code.updated_headline_macro
[0m18:13:53.144102 [debug] [Thread-1 (]: Writing runtime sql for node "model.dbt_code.updated_headline_macro"
[0m18:13:53.145056 [debug] [Thread-1 (]: Using snowflake connection "model.dbt_code.updated_headline_macro"
[0m18:13:53.145056 [debug] [Thread-1 (]: On model.dbt_code.updated_headline_macro: create or replace transient table job_ads.warehouse.updated_headline_macro
    
    
    
    as (WITH staging_data AS (
    SELECT 
        *
    FROM job_ads.warehouse.original_headline)

SELECT 
    
    CASE 
        WHEN headline = 'Data Engineer' THEN 'Junior Data Engineer'
        ELSE headline
    END
 AS updated_job_title
FROM staging_data
    )

/* {"app": "dbt", "dbt_version": "1.10.10", "profile_name": "dbt_snowflake", "target_name": "dev", "node_id": "model.dbt_code.updated_headline_macro"} */;
[0m18:13:54.214823 [debug] [Thread-1 (]: SQL status: SUCCESS 1 in 1.069 seconds
[0m18:13:54.219814 [debug] [Thread-1 (]: Sending event: {'category': 'dbt', 'action': 'run_model', 'label': 'a0420005-e653-4404-b1e8-7636d3a55fba', 'context': [<snowplow_tracker.self_describing_json.SelfDescribingJson object at 0x000001F0DB7CA0F0>]}
[0m18:13:54.220817 [info ] [Thread-1 (]: 2 of 2 OK created sql table model warehouse.updated_headline_macro ............. [[32mSUCCESS 1[0m in 1.09s]
[0m18:13:54.222034 [debug] [Thread-1 (]: Finished running node model.dbt_code.updated_headline_macro
[0m18:13:54.224052 [debug] [MainThread]: Connection 'master' was properly closed.
[0m18:13:54.224052 [debug] [MainThread]: Connection 'list_job_ads' was left open.
[0m18:13:54.224052 [debug] [MainThread]: On list_job_ads: Close
[0m18:13:54.335730 [debug] [MainThread]: Connection 'list_job_ads_warehouse' was left open.
[0m18:13:54.336739 [debug] [MainThread]: On list_job_ads_warehouse: Close
[0m18:13:54.446067 [debug] [MainThread]: Connection 'model.dbt_code.updated_headline_macro' was left open.
[0m18:13:54.447068 [debug] [MainThread]: On model.dbt_code.updated_headline_macro: Close
[0m18:13:54.555894 [info ] [MainThread]: 
[0m18:13:54.557868 [info ] [MainThread]: Finished running 2 table models in 0 hours 0 minutes and 13.77 seconds (13.77s).
[0m18:13:54.560885 [debug] [MainThread]: Command end result
[0m18:13:54.583879 [debug] [MainThread]: Wrote artifact WritableManifest to C:\Users\eriku\Desktop\DataenginerSTI2024-2026\Github\data_warehouse_lifecycle_de24\11\dbt_code\target\manifest.json
[0m18:13:54.587877 [debug] [MainThread]: Wrote artifact SemanticManifest to C:\Users\eriku\Desktop\DataenginerSTI2024-2026\Github\data_warehouse_lifecycle_de24\11\dbt_code\target\semantic_manifest.json
[0m18:13:54.592877 [debug] [MainThread]: Wrote artifact RunExecutionResult to C:\Users\eriku\Desktop\DataenginerSTI2024-2026\Github\data_warehouse_lifecycle_de24\11\dbt_code\target\run_results.json
[0m18:13:54.593878 [info ] [MainThread]: 
[0m18:13:54.593878 [info ] [MainThread]: [32mCompleted successfully[0m
[0m18:13:54.594935 [info ] [MainThread]: 
[0m18:13:54.595879 [info ] [MainThread]: Done. PASS=2 WARN=0 ERROR=0 SKIP=0 NO-OP=0 TOTAL=2
[0m18:13:54.596878 [debug] [MainThread]: Command `dbt run` succeeded at 18:13:54.596878 after 18.64 seconds
[0m18:13:54.596878 [debug] [MainThread]: Sending event: {'category': 'dbt', 'action': 'invocation', 'label': 'end', 'context': [<snowplow_tracker.self_describing_json.SelfDescribingJson object at 0x000001F0C8670200>, <snowplow_tracker.self_describing_json.SelfDescribingJson object at 0x000001F0C89BF110>, <snowplow_tracker.self_describing_json.SelfDescribingJson object at 0x000001F0C89BDF10>]}
[0m18:13:54.596878 [debug] [MainThread]: Flushing usage events
[0m18:13:55.432513 [debug] [MainThread]: An error was encountered while trying to flush usage events
[0m18:21:06.514402 [debug] [MainThread]: Sending event: {'category': 'dbt', 'action': 'invocation', 'label': 'start', 'context': [<snowplow_tracker.self_describing_json.SelfDescribingJson object at 0x000001B775122AB0>, <snowplow_tracker.self_describing_json.SelfDescribingJson object at 0x000001B772504B30>, <snowplow_tracker.self_describing_json.SelfDescribingJson object at 0x000001B7750D54F0>]}


============================== 18:21:06.521494 | ab45cfce-86bf-4b11-b0ea-bd567cb8703e ==============================
[0m18:21:06.521494 [info ] [MainThread]: Running with dbt=1.10.10
[0m18:21:06.522493 [debug] [MainThread]: running dbt with arguments {'partial_parse': 'True', 'static_parser': 'True', 'send_anonymous_usage_stats': 'True', 'warn_error': 'None', 'cache_selected_only': 'False', 'target_path': 'None', 'use_colors': 'True', 'invocation_command': 'dbt ', 'log_format': 'default', 'version_check': 'True', 'introspect': 'True', 'debug': 'False', 'printer_width': '80', 'fail_fast': 'False', 'no_print': 'None', 'use_experimental_parser': 'False', 'quiet': 'False', 'empty': 'None', 'log_cache_events': 'False', 'log_path': 'c:\\Users\\eriku\\Desktop\\DataenginerSTI2024-2026\\Github\\data_warehouse_lifecycle_de24\\11\\dbt_code\\logs', 'indirect_selection': 'eager', 'profiles_dir': 'C:\\Users\\eriku\\.dbt', 'warn_error_options': 'WarnErrorOptionsV2(error=[], warn=[], silence=[])', 'write_json': 'True'}
[0m18:21:06.781676 [debug] [MainThread]: Sending event: {'category': 'dbt', 'action': 'project_id', 'label': 'ab45cfce-86bf-4b11-b0ea-bd567cb8703e', 'context': [<snowplow_tracker.self_describing_json.SelfDescribingJson object at 0x000001B7767D3B00>]}
[0m18:21:06.972231 [debug] [MainThread]: Set downloads directory='C:\Users\eriku\AppData\Local\Temp\dbt-downloads-whdlimhy'
[0m18:21:06.973234 [debug] [MainThread]: Making package index registry request: GET https://hub.getdbt.com/api/v1/index.json
[0m18:21:07.091710 [debug] [MainThread]: Response from registry index: GET https://hub.getdbt.com/api/v1/index.json 200
[0m18:21:07.092710 [debug] [MainThread]: Making package registry request: GET https://hub.getdbt.com/api/v1/dbt-labs/dbt_utils.json
[0m18:21:07.141853 [debug] [MainThread]: Response from registry: GET https://hub.getdbt.com/api/v1/dbt-labs/dbt_utils.json 200
[0m18:21:07.146853 [info ] [MainThread]: Installing dbt-labs/dbt_utils
[0m18:21:07.842129 [info ] [MainThread]: Installed from version 1.2.0
[0m18:21:07.842129 [info ] [MainThread]: Updated version available: 1.3.0
[0m18:21:07.843131 [debug] [MainThread]: Sending event: {'category': 'dbt', 'action': 'package', 'label': 'ab45cfce-86bf-4b11-b0ea-bd567cb8703e', 'property_': 'install', 'context': [<snowplow_tracker.self_describing_json.SelfDescribingJson object at 0x000001B776862090>, <snowplow_tracker.self_describing_json.SelfDescribingJson object at 0x000001B776881910>]}
[0m18:21:07.843131 [info ] [MainThread]: 
[0m18:21:07.844129 [info ] [MainThread]: Updates available for packages: ['dbt-labs/dbt_utils']                 
Update your versions in packages.yml, then run dbt deps
[0m18:21:07.847126 [debug] [MainThread]: Command `cli deps` succeeded at 18:21:07.846128 after 1.63 seconds
[0m18:21:07.847126 [debug] [MainThread]: Sending event: {'category': 'dbt', 'action': 'invocation', 'label': 'end', 'context': [<snowplow_tracker.self_describing_json.SelfDescribingJson object at 0x000001B7750D5340>, <snowplow_tracker.self_describing_json.SelfDescribingJson object at 0x000001B7750D78C0>, <snowplow_tracker.self_describing_json.SelfDescribingJson object at 0x000001B774CEFCB0>]}
[0m18:21:07.848126 [debug] [MainThread]: Flushing usage events
[0m18:21:08.512600 [debug] [MainThread]: An error was encountered while trying to flush usage events
[0m18:33:07.853105 [debug] [MainThread]: Sending event: {'category': 'dbt', 'action': 'invocation', 'label': 'start', 'context': [<snowplow_tracker.self_describing_json.SelfDescribingJson object at 0x000001C404F0D9D0>, <snowplow_tracker.self_describing_json.SelfDescribingJson object at 0x000001C4053970B0>, <snowplow_tracker.self_describing_json.SelfDescribingJson object at 0x000001C40534A120>]}


============================== 18:33:07.860330 | 6dd385c8-01d0-45c7-ad40-fc52cf2b2402 ==============================
[0m18:33:07.860330 [info ] [MainThread]: Running with dbt=1.10.10
[0m18:33:07.860878 [debug] [MainThread]: running dbt with arguments {'partial_parse': 'True', 'static_parser': 'True', 'send_anonymous_usage_stats': 'True', 'version_check': 'True', 'cache_selected_only': 'False', 'target_path': 'None', 'use_colors': 'True', 'invocation_command': 'dbt run', 'log_format': 'default', 'warn_error': 'None', 'introspect': 'True', 'debug': 'False', 'printer_width': '80', 'fail_fast': 'False', 'no_print': 'None', 'empty': 'False', 'quiet': 'False', 'use_experimental_parser': 'False', 'log_cache_events': 'False', 'log_path': 'C:\\Users\\eriku\\Desktop\\DataenginerSTI2024-2026\\Github\\data_warehouse_lifecycle_de24\\11\\dbt_code\\logs', 'indirect_selection': 'eager', 'profiles_dir': 'C:\\Users\\eriku\\.dbt', 'warn_error_options': 'WarnErrorOptionsV2(error=[], warn=[], silence=[])', 'write_json': 'True'}
[0m18:33:09.647701 [debug] [MainThread]: Sending event: {'category': 'dbt', 'action': 'project_id', 'label': '6dd385c8-01d0-45c7-ad40-fc52cf2b2402', 'context': [<snowplow_tracker.self_describing_json.SelfDescribingJson object at 0x000001C417FC4EC0>]}
[0m18:33:09.726555 [debug] [MainThread]: Sending event: {'category': 'dbt', 'action': 'adapter_info', 'label': '6dd385c8-01d0-45c7-ad40-fc52cf2b2402', 'context': [<snowplow_tracker.self_describing_json.SelfDescribingJson object at 0x000001C418094E00>]}
[0m18:33:09.729914 [info ] [MainThread]: Registered adapter: snowflake=1.10.0
[0m18:33:10.083787 [debug] [MainThread]: checksum: 502a0dc23e9052e1ae09f7c44ee219ef7a02dfea7e7d66580d54c304c14d553b, vars: {}, profile: , target: , version: 1.10.10
[0m18:33:10.269003 [debug] [MainThread]: Partial parsing enabled: 0 files deleted, 0 files added, 0 files changed.
[0m18:33:10.269003 [debug] [MainThread]: Partial parsing enabled, no changes found, skipping parsing
[0m18:33:10.273989 [warn ] [MainThread]: [[33mWARNING[0m]: Configuration paths exist in your dbt_project.yml file which do not apply to any resources.
There are 3 unused configuration paths:
- models.dbt_code.dim
- models.dbt_code.mart
- models.dbt_code.fct
[0m18:33:10.299930 [debug] [MainThread]: Sending event: {'category': 'dbt', 'action': 'load_project', 'label': '6dd385c8-01d0-45c7-ad40-fc52cf2b2402', 'context': [<snowplow_tracker.self_describing_json.SelfDescribingJson object at 0x000001C41818D220>]}
[0m18:33:10.369457 [debug] [MainThread]: Wrote artifact WritableManifest to C:\Users\eriku\Desktop\DataenginerSTI2024-2026\Github\data_warehouse_lifecycle_de24\11\dbt_code\target\manifest.json
[0m18:33:10.373189 [debug] [MainThread]: Wrote artifact SemanticManifest to C:\Users\eriku\Desktop\DataenginerSTI2024-2026\Github\data_warehouse_lifecycle_de24\11\dbt_code\target\semantic_manifest.json
[0m18:33:10.415913 [debug] [MainThread]: Sending event: {'category': 'dbt', 'action': 'resource_counts', 'label': '6dd385c8-01d0-45c7-ad40-fc52cf2b2402', 'context': [<snowplow_tracker.self_describing_json.SelfDescribingJson object at 0x000001C4185FC830>]}
[0m18:33:10.415913 [info ] [MainThread]: Found 4 models, 1 source, 595 macros
[0m18:33:10.416939 [debug] [MainThread]: Sending event: {'category': 'dbt', 'action': 'runnable_timing', 'label': '6dd385c8-01d0-45c7-ad40-fc52cf2b2402', 'context': [<snowplow_tracker.self_describing_json.SelfDescribingJson object at 0x000001C4185FB770>]}
[0m18:33:10.418946 [info ] [MainThread]: 
[0m18:33:10.419920 [info ] [MainThread]: Concurrency: 1 threads (target='dev')
[0m18:33:10.419920 [info ] [MainThread]: 
[0m18:33:10.420923 [debug] [MainThread]: Acquiring new snowflake connection 'master'
[0m18:33:10.425078 [debug] [ThreadPool]: Acquiring new snowflake connection 'list_job_ads'
[0m18:33:10.638581 [debug] [ThreadPool]: Using snowflake connection "list_job_ads"
[0m18:33:10.638581 [debug] [ThreadPool]: On list_job_ads: show terse schemas in database job_ads
    limit 10000
/* {"app": "dbt", "dbt_version": "1.10.10", "profile_name": "dbt_snowflake", "target_name": "dev", "connection_name": "list_job_ads"} */
[0m18:33:10.638581 [debug] [ThreadPool]: Opening a new connection, currently in state init
[0m18:33:13.803089 [debug] [ThreadPool]: SQL status: SUCCESS 4 in 3.164 seconds
[0m18:33:13.809778 [debug] [ThreadPool]: Acquiring new snowflake connection 'list_job_ads_warehouse'
[0m18:33:13.821785 [debug] [ThreadPool]: Using snowflake connection "list_job_ads_warehouse"
[0m18:33:13.821785 [debug] [ThreadPool]: On list_job_ads_warehouse: show objects in job_ads.warehouse
    limit 10000
    

/* {"app": "dbt", "dbt_version": "1.10.10", "profile_name": "dbt_snowflake", "target_name": "dev", "connection_name": "list_job_ads_warehouse"} */;
[0m18:33:13.822785 [debug] [ThreadPool]: Opening a new connection, currently in state init
[0m18:33:16.970113 [debug] [ThreadPool]: SQL status: SUCCESS 2 in 3.148 seconds
[0m18:33:16.975045 [debug] [MainThread]: Sending event: {'category': 'dbt', 'action': 'runnable_timing', 'label': '6dd385c8-01d0-45c7-ad40-fc52cf2b2402', 'context': [<snowplow_tracker.self_describing_json.SelfDescribingJson object at 0x000001C417FAB470>]}
[0m18:33:16.983587 [debug] [Thread-1 (]: Began running node model.dbt_code.original_headline
[0m18:33:16.984684 [info ] [Thread-1 (]: 1 of 2 START sql table model warehouse.original_headline ....................... [RUN]
[0m18:33:16.985864 [debug] [Thread-1 (]: Acquiring new snowflake connection 'model.dbt_code.original_headline'
[0m18:33:16.986939 [debug] [Thread-1 (]: Began compiling node model.dbt_code.original_headline
[0m18:33:16.994958 [debug] [Thread-1 (]: Writing injected SQL for node "model.dbt_code.original_headline"
[0m18:33:16.996218 [debug] [Thread-1 (]: Began executing node model.dbt_code.original_headline
[0m18:33:17.034446 [debug] [Thread-1 (]: Writing runtime sql for node "model.dbt_code.original_headline"
[0m18:33:17.035987 [debug] [Thread-1 (]: Using snowflake connection "model.dbt_code.original_headline"
[0m18:33:17.036996 [debug] [Thread-1 (]: On model.dbt_code.original_headline: create or replace transient table job_ads.warehouse.original_headline
    
    
    
    as (SELECT 
    headline
FROM job_ads.staging.data_field_job_ads
    )

/* {"app": "dbt", "dbt_version": "1.10.10", "profile_name": "dbt_snowflake", "target_name": "dev", "node_id": "model.dbt_code.original_headline"} */;
[0m18:33:17.036996 [debug] [Thread-1 (]: Opening a new connection, currently in state init
[0m18:33:22.499926 [debug] [Thread-1 (]: SQL status: SUCCESS 1 in 5.463 seconds
[0m18:33:22.532271 [debug] [Thread-1 (]: Sending event: {'category': 'dbt', 'action': 'run_model', 'label': '6dd385c8-01d0-45c7-ad40-fc52cf2b2402', 'context': [<snowplow_tracker.self_describing_json.SelfDescribingJson object at 0x000001C4195B76E0>]}
[0m18:33:22.533353 [info ] [Thread-1 (]: 1 of 2 OK created sql table model warehouse.original_headline .................. [[32mSUCCESS 1[0m in 5.54s]
[0m18:33:22.534270 [debug] [Thread-1 (]: Finished running node model.dbt_code.original_headline
[0m18:33:22.535262 [debug] [Thread-1 (]: Began running node model.dbt_code.src_employer
[0m18:33:22.535262 [debug] [Thread-1 (]: Re-using an available connection from the pool (formerly model.dbt_code.original_headline, now model.dbt_code.src_employer)
[0m18:33:22.535262 [debug] [Thread-1 (]: Began compiling node model.dbt_code.src_employer
[0m18:33:22.538359 [debug] [Thread-1 (]: Writing injected SQL for node "model.dbt_code.src_employer"
[0m18:33:22.540267 [debug] [Thread-1 (]: Finished running node model.dbt_code.src_employer
[0m18:33:22.540267 [debug] [Thread-1 (]: Began running node model.dbt_code.src_job_ads
[0m18:33:22.540267 [debug] [Thread-1 (]: Re-using an available connection from the pool (formerly model.dbt_code.src_employer, now model.dbt_code.src_job_ads)
[0m18:33:22.541343 [debug] [Thread-1 (]: Began compiling node model.dbt_code.src_job_ads
[0m18:33:22.543350 [debug] [Thread-1 (]: Writing injected SQL for node "model.dbt_code.src_job_ads"
[0m18:33:22.544519 [debug] [Thread-1 (]: Finished running node model.dbt_code.src_job_ads
[0m18:33:22.545529 [debug] [Thread-1 (]: Began running node model.dbt_code.updated_headline_macro
[0m18:33:22.545529 [info ] [Thread-1 (]: 2 of 2 START sql table model warehouse.updated_headline_macro .................. [RUN]
[0m18:33:22.546544 [debug] [Thread-1 (]: Re-using an available connection from the pool (formerly model.dbt_code.src_job_ads, now model.dbt_code.updated_headline_macro)
[0m18:33:22.546544 [debug] [Thread-1 (]: Began compiling node model.dbt_code.updated_headline_macro
[0m18:33:22.550534 [debug] [Thread-1 (]: Writing injected SQL for node "model.dbt_code.updated_headline_macro"
[0m18:33:22.552533 [debug] [Thread-1 (]: Began executing node model.dbt_code.updated_headline_macro
[0m18:33:22.555530 [debug] [Thread-1 (]: Writing runtime sql for node "model.dbt_code.updated_headline_macro"
[0m18:33:22.556531 [debug] [Thread-1 (]: Using snowflake connection "model.dbt_code.updated_headline_macro"
[0m18:33:22.557532 [debug] [Thread-1 (]: On model.dbt_code.updated_headline_macro: create or replace transient table job_ads.warehouse.updated_headline_macro
    
    
    
    as (WITH staging_data AS (
    SELECT 
        *
    FROM job_ads.warehouse.original_headline)

SELECT 
    
    CASE 
        WHEN headline = 'Data Engineer' THEN 'Junior Data Engineer'
        ELSE headline
    END
 AS updated_job_title
FROM staging_data
    )

/* {"app": "dbt", "dbt_version": "1.10.10", "profile_name": "dbt_snowflake", "target_name": "dev", "node_id": "model.dbt_code.updated_headline_macro"} */;
[0m18:33:24.547671 [debug] [Thread-1 (]: SQL status: SUCCESS 1 in 1.990 seconds
[0m18:33:24.551585 [debug] [Thread-1 (]: Sending event: {'category': 'dbt', 'action': 'run_model', 'label': '6dd385c8-01d0-45c7-ad40-fc52cf2b2402', 'context': [<snowplow_tracker.self_describing_json.SelfDescribingJson object at 0x000001C4195DBE30>]}
[0m18:33:24.552819 [info ] [Thread-1 (]: 2 of 2 OK created sql table model warehouse.updated_headline_macro ............. [[32mSUCCESS 1[0m in 2.01s]
[0m18:33:24.553740 [debug] [Thread-1 (]: Finished running node model.dbt_code.updated_headline_macro
[0m18:33:24.555772 [debug] [MainThread]: Connection 'master' was properly closed.
[0m18:33:24.555772 [debug] [MainThread]: Connection 'list_job_ads' was left open.
[0m18:33:24.555772 [debug] [MainThread]: On list_job_ads: Close
[0m18:33:24.680949 [debug] [MainThread]: Connection 'list_job_ads_warehouse' was left open.
[0m18:33:24.682268 [debug] [MainThread]: On list_job_ads_warehouse: Close
[0m18:33:24.796343 [debug] [MainThread]: Connection 'model.dbt_code.updated_headline_macro' was left open.
[0m18:33:24.797356 [debug] [MainThread]: On model.dbt_code.updated_headline_macro: Close
[0m18:33:24.932219 [info ] [MainThread]: 
[0m18:33:24.934135 [info ] [MainThread]: Finished running 2 table models in 0 hours 0 minutes and 14.51 seconds (14.51s).
[0m18:33:24.936133 [debug] [MainThread]: Command end result
[0m18:33:24.963217 [debug] [MainThread]: Wrote artifact WritableManifest to C:\Users\eriku\Desktop\DataenginerSTI2024-2026\Github\data_warehouse_lifecycle_de24\11\dbt_code\target\manifest.json
[0m18:33:24.966132 [debug] [MainThread]: Wrote artifact SemanticManifest to C:\Users\eriku\Desktop\DataenginerSTI2024-2026\Github\data_warehouse_lifecycle_de24\11\dbt_code\target\semantic_manifest.json
[0m18:33:24.974133 [debug] [MainThread]: Wrote artifact RunExecutionResult to C:\Users\eriku\Desktop\DataenginerSTI2024-2026\Github\data_warehouse_lifecycle_de24\11\dbt_code\target\run_results.json
[0m18:33:24.975128 [info ] [MainThread]: 
[0m18:33:24.976130 [info ] [MainThread]: [32mCompleted successfully[0m
[0m18:33:24.976130 [info ] [MainThread]: 
[0m18:33:24.977127 [info ] [MainThread]: Done. PASS=2 WARN=0 ERROR=0 SKIP=0 NO-OP=0 TOTAL=2
[0m18:33:24.978364 [debug] [MainThread]: Command `dbt run` succeeded at 18:33:24.978364 after 17.38 seconds
[0m18:33:24.978364 [debug] [MainThread]: Sending event: {'category': 'dbt', 'action': 'invocation', 'label': 'end', 'context': [<snowplow_tracker.self_describing_json.SelfDescribingJson object at 0x000001C4059924B0>, <snowplow_tracker.self_describing_json.SelfDescribingJson object at 0x000001C405DE6AE0>, <snowplow_tracker.self_describing_json.SelfDescribingJson object at 0x000001C405963800>]}
[0m18:33:24.978364 [debug] [MainThread]: Flushing usage events
[0m18:33:25.900927 [debug] [MainThread]: An error was encountered while trying to flush usage events
