[0m18:05:06.097699 [debug] [MainThread]: Sending event: {'category': 'dbt', 'action': 'invocation', 'label': 'start', 'context': [<snowplow_tracker.self_describing_json.SelfDescribingJson object at 0x0000015BDC3D9F70>, <snowplow_tracker.self_describing_json.SelfDescribingJson object at 0x0000015BDB6D4F80>, <snowplow_tracker.self_describing_json.SelfDescribingJson object at 0x0000015BDC7FAA50>]}


============================== 18:05:06.105660 | 36dd70f4-ac8d-4489-9a40-11d5d6506075 ==============================
[0m18:05:06.105660 [info ] [MainThread]: Running with dbt=1.10.10
[0m18:05:06.106659 [debug] [MainThread]: running dbt with arguments {'partial_parse': 'True', 'write_json': 'True', 'send_anonymous_usage_stats': 'True', 'warn_error': 'None', 'cache_selected_only': 'False', 'target_path': 'None', 'version_check': 'True', 'invocation_command': 'dbt debug', 'log_format': 'default', 'use_colors': 'True', 'introspect': 'True', 'debug': 'False', 'log_cache_events': 'False', 'fail_fast': 'False', 'no_print': 'None', 'use_experimental_parser': 'False', 'printer_width': '80', 'empty': 'None', 'quiet': 'False', 'indirect_selection': 'eager', 'log_path': 'C:\\Users\\eriku\\Desktop\\DataenginerSTI2024-2026\\Github\\data_warehouse_lifecycle_de24\\10\\dbt_code\\logs', 'profiles_dir': 'C:\\Users\\eriku\\.dbt', 'static_parser': 'True', 'warn_error_options': 'WarnErrorOptionsV2(error=[], warn=[], silence=[])'}
[0m18:05:06.149112 [info ] [MainThread]: dbt version: 1.10.10
[0m18:05:06.150692 [info ] [MainThread]: python version: 3.12.6
[0m18:05:06.150692 [info ] [MainThread]: python path: C:\Users\eriku\Desktop\DataenginerSTI2024-2026\Github\data_warehouse_lifecycle_de24\venv\Scripts\python.exe
[0m18:05:06.151700 [info ] [MainThread]: os info: Windows-11-10.0.26100-SP0
[0m18:05:06.159285 [info ] [MainThread]: Using profiles dir at C:\Users\eriku\.dbt
[0m18:05:06.159285 [info ] [MainThread]: Using profiles.yml file at C:\Users\eriku\.dbt\profiles.yml
[0m18:05:06.160792 [info ] [MainThread]: Using dbt_project.yml file at C:\Users\eriku\Desktop\DataenginerSTI2024-2026\Github\data_warehouse_lifecycle_de24\10\dbt_code\dbt_project.yml
[0m18:05:06.307827 [info ] [MainThread]: Configuration:
[0m18:05:06.308559 [info ] [MainThread]:   profiles.yml file [[31mERROR invalid[0m]
[0m18:05:06.309668 [info ] [MainThread]:   dbt_project.yml file [[32mOK found and valid[0m]
[0m18:05:06.309668 [info ] [MainThread]: Required dependencies:
[0m18:05:06.310907 [debug] [MainThread]: Executing "git --help"
[0m18:05:06.334307 [debug] [MainThread]: STDOUT: "b"usage: git [-v | --version] [-h | --help] [-C <path>] [-c <name>=<value>]\n           [--exec-path[=<path>]] [--html-path] [--man-path] [--info-path]\n           [-p | --paginate | -P | --no-pager] [--no-replace-objects] [--no-lazy-fetch]\n           [--no-optional-locks] [--no-advice] [--bare] [--git-dir=<path>]\n           [--work-tree=<path>] [--namespace=<name>] [--config-env=<name>=<envvar>]\n           <command> [<args>]\n\nThese are common Git commands used in various situations:\n\nstart a working area (see also: git help tutorial)\n   clone     Clone a repository into a new directory\n   init      Create an empty Git repository or reinitialize an existing one\n\nwork on the current change (see also: git help everyday)\n   add       Add file contents to the index\n   mv        Move or rename a file, a directory, or a symlink\n   restore   Restore working tree files\n   rm        Remove files from the working tree and from the index\n\nexamine the history and state (see also: git help revisions)\n   bisect    Use binary search to find the commit that introduced a bug\n   diff      Show changes between commits, commit and working tree, etc\n   grep      Print lines matching a pattern\n   log       Show commit logs\n   show      Show various types of objects\n   status    Show the working tree status\n\ngrow, mark and tweak your common history\n   branch    List, create, or delete branches\n   commit    Record changes to the repository\n   merge     Join two or more development histories together\n   rebase    Reapply commits on top of another base tip\n   reset     Reset current HEAD to the specified state\n   switch    Switch branches\n   tag       Create, list, delete or verify a tag object signed with GPG\n\ncollaborate (see also: git help workflows)\n   fetch     Download objects and refs from another repository\n   pull      Fetch from and integrate with another repository or a local branch\n   push      Update remote refs along with associated objects\n\n'git help -a' and 'git help -g' list available subcommands and some\nconcept guides. See 'git help <command>' or 'git help <concept>'\nto read about a specific subcommand or concept.\nSee 'git help git' for an overview of the system.\n""
[0m18:05:06.335263 [debug] [MainThread]: STDERR: "b''"
[0m18:05:06.336345 [info ] [MainThread]:  - git [[32mOK found[0m]

[0m18:05:06.338258 [info ] [MainThread]: Connection test skipped since no profile was found
[0m18:05:06.339261 [info ] [MainThread]: [31m1 check failed:[0m
[0m18:05:06.340775 [info ] [MainThread]: Profile loading failed for the following reason:
Runtime Error
  Could not find profile named 'dbt_snowflake'


[0m18:05:06.341783 [debug] [MainThread]: Command `dbt debug` failed at 18:05:06.341783 after 0.51 seconds
[0m18:05:06.341783 [debug] [MainThread]: Sending event: {'category': 'dbt', 'action': 'invocation', 'label': 'end', 'context': [<snowplow_tracker.self_describing_json.SelfDescribingJson object at 0x0000015BDDBD4290>, <snowplow_tracker.self_describing_json.SelfDescribingJson object at 0x0000015BDC4B2CF0>, <snowplow_tracker.self_describing_json.SelfDescribingJson object at 0x0000015BDC4B3D70>]}
[0m18:05:06.342869 [debug] [MainThread]: Flushing usage events
[0m18:05:07.297170 [debug] [MainThread]: An error was encountered while trying to flush usage events
[0m18:22:56.392859 [debug] [MainThread]: Sending event: {'category': 'dbt', 'action': 'invocation', 'label': 'start', 'context': [<snowplow_tracker.self_describing_json.SelfDescribingJson object at 0x000001F634F047A0>, <snowplow_tracker.self_describing_json.SelfDescribingJson object at 0x000001F6354914F0>, <snowplow_tracker.self_describing_json.SelfDescribingJson object at 0x000001F635490CB0>]}


============================== 18:22:56.400818 | d6a18770-448d-423c-b782-b0468430f3e2 ==============================
[0m18:22:56.400818 [info ] [MainThread]: Running with dbt=1.10.10
[0m18:22:56.401817 [debug] [MainThread]: running dbt with arguments {'partial_parse': 'True', 'profiles_dir': 'C:\\Users\\eriku\\.dbt', 'send_anonymous_usage_stats': 'True', 'use_colors': 'True', 'cache_selected_only': 'False', 'target_path': 'None', 'warn_error': 'None', 'invocation_command': 'dbt deps', 'log_format': 'default', 'version_check': 'True', 'introspect': 'True', 'debug': 'False', 'printer_width': '80', 'fail_fast': 'False', 'no_print': 'None', 'empty': 'None', 'use_experimental_parser': 'False', 'log_cache_events': 'False', 'quiet': 'False', 'log_path': 'C:\\Users\\eriku\\Desktop\\DataenginerSTI2024-2026\\Github\\data_warehouse_lifecycle_de24\\10\\dbt_code\\logs', 'indirect_selection': 'eager', 'write_json': 'True', 'static_parser': 'True', 'warn_error_options': 'WarnErrorOptionsV2(error=[], warn=[], silence=[])'}
[0m18:22:56.583126 [debug] [MainThread]: Sending event: {'category': 'dbt', 'action': 'project_id', 'label': 'd6a18770-448d-423c-b782-b0468430f3e2', 'context': [<snowplow_tracker.self_describing_json.SelfDescribingJson object at 0x000001F634EE0FE0>]}
[0m18:22:56.647031 [debug] [MainThread]: Set downloads directory='C:\Users\eriku\AppData\Local\Temp\dbt-downloads-4zhx0leg'
[0m18:22:56.647031 [debug] [MainThread]: Making package index registry request: GET https://hub.getdbt.com/api/v1/index.json
[0m18:22:57.022822 [debug] [MainThread]: Response from registry index: GET https://hub.getdbt.com/api/v1/index.json 200
[0m18:22:57.024823 [debug] [MainThread]: Making package registry request: GET https://hub.getdbt.com/api/v1/dbt-labs/dbt_utils.json
[0m18:22:57.374213 [debug] [MainThread]: Response from registry: GET https://hub.getdbt.com/api/v1/dbt-labs/dbt_utils.json 200
[0m18:22:57.379214 [info ] [MainThread]: Installing dbt-labs/dbt_utils
[0m18:22:58.318786 [info ] [MainThread]: Installed from version 1.2.0
[0m18:22:58.319786 [info ] [MainThread]: Updated version available: 1.3.0
[0m18:22:58.319786 [debug] [MainThread]: Sending event: {'category': 'dbt', 'action': 'package', 'label': 'd6a18770-448d-423c-b782-b0468430f3e2', 'property_': 'install', 'context': [<snowplow_tracker.self_describing_json.SelfDescribingJson object at 0x000001F635972AE0>, <snowplow_tracker.self_describing_json.SelfDescribingJson object at 0x000001F6370FF530>]}
[0m18:22:58.320785 [info ] [MainThread]: 
[0m18:22:58.320785 [info ] [MainThread]: Updates available for packages: ['dbt-labs/dbt_utils']                 
Update your versions in packages.yml, then run dbt deps
[0m18:22:58.322785 [debug] [MainThread]: Command `dbt deps` succeeded at 18:22:58.322785 after 2.13 seconds
[0m18:22:58.322785 [debug] [MainThread]: Sending event: {'category': 'dbt', 'action': 'invocation', 'label': 'end', 'context': [<snowplow_tracker.self_describing_json.SelfDescribingJson object at 0x000001F634F204A0>, <snowplow_tracker.self_describing_json.SelfDescribingJson object at 0x000001F635624D70>, <snowplow_tracker.self_describing_json.SelfDescribingJson object at 0x000001F635624D10>]}
[0m18:22:58.323786 [debug] [MainThread]: Flushing usage events
[0m18:22:59.819217 [debug] [MainThread]: An error was encountered while trying to flush usage events
[0m18:26:37.446279 [debug] [MainThread]: Sending event: {'category': 'dbt', 'action': 'invocation', 'label': 'start', 'context': [<snowplow_tracker.self_describing_json.SelfDescribingJson object at 0x000001FF96191BE0>, <snowplow_tracker.self_describing_json.SelfDescribingJson object at 0x000001FF9400DE50>, <snowplow_tracker.self_describing_json.SelfDescribingJson object at 0x000001FF966589B0>]}


============================== 18:26:37.446279 | c2887625-e560-479c-a82c-676b26519f19 ==============================
[0m18:26:37.446279 [info ] [MainThread]: Running with dbt=1.10.10
[0m18:26:37.446279 [debug] [MainThread]: running dbt with arguments {'partial_parse': 'True', 'write_json': 'True', 'send_anonymous_usage_stats': 'True', 'use_colors': 'True', 'cache_selected_only': 'False', 'target_path': 'None', 'warn_error': 'None', 'invocation_command': 'dbt debug', 'log_format': 'default', 'version_check': 'True', 'introspect': 'True', 'debug': 'False', 'log_cache_events': 'False', 'fail_fast': 'False', 'no_print': 'None', 'empty': 'None', 'use_experimental_parser': 'False', 'printer_width': '80', 'quiet': 'False', 'log_path': 'C:\\Users\\eriku\\Desktop\\DataenginerSTI2024-2026\\Github\\data_warehouse_lifecycle_de24\\10\\dbt_code\\logs', 'indirect_selection': 'eager', 'profiles_dir': 'C:\\Users\\eriku\\.dbt', 'static_parser': 'True', 'warn_error_options': 'WarnErrorOptionsV2(error=[], warn=[], silence=[])'}
[0m18:26:37.484019 [info ] [MainThread]: dbt version: 1.10.10
[0m18:26:37.484535 [info ] [MainThread]: python version: 3.12.6
[0m18:26:37.485582 [info ] [MainThread]: python path: C:\Users\eriku\Desktop\DataenginerSTI2024-2026\Github\data_warehouse_lifecycle_de24\venv\Scripts\python.exe
[0m18:26:37.486145 [info ] [MainThread]: os info: Windows-11-10.0.26100-SP0
[0m18:26:37.490465 [info ] [MainThread]: Using profiles dir at C:\Users\eriku\.dbt
[0m18:26:37.491028 [info ] [MainThread]: Using profiles.yml file at C:\Users\eriku\.dbt\profiles.yml
[0m18:26:37.491590 [info ] [MainThread]: Using dbt_project.yml file at C:\Users\eriku\Desktop\DataenginerSTI2024-2026\Github\data_warehouse_lifecycle_de24\10\dbt_code\dbt_project.yml
[0m18:26:37.629851 [info ] [MainThread]: Configuration:
[0m18:26:37.633644 [info ] [MainThread]:   profiles.yml file [[31mERROR invalid[0m]
[0m18:26:37.634291 [info ] [MainThread]:   dbt_project.yml file [[32mOK found and valid[0m]
[0m18:26:37.634291 [info ] [MainThread]: Required dependencies:
[0m18:26:37.634291 [debug] [MainThread]: Executing "git --help"
[0m18:26:37.656584 [debug] [MainThread]: STDOUT: "b"usage: git [-v | --version] [-h | --help] [-C <path>] [-c <name>=<value>]\n           [--exec-path[=<path>]] [--html-path] [--man-path] [--info-path]\n           [-p | --paginate | -P | --no-pager] [--no-replace-objects] [--no-lazy-fetch]\n           [--no-optional-locks] [--no-advice] [--bare] [--git-dir=<path>]\n           [--work-tree=<path>] [--namespace=<name>] [--config-env=<name>=<envvar>]\n           <command> [<args>]\n\nThese are common Git commands used in various situations:\n\nstart a working area (see also: git help tutorial)\n   clone     Clone a repository into a new directory\n   init      Create an empty Git repository or reinitialize an existing one\n\nwork on the current change (see also: git help everyday)\n   add       Add file contents to the index\n   mv        Move or rename a file, a directory, or a symlink\n   restore   Restore working tree files\n   rm        Remove files from the working tree and from the index\n\nexamine the history and state (see also: git help revisions)\n   bisect    Use binary search to find the commit that introduced a bug\n   diff      Show changes between commits, commit and working tree, etc\n   grep      Print lines matching a pattern\n   log       Show commit logs\n   show      Show various types of objects\n   status    Show the working tree status\n\ngrow, mark and tweak your common history\n   branch    List, create, or delete branches\n   commit    Record changes to the repository\n   merge     Join two or more development histories together\n   rebase    Reapply commits on top of another base tip\n   reset     Reset current HEAD to the specified state\n   switch    Switch branches\n   tag       Create, list, delete or verify a tag object signed with GPG\n\ncollaborate (see also: git help workflows)\n   fetch     Download objects and refs from another repository\n   pull      Fetch from and integrate with another repository or a local branch\n   push      Update remote refs along with associated objects\n\n'git help -a' and 'git help -g' list available subcommands and some\nconcept guides. See 'git help <command>' or 'git help <concept>'\nto read about a specific subcommand or concept.\nSee 'git help git' for an overview of the system.\n""
[0m18:26:37.657629 [debug] [MainThread]: STDERR: "b''"
[0m18:26:37.657629 [info ] [MainThread]:  - git [[32mOK found[0m]

[0m18:26:37.658557 [info ] [MainThread]: Connection test skipped since no profile was found
[0m18:26:37.658557 [info ] [MainThread]: [31m1 check failed:[0m
[0m18:26:37.659554 [info ] [MainThread]: Profile loading failed for the following reason:
Runtime Error
  Could not find profile named 'dbt_snowflake'


[0m18:26:37.660555 [debug] [MainThread]: Command `dbt debug` failed at 18:26:37.660555 after 0.46 seconds
[0m18:26:37.660555 [debug] [MainThread]: Sending event: {'category': 'dbt', 'action': 'invocation', 'label': 'end', 'context': [<snowplow_tracker.self_describing_json.SelfDescribingJson object at 0x000001FF96C5ABA0>, <snowplow_tracker.self_describing_json.SelfDescribingJson object at 0x000001FF96D52CF0>, <snowplow_tracker.self_describing_json.SelfDescribingJson object at 0x000001FF93F312B0>]}
[0m18:26:37.661645 [debug] [MainThread]: Flushing usage events
[0m18:26:38.495870 [debug] [MainThread]: An error was encountered while trying to flush usage events
[0m12:42:48.545613 [debug] [MainThread]: Sending event: {'category': 'dbt', 'action': 'invocation', 'label': 'start', 'context': [<snowplow_tracker.self_describing_json.SelfDescribingJson object at 0x000001AAF4CE8860>, <snowplow_tracker.self_describing_json.SelfDescribingJson object at 0x000001AAF6DA14F0>, <snowplow_tracker.self_describing_json.SelfDescribingJson object at 0x000001AAF6DA2360>]}


============================== 12:42:48.552138 | 7161ffde-3850-48d4-9131-6efae882f20e ==============================
[0m12:42:48.552138 [info ] [MainThread]: Running with dbt=1.10.10
[0m12:42:48.553136 [debug] [MainThread]: running dbt with arguments {'partial_parse': 'True', 'warn_error_options': 'WarnErrorOptionsV2(error=[], warn=[], silence=[])', 'send_anonymous_usage_stats': 'True', 'use_colors': 'True', 'cache_selected_only': 'False', 'target_path': 'None', 'warn_error': 'None', 'invocation_command': 'dbt debug', 'log_format': 'default', 'version_check': 'True', 'introspect': 'True', 'debug': 'False', 'log_cache_events': 'False', 'fail_fast': 'False', 'no_print': 'None', 'quiet': 'False', 'empty': 'None', 'use_experimental_parser': 'False', 'printer_width': '80', 'log_path': 'C:\\Users\\eriku\\Desktop\\DataenginerSTI2024-2026\\Github\\data_warehouse_lifecycle_de24\\10\\dbt_code\\logs', 'indirect_selection': 'eager', 'profiles_dir': 'C:\\Users\\eriku\\.dbt', 'static_parser': 'True', 'write_json': 'True'}
[0m12:42:48.592823 [info ] [MainThread]: dbt version: 1.10.10
[0m12:42:48.593252 [info ] [MainThread]: python version: 3.12.6
[0m12:42:48.594259 [info ] [MainThread]: python path: C:\Users\eriku\Desktop\DataenginerSTI2024-2026\Github\data_warehouse_lifecycle_de24\venv\Scripts\python.exe
[0m12:42:48.594259 [info ] [MainThread]: os info: Windows-11-10.0.26100-SP0
[0m12:42:48.598258 [info ] [MainThread]: Using profiles dir at C:\Users\eriku\.dbt
[0m12:42:48.598258 [info ] [MainThread]: Using profiles.yml file at C:\Users\eriku\.dbt\profiles.yml
[0m12:42:48.599260 [info ] [MainThread]: Using dbt_project.yml file at C:\Users\eriku\Desktop\DataenginerSTI2024-2026\Github\data_warehouse_lifecycle_de24\10\dbt_code\dbt_project.yml
[0m12:42:48.733380 [info ] [MainThread]: Configuration:
[0m12:42:48.734308 [info ] [MainThread]:   profiles.yml file [[31mERROR invalid[0m]
[0m12:42:48.735271 [info ] [MainThread]:   dbt_project.yml file [[32mOK found and valid[0m]
[0m12:42:48.735271 [info ] [MainThread]: Required dependencies:
[0m12:42:48.736282 [debug] [MainThread]: Executing "git --help"
[0m12:42:48.762233 [debug] [MainThread]: STDOUT: "b"usage: git [-v | --version] [-h | --help] [-C <path>] [-c <name>=<value>]\n           [--exec-path[=<path>]] [--html-path] [--man-path] [--info-path]\n           [-p | --paginate | -P | --no-pager] [--no-replace-objects] [--no-lazy-fetch]\n           [--no-optional-locks] [--no-advice] [--bare] [--git-dir=<path>]\n           [--work-tree=<path>] [--namespace=<name>] [--config-env=<name>=<envvar>]\n           <command> [<args>]\n\nThese are common Git commands used in various situations:\n\nstart a working area (see also: git help tutorial)\n   clone     Clone a repository into a new directory\n   init      Create an empty Git repository or reinitialize an existing one\n\nwork on the current change (see also: git help everyday)\n   add       Add file contents to the index\n   mv        Move or rename a file, a directory, or a symlink\n   restore   Restore working tree files\n   rm        Remove files from the working tree and from the index\n\nexamine the history and state (see also: git help revisions)\n   bisect    Use binary search to find the commit that introduced a bug\n   diff      Show changes between commits, commit and working tree, etc\n   grep      Print lines matching a pattern\n   log       Show commit logs\n   show      Show various types of objects\n   status    Show the working tree status\n\ngrow, mark and tweak your common history\n   branch    List, create, or delete branches\n   commit    Record changes to the repository\n   merge     Join two or more development histories together\n   rebase    Reapply commits on top of another base tip\n   reset     Reset current HEAD to the specified state\n   switch    Switch branches\n   tag       Create, list, delete or verify a tag object signed with GPG\n\ncollaborate (see also: git help workflows)\n   fetch     Download objects and refs from another repository\n   pull      Fetch from and integrate with another repository or a local branch\n   push      Update remote refs along with associated objects\n\n'git help -a' and 'git help -g' list available subcommands and some\nconcept guides. See 'git help <command>' or 'git help <concept>'\nto read about a specific subcommand or concept.\nSee 'git help git' for an overview of the system.\n""
[0m12:42:48.763233 [debug] [MainThread]: STDERR: "b''"
[0m12:42:48.764233 [info ] [MainThread]:  - git [[32mOK found[0m]

[0m12:42:48.764233 [info ] [MainThread]: Connection test skipped since no profile was found
[0m12:42:48.765233 [info ] [MainThread]: [31m1 check failed:[0m
[0m12:42:48.766229 [info ] [MainThread]: Profile loading failed for the following reason:
Runtime Error
  Could not find profile named 'dbt_snowflake'


[0m12:42:48.767228 [debug] [MainThread]: Command `dbt debug` failed at 12:42:48.767228 after 0.54 seconds
[0m12:42:48.768319 [debug] [MainThread]: Sending event: {'category': 'dbt', 'action': 'invocation', 'label': 'end', 'context': [<snowplow_tracker.self_describing_json.SelfDescribingJson object at 0x000001AAF735A360>, <snowplow_tracker.self_describing_json.SelfDescribingJson object at 0x000001AAF6FE59A0>, <snowplow_tracker.self_describing_json.SelfDescribingJson object at 0x000001AAF72D4A10>]}
[0m12:42:48.768319 [debug] [MainThread]: Flushing usage events
[0m12:42:50.245086 [debug] [MainThread]: An error was encountered while trying to flush usage events
[0m12:53:02.057261 [debug] [MainThread]: Sending event: {'category': 'dbt', 'action': 'invocation', 'label': 'start', 'context': [<snowplow_tracker.self_describing_json.SelfDescribingJson object at 0x00000279678E3CB0>, <snowplow_tracker.self_describing_json.SelfDescribingJson object at 0x00000279649C9A30>, <snowplow_tracker.self_describing_json.SelfDescribingJson object at 0x00000279673ECE30>]}


============================== 12:53:02.064179 | 06d5e980-3013-4760-87c3-da5a63412d70 ==============================
[0m12:53:02.064179 [info ] [MainThread]: Running with dbt=1.10.10
[0m12:53:02.065184 [debug] [MainThread]: running dbt with arguments {'partial_parse': 'True', 'write_json': 'True', 'send_anonymous_usage_stats': 'True', 'warn_error': 'None', 'cache_selected_only': 'False', 'target_path': 'None', 'use_colors': 'True', 'invocation_command': 'dbt debug', 'log_format': 'default', 'version_check': 'True', 'introspect': 'True', 'debug': 'False', 'log_cache_events': 'False', 'fail_fast': 'False', 'no_print': 'None', 'empty': 'None', 'use_experimental_parser': 'False', 'quiet': 'False', 'printer_width': '80', 'indirect_selection': 'eager', 'log_path': 'C:\\Users\\eriku\\Desktop\\DataenginerSTI2024-2026\\Github\\data_warehouse_lifecycle_de24\\10\\dbt_code\\logs', 'profiles_dir': 'C:\\Users\\eriku\\.dbt', 'static_parser': 'True', 'warn_error_options': 'WarnErrorOptionsV2(error=[], warn=[], silence=[])'}
[0m12:53:02.095834 [info ] [MainThread]: dbt version: 1.10.10
[0m12:53:02.095834 [info ] [MainThread]: python version: 3.12.6
[0m12:53:02.096815 [info ] [MainThread]: python path: C:\Users\eriku\Desktop\DataenginerSTI2024-2026\Github\data_warehouse_lifecycle_de24\venv\Scripts\python.exe
[0m12:53:02.096815 [info ] [MainThread]: os info: Windows-11-10.0.26100-SP0
[0m12:53:06.490772 [info ] [MainThread]: Using profiles dir at C:\Users\eriku\.dbt
[0m12:53:06.491706 [info ] [MainThread]: Using profiles.yml file at C:\Users\eriku\.dbt\profiles.yml
[0m12:53:06.492813 [info ] [MainThread]: Using dbt_project.yml file at C:\Users\eriku\Desktop\DataenginerSTI2024-2026\Github\data_warehouse_lifecycle_de24\10\dbt_code\dbt_project.yml
[0m12:53:06.506855 [info ] [MainThread]: adapter type: snowflake
[0m12:53:06.507856 [info ] [MainThread]: adapter version: 1.10.0
[0m12:53:06.641418 [info ] [MainThread]: Configuration:
[0m12:53:06.642114 [info ] [MainThread]:   profiles.yml file [[32mOK found and valid[0m]
[0m12:53:06.642114 [info ] [MainThread]:   dbt_project.yml file [[32mOK found and valid[0m]
[0m12:53:06.643261 [info ] [MainThread]: Required dependencies:
[0m12:53:06.643740 [debug] [MainThread]: Executing "git --help"
[0m12:53:06.671079 [debug] [MainThread]: STDOUT: "b"usage: git [-v | --version] [-h | --help] [-C <path>] [-c <name>=<value>]\n           [--exec-path[=<path>]] [--html-path] [--man-path] [--info-path]\n           [-p | --paginate | -P | --no-pager] [--no-replace-objects] [--no-lazy-fetch]\n           [--no-optional-locks] [--no-advice] [--bare] [--git-dir=<path>]\n           [--work-tree=<path>] [--namespace=<name>] [--config-env=<name>=<envvar>]\n           <command> [<args>]\n\nThese are common Git commands used in various situations:\n\nstart a working area (see also: git help tutorial)\n   clone     Clone a repository into a new directory\n   init      Create an empty Git repository or reinitialize an existing one\n\nwork on the current change (see also: git help everyday)\n   add       Add file contents to the index\n   mv        Move or rename a file, a directory, or a symlink\n   restore   Restore working tree files\n   rm        Remove files from the working tree and from the index\n\nexamine the history and state (see also: git help revisions)\n   bisect    Use binary search to find the commit that introduced a bug\n   diff      Show changes between commits, commit and working tree, etc\n   grep      Print lines matching a pattern\n   log       Show commit logs\n   show      Show various types of objects\n   status    Show the working tree status\n\ngrow, mark and tweak your common history\n   branch    List, create, or delete branches\n   commit    Record changes to the repository\n   merge     Join two or more development histories together\n   rebase    Reapply commits on top of another base tip\n   reset     Reset current HEAD to the specified state\n   switch    Switch branches\n   tag       Create, list, delete or verify a tag object signed with GPG\n\ncollaborate (see also: git help workflows)\n   fetch     Download objects and refs from another repository\n   pull      Fetch from and integrate with another repository or a local branch\n   push      Update remote refs along with associated objects\n\n'git help -a' and 'git help -g' list available subcommands and some\nconcept guides. See 'git help <command>' or 'git help <concept>'\nto read about a specific subcommand or concept.\nSee 'git help git' for an overview of the system.\n""
[0m12:53:06.672144 [debug] [MainThread]: STDERR: "b''"
[0m12:53:06.672144 [info ] [MainThread]:  - git [[32mOK found[0m]

[0m12:53:06.672936 [info ] [MainThread]: Connection:
[0m12:53:06.674017 [info ] [MainThread]:   account: ma68735.west-europe.azure
[0m12:53:06.674017 [info ] [MainThread]:   user: transformer
[0m12:53:06.674943 [info ] [MainThread]:   database: job_ads
[0m12:53:06.675944 [info ] [MainThread]:   warehouse: dev_wh
[0m12:53:06.675944 [info ] [MainThread]:   role: job_ads_dbt_role
[0m12:53:06.676942 [info ] [MainThread]:   schema: warehouse
[0m12:53:06.676942 [info ] [MainThread]:   authenticator: None
[0m12:53:06.677945 [info ] [MainThread]:   oauth_client_id: None
[0m12:53:06.677945 [info ] [MainThread]:   query_tag: None
[0m12:53:06.678942 [info ] [MainThread]:   client_session_keep_alive: False
[0m12:53:06.678942 [info ] [MainThread]:   host: None
[0m12:53:06.679941 [info ] [MainThread]:   port: None
[0m12:53:06.679941 [info ] [MainThread]:   proxy_host: None
[0m12:53:06.680941 [info ] [MainThread]:   proxy_port: None
[0m12:53:06.680941 [info ] [MainThread]:   protocol: None
[0m12:53:06.681941 [info ] [MainThread]:   connect_retries: 1
[0m12:53:06.681941 [info ] [MainThread]:   connect_timeout: None
[0m12:53:06.681941 [info ] [MainThread]:   retry_on_database_errors: False
[0m12:53:06.682941 [info ] [MainThread]:   retry_all: False
[0m12:53:06.682941 [info ] [MainThread]:   insecure_mode: False
[0m12:53:06.683947 [info ] [MainThread]:   reuse_connections: True
[0m12:53:06.684942 [info ] [MainThread]:   s3_stage_vpce_dns_name: None
[0m12:53:06.685942 [info ] [MainThread]: Registered adapter: snowflake=1.10.0
[0m12:53:07.325858 [debug] [MainThread]: Acquiring new snowflake connection 'debug'
[0m12:53:10.568134 [debug] [MainThread]: Using snowflake connection "debug"
[0m12:53:10.568134 [debug] [MainThread]: On debug: select 1 as id
[0m12:53:10.569153 [debug] [MainThread]: Opening a new connection, currently in state init
[0m12:53:14.324378 [debug] [MainThread]: Snowflake adapter: Error running SQL: select 1 as id
[0m12:53:14.325378 [debug] [MainThread]: Snowflake adapter: Rolling back transaction.
[0m12:53:14.325378 [info ] [MainThread]:   Connection test: [[31mERROR[0m]

[0m12:53:14.326468 [info ] [MainThread]: [31m1 check failed:[0m
[0m12:53:14.327426 [info ] [MainThread]: dbt was unable to connect to the specified database.
The database returned the following error:

  >Database Error
  250001 (08001): Failed to connect to DB: ma68735.west-europe.azure.snowflakecomputing.com:443. Incorrect username or password was specified.

Check your database credentials and try again. For more information, visit:
https://docs.getdbt.com/docs/configure-your-profile


[0m12:53:14.328422 [debug] [MainThread]: Command `dbt debug` failed at 12:53:14.328422 after 12.54 seconds
[0m12:53:14.329465 [debug] [MainThread]: Connection 'debug' was left open.
[0m12:53:14.329465 [debug] [MainThread]: On debug: No close available on handle
[0m12:53:14.329465 [debug] [MainThread]: Sending event: {'category': 'dbt', 'action': 'invocation', 'label': 'end', 'context': [<snowplow_tracker.self_describing_json.SelfDescribingJson object at 0x00000279677F2F00>, <snowplow_tracker.self_describing_json.SelfDescribingJson object at 0x0000027979846CF0>, <snowplow_tracker.self_describing_json.SelfDescribingJson object at 0x00000279798DF9B0>]}
[0m12:53:14.330479 [debug] [MainThread]: Flushing usage events
[0m12:53:15.329013 [debug] [MainThread]: An error was encountered while trying to flush usage events
[0m12:53:59.115068 [debug] [MainThread]: Sending event: {'category': 'dbt', 'action': 'invocation', 'label': 'start', 'context': [<snowplow_tracker.self_describing_json.SelfDescribingJson object at 0x00000144EE742330>, <snowplow_tracker.self_describing_json.SelfDescribingJson object at 0x00000144EE178A70>, <snowplow_tracker.self_describing_json.SelfDescribingJson object at 0x00000144EE1788C0>]}


============================== 12:53:59.120070 | 7c1dd6db-37c5-4a96-adaf-6183b4b26131 ==============================
[0m12:53:59.120070 [info ] [MainThread]: Running with dbt=1.10.10
[0m12:53:59.121070 [debug] [MainThread]: running dbt with arguments {'partial_parse': 'True', 'static_parser': 'True', 'send_anonymous_usage_stats': 'True', 'version_check': 'True', 'cache_selected_only': 'False', 'target_path': 'None', 'warn_error': 'None', 'invocation_command': 'dbt debug', 'log_format': 'default', 'use_colors': 'True', 'introspect': 'True', 'debug': 'False', 'log_cache_events': 'False', 'fail_fast': 'False', 'no_print': 'None', 'quiet': 'False', 'printer_width': '80', 'use_experimental_parser': 'False', 'empty': 'None', 'log_path': 'C:\\Users\\eriku\\Desktop\\DataenginerSTI2024-2026\\Github\\data_warehouse_lifecycle_de24\\10\\dbt_code\\logs', 'indirect_selection': 'eager', 'write_json': 'True', 'warn_error_options': 'WarnErrorOptionsV2(error=[], warn=[], silence=[])', 'profiles_dir': 'C:\\Users\\eriku\\.dbt'}
[0m12:53:59.140237 [info ] [MainThread]: dbt version: 1.10.10
[0m12:53:59.141236 [info ] [MainThread]: python version: 3.12.6
[0m12:53:59.142243 [info ] [MainThread]: python path: C:\Users\eriku\Desktop\DataenginerSTI2024-2026\Github\data_warehouse_lifecycle_de24\venv\Scripts\python.exe
[0m12:53:59.142243 [info ] [MainThread]: os info: Windows-11-10.0.26100-SP0
[0m12:54:00.062779 [info ] [MainThread]: Using profiles dir at C:\Users\eriku\.dbt
[0m12:54:00.064709 [info ] [MainThread]: Using profiles.yml file at C:\Users\eriku\.dbt\profiles.yml
[0m12:54:00.065204 [info ] [MainThread]: Using dbt_project.yml file at C:\Users\eriku\Desktop\DataenginerSTI2024-2026\Github\data_warehouse_lifecycle_de24\10\dbt_code\dbt_project.yml
[0m12:54:00.066794 [info ] [MainThread]: adapter type: snowflake
[0m12:54:00.066794 [info ] [MainThread]: adapter version: 1.10.0
[0m12:54:00.192897 [info ] [MainThread]: Configuration:
[0m12:54:00.193885 [info ] [MainThread]:   profiles.yml file [[32mOK found and valid[0m]
[0m12:54:00.194818 [info ] [MainThread]:   dbt_project.yml file [[32mOK found and valid[0m]
[0m12:54:00.195549 [info ] [MainThread]: Required dependencies:
[0m12:54:00.195549 [debug] [MainThread]: Executing "git --help"
[0m12:54:00.220344 [debug] [MainThread]: STDOUT: "b"usage: git [-v | --version] [-h | --help] [-C <path>] [-c <name>=<value>]\n           [--exec-path[=<path>]] [--html-path] [--man-path] [--info-path]\n           [-p | --paginate | -P | --no-pager] [--no-replace-objects] [--no-lazy-fetch]\n           [--no-optional-locks] [--no-advice] [--bare] [--git-dir=<path>]\n           [--work-tree=<path>] [--namespace=<name>] [--config-env=<name>=<envvar>]\n           <command> [<args>]\n\nThese are common Git commands used in various situations:\n\nstart a working area (see also: git help tutorial)\n   clone     Clone a repository into a new directory\n   init      Create an empty Git repository or reinitialize an existing one\n\nwork on the current change (see also: git help everyday)\n   add       Add file contents to the index\n   mv        Move or rename a file, a directory, or a symlink\n   restore   Restore working tree files\n   rm        Remove files from the working tree and from the index\n\nexamine the history and state (see also: git help revisions)\n   bisect    Use binary search to find the commit that introduced a bug\n   diff      Show changes between commits, commit and working tree, etc\n   grep      Print lines matching a pattern\n   log       Show commit logs\n   show      Show various types of objects\n   status    Show the working tree status\n\ngrow, mark and tweak your common history\n   branch    List, create, or delete branches\n   commit    Record changes to the repository\n   merge     Join two or more development histories together\n   rebase    Reapply commits on top of another base tip\n   reset     Reset current HEAD to the specified state\n   switch    Switch branches\n   tag       Create, list, delete or verify a tag object signed with GPG\n\ncollaborate (see also: git help workflows)\n   fetch     Download objects and refs from another repository\n   pull      Fetch from and integrate with another repository or a local branch\n   push      Update remote refs along with associated objects\n\n'git help -a' and 'git help -g' list available subcommands and some\nconcept guides. See 'git help <command>' or 'git help <concept>'\nto read about a specific subcommand or concept.\nSee 'git help git' for an overview of the system.\n""
[0m12:54:00.221341 [debug] [MainThread]: STDERR: "b''"
[0m12:54:00.223372 [info ] [MainThread]:  - git [[32mOK found[0m]

[0m12:54:00.223372 [info ] [MainThread]: Connection:
[0m12:54:00.224342 [info ] [MainThread]:   account: ma68735.west-europe.azure
[0m12:54:00.225361 [info ] [MainThread]:   user: transformer
[0m12:54:00.226343 [info ] [MainThread]:   database: job_ads
[0m12:54:00.227342 [info ] [MainThread]:   warehouse: dev_wh
[0m12:54:00.227957 [info ] [MainThread]:   role: job_ads_dbt_role
[0m12:54:00.227957 [info ] [MainThread]:   schema: warehouse
[0m12:54:00.228971 [info ] [MainThread]:   authenticator: None
[0m12:54:00.228971 [info ] [MainThread]:   oauth_client_id: None
[0m12:54:00.229964 [info ] [MainThread]:   query_tag: None
[0m12:54:00.229964 [info ] [MainThread]:   client_session_keep_alive: False
[0m12:54:00.231415 [info ] [MainThread]:   host: None
[0m12:54:00.232424 [info ] [MainThread]:   port: None
[0m12:54:00.232424 [info ] [MainThread]:   proxy_host: None
[0m12:54:00.233423 [info ] [MainThread]:   proxy_port: None
[0m12:54:00.234746 [info ] [MainThread]:   protocol: None
[0m12:54:00.234746 [info ] [MainThread]:   connect_retries: 1
[0m12:54:00.235754 [info ] [MainThread]:   connect_timeout: None
[0m12:54:00.236755 [info ] [MainThread]:   retry_on_database_errors: False
[0m12:54:00.236755 [info ] [MainThread]:   retry_all: False
[0m12:54:00.238757 [info ] [MainThread]:   insecure_mode: False
[0m12:54:00.261094 [info ] [MainThread]:   reuse_connections: True
[0m12:54:00.262104 [info ] [MainThread]:   s3_stage_vpce_dns_name: None
[0m12:54:00.263102 [info ] [MainThread]: Registered adapter: snowflake=1.10.0
[0m12:54:00.519349 [debug] [MainThread]: Acquiring new snowflake connection 'debug'
[0m12:54:00.566703 [debug] [MainThread]: Using snowflake connection "debug"
[0m12:54:00.566703 [debug] [MainThread]: On debug: select 1 as id
[0m12:54:00.567694 [debug] [MainThread]: Opening a new connection, currently in state init
[0m12:54:03.152907 [debug] [MainThread]: Snowflake adapter: Error running SQL: select 1 as id
[0m12:54:03.153904 [debug] [MainThread]: Snowflake adapter: Rolling back transaction.
[0m12:54:03.154895 [info ] [MainThread]:   Connection test: [[31mERROR[0m]

[0m12:54:03.155357 [info ] [MainThread]: [31m1 check failed:[0m
[0m12:54:03.156361 [info ] [MainThread]: dbt was unable to connect to the specified database.
The database returned the following error:

  >Database Error
  250001 (08001): Failed to connect to DB: ma68735.west-europe.azure.snowflakecomputing.com:443. Incorrect username or password was specified.

Check your database credentials and try again. For more information, visit:
https://docs.getdbt.com/docs/configure-your-profile


[0m12:54:03.158364 [debug] [MainThread]: Command `dbt debug` failed at 12:54:03.158364 after 4.18 seconds
[0m12:54:03.159431 [debug] [MainThread]: Connection 'debug' was left open.
[0m12:54:03.159431 [debug] [MainThread]: On debug: No close available on handle
[0m12:54:03.160438 [debug] [MainThread]: Sending event: {'category': 'dbt', 'action': 'invocation', 'label': 'end', 'context': [<snowplow_tracker.self_describing_json.SelfDescribingJson object at 0x00000144FE946CF0>, <snowplow_tracker.self_describing_json.SelfDescribingJson object at 0x00000144EEC2AB40>, <snowplow_tracker.self_describing_json.SelfDescribingJson object at 0x00000144EEC29F70>]}
[0m12:54:03.160438 [debug] [MainThread]: Flushing usage events
[0m12:54:04.070894 [debug] [MainThread]: An error was encountered while trying to flush usage events
[0m13:02:17.538450 [debug] [MainThread]: Sending event: {'category': 'dbt', 'action': 'invocation', 'label': 'start', 'context': [<snowplow_tracker.self_describing_json.SelfDescribingJson object at 0x00000297846C9BE0>, <snowplow_tracker.self_describing_json.SelfDescribingJson object at 0x00000297872E3BF0>, <snowplow_tracker.self_describing_json.SelfDescribingJson object at 0x00000297872E2DB0>]}


============================== 13:02:17.544448 | dfdc679e-d711-4eae-99ef-4a637297ee24 ==============================
[0m13:02:17.544448 [info ] [MainThread]: Running with dbt=1.10.10
[0m13:02:17.545439 [debug] [MainThread]: running dbt with arguments {'partial_parse': 'True', 'profiles_dir': 'C:\\Users\\eriku\\.dbt', 'send_anonymous_usage_stats': 'True', 'use_colors': 'True', 'cache_selected_only': 'False', 'target_path': 'None', 'warn_error': 'None', 'invocation_command': 'dbt debug', 'log_format': 'default', 'version_check': 'True', 'introspect': 'True', 'debug': 'False', 'log_cache_events': 'False', 'fail_fast': 'False', 'no_print': 'None', 'empty': 'None', 'use_experimental_parser': 'False', 'printer_width': '80', 'quiet': 'False', 'indirect_selection': 'eager', 'log_path': 'C:\\Users\\eriku\\Desktop\\DataenginerSTI2024-2026\\Github\\data_warehouse_lifecycle_de24\\10\\dbt_code\\logs', 'write_json': 'True', 'static_parser': 'True', 'warn_error_options': 'WarnErrorOptionsV2(error=[], warn=[], silence=[])'}
[0m13:02:17.582859 [info ] [MainThread]: dbt version: 1.10.10
[0m13:02:17.582859 [info ] [MainThread]: python version: 3.12.6
[0m13:02:17.583858 [info ] [MainThread]: python path: C:\Users\eriku\Desktop\DataenginerSTI2024-2026\Github\data_warehouse_lifecycle_de24\venv\Scripts\python.exe
[0m13:02:17.584859 [info ] [MainThread]: os info: Windows-11-10.0.26100-SP0
[0m13:02:19.155879 [info ] [MainThread]: Using profiles dir at C:\Users\eriku\.dbt
[0m13:02:19.156860 [info ] [MainThread]: Using profiles.yml file at C:\Users\eriku\.dbt\profiles.yml
[0m13:02:19.157862 [info ] [MainThread]: Using dbt_project.yml file at C:\Users\eriku\Desktop\DataenginerSTI2024-2026\Github\data_warehouse_lifecycle_de24\10\dbt_code\dbt_project.yml
[0m13:02:19.159867 [info ] [MainThread]: adapter type: snowflake
[0m13:02:19.160865 [info ] [MainThread]: adapter version: 1.10.0
[0m13:02:19.330860 [info ] [MainThread]: Configuration:
[0m13:02:19.330860 [info ] [MainThread]:   profiles.yml file [[32mOK found and valid[0m]
[0m13:02:19.332860 [info ] [MainThread]:   dbt_project.yml file [[32mOK found and valid[0m]
[0m13:02:19.332860 [info ] [MainThread]: Required dependencies:
[0m13:02:19.333859 [debug] [MainThread]: Executing "git --help"
[0m13:02:19.358989 [debug] [MainThread]: STDOUT: "b"usage: git [-v | --version] [-h | --help] [-C <path>] [-c <name>=<value>]\n           [--exec-path[=<path>]] [--html-path] [--man-path] [--info-path]\n           [-p | --paginate | -P | --no-pager] [--no-replace-objects] [--no-lazy-fetch]\n           [--no-optional-locks] [--no-advice] [--bare] [--git-dir=<path>]\n           [--work-tree=<path>] [--namespace=<name>] [--config-env=<name>=<envvar>]\n           <command> [<args>]\n\nThese are common Git commands used in various situations:\n\nstart a working area (see also: git help tutorial)\n   clone     Clone a repository into a new directory\n   init      Create an empty Git repository or reinitialize an existing one\n\nwork on the current change (see also: git help everyday)\n   add       Add file contents to the index\n   mv        Move or rename a file, a directory, or a symlink\n   restore   Restore working tree files\n   rm        Remove files from the working tree and from the index\n\nexamine the history and state (see also: git help revisions)\n   bisect    Use binary search to find the commit that introduced a bug\n   diff      Show changes between commits, commit and working tree, etc\n   grep      Print lines matching a pattern\n   log       Show commit logs\n   show      Show various types of objects\n   status    Show the working tree status\n\ngrow, mark and tweak your common history\n   branch    List, create, or delete branches\n   commit    Record changes to the repository\n   merge     Join two or more development histories together\n   rebase    Reapply commits on top of another base tip\n   reset     Reset current HEAD to the specified state\n   switch    Switch branches\n   tag       Create, list, delete or verify a tag object signed with GPG\n\ncollaborate (see also: git help workflows)\n   fetch     Download objects and refs from another repository\n   pull      Fetch from and integrate with another repository or a local branch\n   push      Update remote refs along with associated objects\n\n'git help -a' and 'git help -g' list available subcommands and some\nconcept guides. See 'git help <command>' or 'git help <concept>'\nto read about a specific subcommand or concept.\nSee 'git help git' for an overview of the system.\n""
[0m13:02:19.359986 [debug] [MainThread]: STDERR: "b''"
[0m13:02:19.359986 [info ] [MainThread]:  - git [[32mOK found[0m]

[0m13:02:19.360989 [info ] [MainThread]: Connection:
[0m13:02:19.360989 [info ] [MainThread]:   account: ma68735.west-europe.azure
[0m13:02:19.361987 [info ] [MainThread]:   user: transformer
[0m13:02:19.362989 [info ] [MainThread]:   database: job_ads
[0m13:02:19.362989 [info ] [MainThread]:   warehouse: dev_wh
[0m13:02:19.363990 [info ] [MainThread]:   role: job_ads_dbt_role
[0m13:02:19.363990 [info ] [MainThread]:   schema: warehouse
[0m13:02:19.364985 [info ] [MainThread]:   authenticator: None
[0m13:02:19.364985 [info ] [MainThread]:   oauth_client_id: None
[0m13:02:19.365987 [info ] [MainThread]:   query_tag: None
[0m13:02:19.365987 [info ] [MainThread]:   client_session_keep_alive: False
[0m13:02:19.366995 [info ] [MainThread]:   host: None
[0m13:02:19.366995 [info ] [MainThread]:   port: None
[0m13:02:19.367994 [info ] [MainThread]:   proxy_host: None
[0m13:02:19.367994 [info ] [MainThread]:   proxy_port: None
[0m13:02:19.368994 [info ] [MainThread]:   protocol: None
[0m13:02:19.369991 [info ] [MainThread]:   connect_retries: 1
[0m13:02:19.371040 [info ] [MainThread]:   connect_timeout: None
[0m13:02:19.371987 [info ] [MainThread]:   retry_on_database_errors: False
[0m13:02:19.372986 [info ] [MainThread]:   retry_all: False
[0m13:02:19.372986 [info ] [MainThread]:   insecure_mode: False
[0m13:02:19.373992 [info ] [MainThread]:   reuse_connections: True
[0m13:02:19.373992 [info ] [MainThread]:   s3_stage_vpce_dns_name: None
[0m13:02:19.373992 [info ] [MainThread]: Registered adapter: snowflake=1.10.0
[0m13:02:20.071683 [debug] [MainThread]: Acquiring new snowflake connection 'debug'
[0m13:02:20.128582 [debug] [MainThread]: Using snowflake connection "debug"
[0m13:02:20.129582 [debug] [MainThread]: On debug: select 1 as id
[0m13:02:20.129582 [debug] [MainThread]: Opening a new connection, currently in state init
[0m13:02:22.867695 [debug] [MainThread]: Snowflake adapter: Error running SQL: select 1 as id
[0m13:02:22.867695 [debug] [MainThread]: Snowflake adapter: Rolling back transaction.
[0m13:02:22.868697 [info ] [MainThread]:   Connection test: [[31mERROR[0m]

[0m13:02:22.869691 [info ] [MainThread]: [31m1 check failed:[0m
[0m13:02:22.869691 [info ] [MainThread]: dbt was unable to connect to the specified database.
The database returned the following error:

  >Database Error
  250001 (08001): Failed to connect to DB: ma68735.west-europe.azure.snowflakecomputing.com:443. Incorrect username or password was specified.

Check your database credentials and try again. For more information, visit:
https://docs.getdbt.com/docs/configure-your-profile


[0m13:02:22.871695 [debug] [MainThread]: Command `dbt debug` failed at 13:02:22.870688 after 5.70 seconds
[0m13:02:22.871695 [debug] [MainThread]: Connection 'debug' was left open.
[0m13:02:22.871695 [debug] [MainThread]: On debug: No close available on handle
[0m13:02:22.872694 [debug] [MainThread]: Sending event: {'category': 'dbt', 'action': 'invocation', 'label': 'end', 'context': [<snowplow_tracker.self_describing_json.SelfDescribingJson object at 0x000002978767AC30>, <snowplow_tracker.self_describing_json.SelfDescribingJson object at 0x0000029799370320>, <snowplow_tracker.self_describing_json.SelfDescribingJson object at 0x0000029786E1DBB0>]}
[0m13:02:22.872694 [debug] [MainThread]: Flushing usage events
[0m13:02:23.785895 [debug] [MainThread]: An error was encountered while trying to flush usage events
[0m13:17:02.384974 [debug] [MainThread]: Sending event: {'category': 'dbt', 'action': 'invocation', 'label': 'start', 'context': [<snowplow_tracker.self_describing_json.SelfDescribingJson object at 0x000001FCB9865D60>, <snowplow_tracker.self_describing_json.SelfDescribingJson object at 0x000001FCBC482450>, <snowplow_tracker.self_describing_json.SelfDescribingJson object at 0x000001FCBC481B20>]}


============================== 13:17:02.391205 | 53afe010-eb72-4456-8a58-2b9f91638fb3 ==============================
[0m13:17:02.391205 [info ] [MainThread]: Running with dbt=1.10.10
[0m13:17:02.392203 [debug] [MainThread]: running dbt with arguments {'partial_parse': 'True', 'write_json': 'True', 'send_anonymous_usage_stats': 'True', 'warn_error': 'None', 'cache_selected_only': 'False', 'target_path': 'None', 'use_colors': 'True', 'invocation_command': 'dbt debug', 'log_format': 'default', 'version_check': 'True', 'introspect': 'True', 'debug': 'False', 'printer_width': '80', 'fail_fast': 'False', 'no_print': 'None', 'empty': 'None', 'quiet': 'False', 'use_experimental_parser': 'False', 'log_cache_events': 'False', 'indirect_selection': 'eager', 'log_path': 'C:\\Users\\eriku\\Desktop\\DataenginerSTI2024-2026\\Github\\data_warehouse_lifecycle_de24\\10\\dbt_code\\logs', 'profiles_dir': 'C:\\Users\\eriku\\.dbt', 'warn_error_options': 'WarnErrorOptionsV2(error=[], warn=[], silence=[])', 'static_parser': 'True'}
[0m13:17:02.420425 [info ] [MainThread]: dbt version: 1.10.10
[0m13:17:02.421427 [info ] [MainThread]: python version: 3.12.6
[0m13:17:02.422430 [info ] [MainThread]: python path: C:\Users\eriku\Desktop\DataenginerSTI2024-2026\Github\data_warehouse_lifecycle_de24\venv\Scripts\python.exe
[0m13:17:02.423428 [info ] [MainThread]: os info: Windows-11-10.0.26100-SP0
[0m13:17:03.840760 [info ] [MainThread]: Using profiles dir at C:\Users\eriku\.dbt
[0m13:17:03.841681 [info ] [MainThread]: Using profiles.yml file at C:\Users\eriku\.dbt\profiles.yml
[0m13:17:03.842681 [info ] [MainThread]: Using dbt_project.yml file at C:\Users\eriku\Desktop\DataenginerSTI2024-2026\Github\data_warehouse_lifecycle_de24\10\dbt_code\dbt_project.yml
[0m13:17:03.843682 [info ] [MainThread]: adapter type: snowflake
[0m13:17:03.844467 [info ] [MainThread]: adapter version: 1.10.0
[0m13:17:03.981164 [info ] [MainThread]: Configuration:
[0m13:17:03.982055 [info ] [MainThread]:   profiles.yml file [[32mOK found and valid[0m]
[0m13:17:03.982055 [info ] [MainThread]:   dbt_project.yml file [[32mOK found and valid[0m]
[0m13:17:03.983055 [info ] [MainThread]: Required dependencies:
[0m13:17:03.983055 [debug] [MainThread]: Executing "git --help"
[0m13:17:04.006197 [debug] [MainThread]: STDOUT: "b"usage: git [-v | --version] [-h | --help] [-C <path>] [-c <name>=<value>]\n           [--exec-path[=<path>]] [--html-path] [--man-path] [--info-path]\n           [-p | --paginate | -P | --no-pager] [--no-replace-objects] [--no-lazy-fetch]\n           [--no-optional-locks] [--no-advice] [--bare] [--git-dir=<path>]\n           [--work-tree=<path>] [--namespace=<name>] [--config-env=<name>=<envvar>]\n           <command> [<args>]\n\nThese are common Git commands used in various situations:\n\nstart a working area (see also: git help tutorial)\n   clone     Clone a repository into a new directory\n   init      Create an empty Git repository or reinitialize an existing one\n\nwork on the current change (see also: git help everyday)\n   add       Add file contents to the index\n   mv        Move or rename a file, a directory, or a symlink\n   restore   Restore working tree files\n   rm        Remove files from the working tree and from the index\n\nexamine the history and state (see also: git help revisions)\n   bisect    Use binary search to find the commit that introduced a bug\n   diff      Show changes between commits, commit and working tree, etc\n   grep      Print lines matching a pattern\n   log       Show commit logs\n   show      Show various types of objects\n   status    Show the working tree status\n\ngrow, mark and tweak your common history\n   branch    List, create, or delete branches\n   commit    Record changes to the repository\n   merge     Join two or more development histories together\n   rebase    Reapply commits on top of another base tip\n   reset     Reset current HEAD to the specified state\n   switch    Switch branches\n   tag       Create, list, delete or verify a tag object signed with GPG\n\ncollaborate (see also: git help workflows)\n   fetch     Download objects and refs from another repository\n   pull      Fetch from and integrate with another repository or a local branch\n   push      Update remote refs along with associated objects\n\n'git help -a' and 'git help -g' list available subcommands and some\nconcept guides. See 'git help <command>' or 'git help <concept>'\nto read about a specific subcommand or concept.\nSee 'git help git' for an overview of the system.\n""
[0m13:17:04.006197 [debug] [MainThread]: STDERR: "b''"
[0m13:17:04.007302 [info ] [MainThread]:  - git [[32mOK found[0m]

[0m13:17:04.007302 [info ] [MainThread]: Connection:
[0m13:17:04.008209 [info ] [MainThread]:   account: ma68735.west-europe.azure
[0m13:17:04.009205 [info ] [MainThread]:   user: transformer
[0m13:17:04.009205 [info ] [MainThread]:   database: job_ads
[0m13:17:04.010204 [info ] [MainThread]:   warehouse: dev_wh
[0m13:17:04.010204 [info ] [MainThread]:   role: job_ads_dbt_role
[0m13:17:04.011308 [info ] [MainThread]:   schema: warehouse
[0m13:17:04.011308 [info ] [MainThread]:   authenticator: None
[0m13:17:04.012205 [info ] [MainThread]:   oauth_client_id: None
[0m13:17:04.012205 [info ] [MainThread]:   query_tag: None
[0m13:17:04.013203 [info ] [MainThread]:   client_session_keep_alive: False
[0m13:17:04.013203 [info ] [MainThread]:   host: None
[0m13:17:04.014203 [info ] [MainThread]:   port: None
[0m13:17:04.014203 [info ] [MainThread]:   proxy_host: None
[0m13:17:04.015204 [info ] [MainThread]:   proxy_port: None
[0m13:17:04.015204 [info ] [MainThread]:   protocol: None
[0m13:17:04.016202 [info ] [MainThread]:   connect_retries: 1
[0m13:17:04.016202 [info ] [MainThread]:   connect_timeout: None
[0m13:17:04.017205 [info ] [MainThread]:   retry_on_database_errors: False
[0m13:17:04.017205 [info ] [MainThread]:   retry_all: False
[0m13:17:04.018215 [info ] [MainThread]:   insecure_mode: False
[0m13:17:04.019205 [info ] [MainThread]:   reuse_connections: True
[0m13:17:04.020203 [info ] [MainThread]:   s3_stage_vpce_dns_name: None
[0m13:17:04.020203 [info ] [MainThread]: Registered adapter: snowflake=1.10.0
[0m13:17:04.283588 [debug] [MainThread]: Acquiring new snowflake connection 'debug'
[0m13:17:04.335818 [debug] [MainThread]: Using snowflake connection "debug"
[0m13:17:04.335818 [debug] [MainThread]: On debug: select 1 as id
[0m13:17:04.335818 [debug] [MainThread]: Opening a new connection, currently in state init
[0m13:17:06.987569 [debug] [MainThread]: Snowflake adapter: Error running SQL: select 1 as id
[0m13:17:06.988674 [debug] [MainThread]: Snowflake adapter: Rolling back transaction.
[0m13:17:06.988674 [info ] [MainThread]:   Connection test: [[31mERROR[0m]

[0m13:17:06.990581 [info ] [MainThread]: [31m1 check failed:[0m
[0m13:17:06.990970 [info ] [MainThread]: dbt was unable to connect to the specified database.
The database returned the following error:

  >Database Error
  250001 (08001): Failed to connect to DB: ma68735.west-europe.azure.snowflakecomputing.com:443. Incorrect username or password was specified.

Check your database credentials and try again. For more information, visit:
https://docs.getdbt.com/docs/configure-your-profile


[0m13:17:06.991631 [debug] [MainThread]: Command `dbt debug` failed at 13:17:06.991631 after 4.88 seconds
[0m13:17:06.992716 [debug] [MainThread]: Connection 'debug' was left open.
[0m13:17:06.992716 [debug] [MainThread]: On debug: No close available on handle
[0m13:17:06.992716 [debug] [MainThread]: Sending event: {'category': 'dbt', 'action': 'invocation', 'label': 'end', 'context': [<snowplow_tracker.self_describing_json.SelfDescribingJson object at 0x000001FCCEC130E0>, <snowplow_tracker.self_describing_json.SelfDescribingJson object at 0x000001FCBC99E4B0>, <snowplow_tracker.self_describing_json.SelfDescribingJson object at 0x000001FCBC482450>]}
[0m13:17:06.993746 [debug] [MainThread]: Flushing usage events
[0m13:17:07.904768 [debug] [MainThread]: An error was encountered while trying to flush usage events
[0m13:24:53.983803 [debug] [MainThread]: Sending event: {'category': 'dbt', 'action': 'invocation', 'label': 'start', 'context': [<snowplow_tracker.self_describing_json.SelfDescribingJson object at 0x000001C1EB73BFE0>, <snowplow_tracker.self_describing_json.SelfDescribingJson object at 0x000001C1EAD68B00>, <snowplow_tracker.self_describing_json.SelfDescribingJson object at 0x000001C1E85C5EE0>]}


============================== 13:24:53.990975 | b96339c3-c9a9-4705-a49d-7ea50ec6a07e ==============================
[0m13:24:53.990975 [info ] [MainThread]: Running with dbt=1.10.10
[0m13:24:53.991957 [debug] [MainThread]: running dbt with arguments {'partial_parse': 'True', 'write_json': 'True', 'send_anonymous_usage_stats': 'True', 'version_check': 'True', 'cache_selected_only': 'False', 'target_path': 'None', 'use_colors': 'True', 'invocation_command': 'dbt debug', 'log_format': 'default', 'warn_error': 'None', 'introspect': 'True', 'debug': 'False', 'printer_width': '80', 'fail_fast': 'False', 'no_print': 'None', 'empty': 'None', 'quiet': 'False', 'use_experimental_parser': 'False', 'log_cache_events': 'False', 'indirect_selection': 'eager', 'log_path': 'C:\\Users\\eriku\\Desktop\\DataenginerSTI2024-2026\\Github\\data_warehouse_lifecycle_de24\\10\\dbt_code\\logs', 'profiles_dir': 'C:\\Users\\eriku\\.dbt', 'static_parser': 'True', 'warn_error_options': 'WarnErrorOptionsV2(error=[], warn=[], silence=[])'}
[0m13:24:54.028155 [info ] [MainThread]: dbt version: 1.10.10
[0m13:24:54.029181 [info ] [MainThread]: python version: 3.12.6
[0m13:24:54.029181 [info ] [MainThread]: python path: C:\Users\eriku\Desktop\DataenginerSTI2024-2026\Github\data_warehouse_lifecycle_de24\venv\Scripts\python.exe
[0m13:24:54.030156 [info ] [MainThread]: os info: Windows-11-10.0.26100-SP0
[0m13:24:55.499503 [info ] [MainThread]: Using profiles dir at C:\Users\eriku\.dbt
[0m13:24:55.501413 [info ] [MainThread]: Using profiles.yml file at C:\Users\eriku\.dbt\profiles.yml
[0m13:24:55.501413 [info ] [MainThread]: Using dbt_project.yml file at C:\Users\eriku\Desktop\DataenginerSTI2024-2026\Github\data_warehouse_lifecycle_de24\10\dbt_code\dbt_project.yml
[0m13:24:55.503419 [info ] [MainThread]: adapter type: snowflake
[0m13:24:55.504413 [info ] [MainThread]: adapter version: 1.10.0
[0m13:24:55.642364 [info ] [MainThread]: Configuration:
[0m13:24:55.643362 [info ] [MainThread]:   profiles.yml file [[32mOK found and valid[0m]
[0m13:24:55.643362 [info ] [MainThread]:   dbt_project.yml file [[32mOK found and valid[0m]
[0m13:24:55.644363 [info ] [MainThread]: Required dependencies:
[0m13:24:55.644363 [debug] [MainThread]: Executing "git --help"
[0m13:24:55.678079 [debug] [MainThread]: STDOUT: "b"usage: git [-v | --version] [-h | --help] [-C <path>] [-c <name>=<value>]\n           [--exec-path[=<path>]] [--html-path] [--man-path] [--info-path]\n           [-p | --paginate | -P | --no-pager] [--no-replace-objects] [--no-lazy-fetch]\n           [--no-optional-locks] [--no-advice] [--bare] [--git-dir=<path>]\n           [--work-tree=<path>] [--namespace=<name>] [--config-env=<name>=<envvar>]\n           <command> [<args>]\n\nThese are common Git commands used in various situations:\n\nstart a working area (see also: git help tutorial)\n   clone     Clone a repository into a new directory\n   init      Create an empty Git repository or reinitialize an existing one\n\nwork on the current change (see also: git help everyday)\n   add       Add file contents to the index\n   mv        Move or rename a file, a directory, or a symlink\n   restore   Restore working tree files\n   rm        Remove files from the working tree and from the index\n\nexamine the history and state (see also: git help revisions)\n   bisect    Use binary search to find the commit that introduced a bug\n   diff      Show changes between commits, commit and working tree, etc\n   grep      Print lines matching a pattern\n   log       Show commit logs\n   show      Show various types of objects\n   status    Show the working tree status\n\ngrow, mark and tweak your common history\n   branch    List, create, or delete branches\n   commit    Record changes to the repository\n   merge     Join two or more development histories together\n   rebase    Reapply commits on top of another base tip\n   reset     Reset current HEAD to the specified state\n   switch    Switch branches\n   tag       Create, list, delete or verify a tag object signed with GPG\n\ncollaborate (see also: git help workflows)\n   fetch     Download objects and refs from another repository\n   pull      Fetch from and integrate with another repository or a local branch\n   push      Update remote refs along with associated objects\n\n'git help -a' and 'git help -g' list available subcommands and some\nconcept guides. See 'git help <command>' or 'git help <concept>'\nto read about a specific subcommand or concept.\nSee 'git help git' for an overview of the system.\n""
[0m13:24:55.679081 [debug] [MainThread]: STDERR: "b''"
[0m13:24:55.679081 [info ] [MainThread]:  - git [[32mOK found[0m]

[0m13:24:55.680082 [info ] [MainThread]: Connection:
[0m13:24:55.681078 [info ] [MainThread]:   account: ma68735.west-europe.azure
[0m13:24:55.682082 [info ] [MainThread]:   user: transformer
[0m13:24:55.682082 [info ] [MainThread]:   database: job_ads
[0m13:24:55.683079 [info ] [MainThread]:   warehouse: dev_wh
[0m13:24:55.684080 [info ] [MainThread]:   role: job_ads_dbt_role
[0m13:24:55.684080 [info ] [MainThread]:   schema: warehouse
[0m13:24:55.685081 [info ] [MainThread]:   authenticator: None
[0m13:24:55.686080 [info ] [MainThread]:   oauth_client_id: None
[0m13:24:55.687079 [info ] [MainThread]:   query_tag: None
[0m13:24:55.689125 [info ] [MainThread]:   client_session_keep_alive: False
[0m13:24:55.692165 [info ] [MainThread]:   host: None
[0m13:24:55.693155 [info ] [MainThread]:   port: None
[0m13:24:55.694152 [info ] [MainThread]:   proxy_host: None
[0m13:24:55.695152 [info ] [MainThread]:   proxy_port: None
[0m13:24:55.695152 [info ] [MainThread]:   protocol: None
[0m13:24:55.696151 [info ] [MainThread]:   connect_retries: 1
[0m13:24:55.697195 [info ] [MainThread]:   connect_timeout: None
[0m13:24:55.697195 [info ] [MainThread]:   retry_on_database_errors: False
[0m13:24:55.698430 [info ] [MainThread]:   retry_all: False
[0m13:24:55.698430 [info ] [MainThread]:   insecure_mode: False
[0m13:24:55.699681 [info ] [MainThread]:   reuse_connections: True
[0m13:24:55.699681 [info ] [MainThread]:   s3_stage_vpce_dns_name: None
[0m13:24:55.700933 [info ] [MainThread]: Registered adapter: snowflake=1.10.0
[0m13:24:56.111675 [debug] [MainThread]: Acquiring new snowflake connection 'debug'
[0m13:24:56.166700 [debug] [MainThread]: Using snowflake connection "debug"
[0m13:24:56.166700 [debug] [MainThread]: On debug: select 1 as id
[0m13:24:56.167701 [debug] [MainThread]: Opening a new connection, currently in state init
[0m13:24:59.054865 [debug] [MainThread]: Snowflake adapter: Error running SQL: select 1 as id
[0m13:24:59.055871 [debug] [MainThread]: Snowflake adapter: Rolling back transaction.
[0m13:24:59.056903 [info ] [MainThread]:   Connection test: [[31mERROR[0m]

[0m13:24:59.058785 [info ] [MainThread]: [31m1 check failed:[0m
[0m13:24:59.059621 [info ] [MainThread]: dbt was unable to connect to the specified database.
The database returned the following error:

  >Database Error
  250001 (08001): Failed to connect to DB: ma68735.west-europe.azure.snowflakecomputing.com:443. Your user account has been temporarily locked. Try again later or contact your account administrator for assistance. For more information about this error, go to https://community.snowflake.com/s/error-your-user-login-has-been-locked.

Check your database credentials and try again. For more information, visit:
https://docs.getdbt.com/docs/configure-your-profile


[0m13:24:59.062631 [debug] [MainThread]: Command `dbt debug` failed at 13:24:59.061708 after 5.37 seconds
[0m13:24:59.062631 [debug] [MainThread]: Connection 'debug' was left open.
[0m13:24:59.063630 [debug] [MainThread]: On debug: No close available on handle
[0m13:24:59.063630 [debug] [MainThread]: Sending event: {'category': 'dbt', 'action': 'invocation', 'label': 'end', 'context': [<snowplow_tracker.self_describing_json.SelfDescribingJson object at 0x000001C1E89E76E0>, <snowplow_tracker.self_describing_json.SelfDescribingJson object at 0x000001C1E86EAF30>, <snowplow_tracker.self_describing_json.SelfDescribingJson object at 0x000001C1EB679640>]}
[0m13:24:59.063630 [debug] [MainThread]: Flushing usage events
[0m13:25:00.034043 [debug] [MainThread]: An error was encountered while trying to flush usage events
[0m14:11:13.624017 [debug] [MainThread]: Sending event: {'category': 'dbt', 'action': 'invocation', 'label': 'start', 'context': [<snowplow_tracker.self_describing_json.SelfDescribingJson object at 0x000001FDBE38DC70>, <snowplow_tracker.self_describing_json.SelfDescribingJson object at 0x000001FDBB836030>, <snowplow_tracker.self_describing_json.SelfDescribingJson object at 0x000001FDBE78C170>]}


============================== 14:11:13.632145 | 3050630f-1785-4bd9-9040-3455bea0c69e ==============================
[0m14:11:13.632145 [info ] [MainThread]: Running with dbt=1.10.10
[0m14:11:13.633144 [debug] [MainThread]: running dbt with arguments {'partial_parse': 'True', 'static_parser': 'True', 'send_anonymous_usage_stats': 'True', 'version_check': 'True', 'cache_selected_only': 'False', 'target_path': 'None', 'warn_error': 'None', 'invocation_command': 'dbt debug', 'log_format': 'default', 'use_colors': 'True', 'introspect': 'True', 'debug': 'False', 'printer_width': '80', 'fail_fast': 'False', 'no_print': 'None', 'use_experimental_parser': 'False', 'empty': 'None', 'quiet': 'False', 'log_cache_events': 'False', 'log_path': 'C:\\Users\\eriku\\Desktop\\DataenginerSTI2024-2026\\Github\\data_warehouse_lifecycle_de24\\10\\dbt_code\\logs', 'indirect_selection': 'eager', 'profiles_dir': 'C:\\Users\\eriku\\.dbt', 'warn_error_options': 'WarnErrorOptionsV2(error=[], warn=[], silence=[])', 'write_json': 'True'}
[0m14:11:13.673444 [info ] [MainThread]: dbt version: 1.10.10
[0m14:11:13.674451 [info ] [MainThread]: python version: 3.12.6
[0m14:11:13.674451 [info ] [MainThread]: python path: C:\Users\eriku\Desktop\DataenginerSTI2024-2026\Github\data_warehouse_lifecycle_de24\venv\Scripts\python.exe
[0m14:11:13.675475 [info ] [MainThread]: os info: Windows-11-10.0.26100-SP0
[0m14:11:13.678450 [info ] [MainThread]: Using profiles dir at C:\Users\eriku\.dbt
[0m14:11:13.679450 [info ] [MainThread]: Using profiles.yml file at C:\Users\eriku\.dbt\profiles.yml
[0m14:11:13.679450 [info ] [MainThread]: Using dbt_project.yml file at C:\Users\eriku\Desktop\DataenginerSTI2024-2026\Github\data_warehouse_lifecycle_de24\10\dbt_code\dbt_project.yml
[0m14:11:13.806710 [info ] [MainThread]: Configuration:
[0m14:11:13.807717 [info ] [MainThread]:   profiles.yml file [[31mERROR invalid[0m]
[0m14:11:13.808620 [info ] [MainThread]:   dbt_project.yml file [[32mOK found and valid[0m]
[0m14:11:13.809364 [info ] [MainThread]: Required dependencies:
[0m14:11:13.809843 [debug] [MainThread]: Executing "git --help"
[0m14:11:13.839860 [debug] [MainThread]: STDOUT: "b"usage: git [-v | --version] [-h | --help] [-C <path>] [-c <name>=<value>]\n           [--exec-path[=<path>]] [--html-path] [--man-path] [--info-path]\n           [-p | --paginate | -P | --no-pager] [--no-replace-objects] [--no-lazy-fetch]\n           [--no-optional-locks] [--no-advice] [--bare] [--git-dir=<path>]\n           [--work-tree=<path>] [--namespace=<name>] [--config-env=<name>=<envvar>]\n           <command> [<args>]\n\nThese are common Git commands used in various situations:\n\nstart a working area (see also: git help tutorial)\n   clone     Clone a repository into a new directory\n   init      Create an empty Git repository or reinitialize an existing one\n\nwork on the current change (see also: git help everyday)\n   add       Add file contents to the index\n   mv        Move or rename a file, a directory, or a symlink\n   restore   Restore working tree files\n   rm        Remove files from the working tree and from the index\n\nexamine the history and state (see also: git help revisions)\n   bisect    Use binary search to find the commit that introduced a bug\n   diff      Show changes between commits, commit and working tree, etc\n   grep      Print lines matching a pattern\n   log       Show commit logs\n   show      Show various types of objects\n   status    Show the working tree status\n\ngrow, mark and tweak your common history\n   branch    List, create, or delete branches\n   commit    Record changes to the repository\n   merge     Join two or more development histories together\n   rebase    Reapply commits on top of another base tip\n   reset     Reset current HEAD to the specified state\n   switch    Switch branches\n   tag       Create, list, delete or verify a tag object signed with GPG\n\ncollaborate (see also: git help workflows)\n   fetch     Download objects and refs from another repository\n   pull      Fetch from and integrate with another repository or a local branch\n   push      Update remote refs along with associated objects\n\n'git help -a' and 'git help -g' list available subcommands and some\nconcept guides. See 'git help <command>' or 'git help <concept>'\nto read about a specific subcommand or concept.\nSee 'git help git' for an overview of the system.\n""
[0m14:11:13.839860 [debug] [MainThread]: STDERR: "b''"
[0m14:11:13.840951 [info ] [MainThread]:  - git [[32mOK found[0m]

[0m14:11:13.840951 [info ] [MainThread]: Connection test skipped since no profile was found
[0m14:11:13.841867 [info ] [MainThread]: [31m1 check failed:[0m
[0m14:11:13.842868 [info ] [MainThread]: Profile loading failed for the following reason:
Runtime Error
  Could not find profile named 'dbt_snowflake'


[0m14:11:13.843868 [debug] [MainThread]: Command `dbt debug` failed at 14:11:13.842868 after 0.53 seconds
[0m14:11:13.843868 [debug] [MainThread]: Sending event: {'category': 'dbt', 'action': 'invocation', 'label': 'end', 'context': [<snowplow_tracker.self_describing_json.SelfDescribingJson object at 0x000001FDBB741190>, <snowplow_tracker.self_describing_json.SelfDescribingJson object at 0x000001FDBFA9A000>, <snowplow_tracker.self_describing_json.SelfDescribingJson object at 0x000001FDBE8E6F60>]}
[0m14:11:13.843868 [debug] [MainThread]: Flushing usage events
[0m14:11:14.829637 [debug] [MainThread]: An error was encountered while trying to flush usage events
[0m14:11:39.296335 [debug] [MainThread]: Sending event: {'category': 'dbt', 'action': 'invocation', 'label': 'start', 'context': [<snowplow_tracker.self_describing_json.SelfDescribingJson object at 0x0000020C29BF7170>, <snowplow_tracker.self_describing_json.SelfDescribingJson object at 0x0000020C26E461B0>, <snowplow_tracker.self_describing_json.SelfDescribingJson object at 0x0000020C29B4D2E0>]}


============================== 14:11:39.301385 | 455a346e-2954-4c49-8dbf-3f62b3480f83 ==============================
[0m14:11:39.301385 [info ] [MainThread]: Running with dbt=1.10.10
[0m14:11:39.302306 [debug] [MainThread]: running dbt with arguments {'partial_parse': 'True', 'static_parser': 'True', 'send_anonymous_usage_stats': 'True', 'warn_error': 'None', 'cache_selected_only': 'False', 'target_path': 'None', 'version_check': 'True', 'invocation_command': 'dbt debug', 'log_format': 'default', 'use_colors': 'True', 'introspect': 'True', 'debug': 'False', 'printer_width': '80', 'fail_fast': 'False', 'no_print': 'None', 'quiet': 'False', 'use_experimental_parser': 'False', 'log_cache_events': 'False', 'empty': 'None', 'log_path': 'C:\\Users\\eriku\\Desktop\\DataenginerSTI2024-2026\\Github\\data_warehouse_lifecycle_de24\\10\\dbt_code\\logs', 'indirect_selection': 'eager', 'profiles_dir': 'C:\\Users\\eriku\\.dbt', 'warn_error_options': 'WarnErrorOptionsV2(error=[], warn=[], silence=[])', 'write_json': 'True'}
[0m14:11:39.322173 [info ] [MainThread]: dbt version: 1.10.10
[0m14:11:39.322173 [info ] [MainThread]: python version: 3.12.6
[0m14:11:39.324183 [info ] [MainThread]: python path: C:\Users\eriku\Desktop\DataenginerSTI2024-2026\Github\data_warehouse_lifecycle_de24\venv\Scripts\python.exe
[0m14:11:39.324183 [info ] [MainThread]: os info: Windows-11-10.0.26100-SP0
[0m14:11:40.892369 [info ] [MainThread]: Using profiles dir at C:\Users\eriku\.dbt
[0m14:11:40.893284 [info ] [MainThread]: Using profiles.yml file at C:\Users\eriku\.dbt\profiles.yml
[0m14:11:40.893284 [info ] [MainThread]: Using dbt_project.yml file at C:\Users\eriku\Desktop\DataenginerSTI2024-2026\Github\data_warehouse_lifecycle_de24\10\dbt_code\dbt_project.yml
[0m14:11:40.895320 [info ] [MainThread]: adapter type: snowflake
[0m14:11:40.895320 [info ] [MainThread]: adapter version: 1.10.0
[0m14:11:41.027136 [info ] [MainThread]: Configuration:
[0m14:11:41.028236 [info ] [MainThread]:   profiles.yml file [[32mOK found and valid[0m]
[0m14:11:41.028236 [info ] [MainThread]:   dbt_project.yml file [[32mOK found and valid[0m]
[0m14:11:41.029304 [info ] [MainThread]: Required dependencies:
[0m14:11:41.030244 [debug] [MainThread]: Executing "git --help"
[0m14:11:41.058191 [debug] [MainThread]: STDOUT: "b"usage: git [-v | --version] [-h | --help] [-C <path>] [-c <name>=<value>]\n           [--exec-path[=<path>]] [--html-path] [--man-path] [--info-path]\n           [-p | --paginate | -P | --no-pager] [--no-replace-objects] [--no-lazy-fetch]\n           [--no-optional-locks] [--no-advice] [--bare] [--git-dir=<path>]\n           [--work-tree=<path>] [--namespace=<name>] [--config-env=<name>=<envvar>]\n           <command> [<args>]\n\nThese are common Git commands used in various situations:\n\nstart a working area (see also: git help tutorial)\n   clone     Clone a repository into a new directory\n   init      Create an empty Git repository or reinitialize an existing one\n\nwork on the current change (see also: git help everyday)\n   add       Add file contents to the index\n   mv        Move or rename a file, a directory, or a symlink\n   restore   Restore working tree files\n   rm        Remove files from the working tree and from the index\n\nexamine the history and state (see also: git help revisions)\n   bisect    Use binary search to find the commit that introduced a bug\n   diff      Show changes between commits, commit and working tree, etc\n   grep      Print lines matching a pattern\n   log       Show commit logs\n   show      Show various types of objects\n   status    Show the working tree status\n\ngrow, mark and tweak your common history\n   branch    List, create, or delete branches\n   commit    Record changes to the repository\n   merge     Join two or more development histories together\n   rebase    Reapply commits on top of another base tip\n   reset     Reset current HEAD to the specified state\n   switch    Switch branches\n   tag       Create, list, delete or verify a tag object signed with GPG\n\ncollaborate (see also: git help workflows)\n   fetch     Download objects and refs from another repository\n   pull      Fetch from and integrate with another repository or a local branch\n   push      Update remote refs along with associated objects\n\n'git help -a' and 'git help -g' list available subcommands and some\nconcept guides. See 'git help <command>' or 'git help <concept>'\nto read about a specific subcommand or concept.\nSee 'git help git' for an overview of the system.\n""
[0m14:11:41.058191 [debug] [MainThread]: STDERR: "b''"
[0m14:11:41.059225 [info ] [MainThread]:  - git [[32mOK found[0m]

[0m14:11:41.059225 [info ] [MainThread]: Connection:
[0m14:11:41.060184 [info ] [MainThread]:   account: ma68735.west-europe.azure
[0m14:11:41.060184 [info ] [MainThread]:   user: transformer
[0m14:11:41.061134 [info ] [MainThread]:   database: job_ads
[0m14:11:41.062136 [info ] [MainThread]:   warehouse: dev_wh
[0m14:11:41.062136 [info ] [MainThread]:   role: job_ads_dbt_role
[0m14:11:41.063145 [info ] [MainThread]:   schema: warehouse
[0m14:11:41.064135 [info ] [MainThread]:   authenticator: None
[0m14:11:41.064135 [info ] [MainThread]:   oauth_client_id: None
[0m14:11:41.065065 [info ] [MainThread]:   query_tag: None
[0m14:11:41.065065 [info ] [MainThread]:   client_session_keep_alive: False
[0m14:11:41.066081 [info ] [MainThread]:   host: None
[0m14:11:41.066081 [info ] [MainThread]:   port: None
[0m14:11:41.067166 [info ] [MainThread]:   proxy_host: None
[0m14:11:41.067166 [info ] [MainThread]:   proxy_port: None
[0m14:11:41.068088 [info ] [MainThread]:   protocol: None
[0m14:11:41.069088 [info ] [MainThread]:   connect_retries: 1
[0m14:11:41.069088 [info ] [MainThread]:   connect_timeout: None
[0m14:11:41.070103 [info ] [MainThread]:   retry_on_database_errors: False
[0m14:11:41.070103 [info ] [MainThread]:   retry_all: False
[0m14:11:41.071194 [info ] [MainThread]:   insecure_mode: False
[0m14:11:41.071194 [info ] [MainThread]:   reuse_connections: True
[0m14:11:41.072092 [info ] [MainThread]:   s3_stage_vpce_dns_name: None
[0m14:11:41.072092 [info ] [MainThread]: Registered adapter: snowflake=1.10.0
[0m14:11:41.788278 [debug] [MainThread]: Acquiring new snowflake connection 'debug'
[0m14:11:41.862286 [debug] [MainThread]: Using snowflake connection "debug"
[0m14:11:41.862286 [debug] [MainThread]: On debug: select 1 as id
[0m14:11:41.862286 [debug] [MainThread]: Opening a new connection, currently in state init
[0m14:11:44.832367 [debug] [MainThread]: Snowflake adapter: Error running SQL: select 1 as id
[0m14:11:44.833362 [debug] [MainThread]: Snowflake adapter: Rolling back transaction.
[0m14:11:44.835363 [info ] [MainThread]:   Connection test: [[31mERROR[0m]

[0m14:11:44.836304 [info ] [MainThread]: [31m1 check failed:[0m
[0m14:11:44.837360 [info ] [MainThread]: dbt was unable to connect to the specified database.
The database returned the following error:

  >Database Error
  250001 (08001): Failed to connect to DB: ma68735.west-europe.azure.snowflakecomputing.com:443. Incorrect username or password was specified.

Check your database credentials and try again. For more information, visit:
https://docs.getdbt.com/docs/configure-your-profile


[0m14:11:44.838530 [debug] [MainThread]: Command `dbt debug` failed at 14:11:44.838530 after 5.69 seconds
[0m14:11:44.839601 [debug] [MainThread]: Connection 'debug' was left open.
[0m14:11:44.839601 [debug] [MainThread]: On debug: No close available on handle
[0m14:11:44.840605 [debug] [MainThread]: Sending event: {'category': 'dbt', 'action': 'invocation', 'label': 'end', 'context': [<snowplow_tracker.self_describing_json.SelfDescribingJson object at 0x0000020C2906CEC0>, <snowplow_tracker.self_describing_json.SelfDescribingJson object at 0x0000020C3C19ECF0>, <snowplow_tracker.self_describing_json.SelfDescribingJson object at 0x0000020C294B6390>]}
[0m14:11:44.840605 [debug] [MainThread]: Flushing usage events
[0m14:11:45.798312 [debug] [MainThread]: An error was encountered while trying to flush usage events
[0m14:18:18.535577 [debug] [MainThread]: Sending event: {'category': 'dbt', 'action': 'invocation', 'label': 'start', 'context': [<snowplow_tracker.self_describing_json.SelfDescribingJson object at 0x0000015537687C50>, <snowplow_tracker.self_describing_json.SelfDescribingJson object at 0x0000015539C620F0>, <snowplow_tracker.self_describing_json.SelfDescribingJson object at 0x000001553A3A77D0>]}


============================== 14:18:18.542072 | 846a8a68-e2e3-4d8c-8a31-ebbaa87d4aaf ==============================
[0m14:18:18.542072 [info ] [MainThread]: Running with dbt=1.10.10
[0m14:18:18.542595 [debug] [MainThread]: running dbt with arguments {'partial_parse': 'True', 'warn_error_options': 'WarnErrorOptionsV2(error=[], warn=[], silence=[])', 'send_anonymous_usage_stats': 'True', 'version_check': 'True', 'cache_selected_only': 'False', 'target_path': 'None', 'warn_error': 'None', 'invocation_command': 'dbt debug', 'log_format': 'default', 'use_colors': 'True', 'introspect': 'True', 'debug': 'False', 'printer_width': '80', 'fail_fast': 'False', 'no_print': 'None', 'quiet': 'False', 'use_experimental_parser': 'False', 'empty': 'None', 'log_cache_events': 'False', 'log_path': 'C:\\Users\\eriku\\Desktop\\DataenginerSTI2024-2026\\Github\\data_warehouse_lifecycle_de24\\10\\dbt_code\\logs', 'indirect_selection': 'eager', 'profiles_dir': 'C:\\Users\\eriku\\.dbt', 'static_parser': 'True', 'write_json': 'True'}
[0m14:18:18.564781 [info ] [MainThread]: dbt version: 1.10.10
[0m14:18:18.564781 [info ] [MainThread]: python version: 3.12.6
[0m14:18:18.565833 [info ] [MainThread]: python path: C:\Users\eriku\Desktop\DataenginerSTI2024-2026\Github\data_warehouse_lifecycle_de24\venv\Scripts\python.exe
[0m14:18:18.565833 [info ] [MainThread]: os info: Windows-11-10.0.26100-SP0
[0m14:18:19.979197 [info ] [MainThread]: Using profiles dir at C:\Users\eriku\.dbt
[0m14:18:19.980190 [info ] [MainThread]: Using profiles.yml file at C:\Users\eriku\.dbt\profiles.yml
[0m14:18:19.980656 [info ] [MainThread]: Using dbt_project.yml file at C:\Users\eriku\Desktop\DataenginerSTI2024-2026\Github\data_warehouse_lifecycle_de24\10\dbt_code\dbt_project.yml
[0m14:18:19.981809 [info ] [MainThread]: adapter type: snowflake
[0m14:18:19.982514 [info ] [MainThread]: adapter version: 1.10.0
[0m14:18:20.116569 [info ] [MainThread]: Configuration:
[0m14:18:20.117270 [info ] [MainThread]:   profiles.yml file [[32mOK found and valid[0m]
[0m14:18:20.118491 [info ] [MainThread]:   dbt_project.yml file [[32mOK found and valid[0m]
[0m14:18:20.118491 [info ] [MainThread]: Required dependencies:
[0m14:18:20.119499 [debug] [MainThread]: Executing "git --help"
[0m14:18:20.141139 [debug] [MainThread]: STDOUT: "b"usage: git [-v | --version] [-h | --help] [-C <path>] [-c <name>=<value>]\n           [--exec-path[=<path>]] [--html-path] [--man-path] [--info-path]\n           [-p | --paginate | -P | --no-pager] [--no-replace-objects] [--no-lazy-fetch]\n           [--no-optional-locks] [--no-advice] [--bare] [--git-dir=<path>]\n           [--work-tree=<path>] [--namespace=<name>] [--config-env=<name>=<envvar>]\n           <command> [<args>]\n\nThese are common Git commands used in various situations:\n\nstart a working area (see also: git help tutorial)\n   clone     Clone a repository into a new directory\n   init      Create an empty Git repository or reinitialize an existing one\n\nwork on the current change (see also: git help everyday)\n   add       Add file contents to the index\n   mv        Move or rename a file, a directory, or a symlink\n   restore   Restore working tree files\n   rm        Remove files from the working tree and from the index\n\nexamine the history and state (see also: git help revisions)\n   bisect    Use binary search to find the commit that introduced a bug\n   diff      Show changes between commits, commit and working tree, etc\n   grep      Print lines matching a pattern\n   log       Show commit logs\n   show      Show various types of objects\n   status    Show the working tree status\n\ngrow, mark and tweak your common history\n   branch    List, create, or delete branches\n   commit    Record changes to the repository\n   merge     Join two or more development histories together\n   rebase    Reapply commits on top of another base tip\n   reset     Reset current HEAD to the specified state\n   switch    Switch branches\n   tag       Create, list, delete or verify a tag object signed with GPG\n\ncollaborate (see also: git help workflows)\n   fetch     Download objects and refs from another repository\n   pull      Fetch from and integrate with another repository or a local branch\n   push      Update remote refs along with associated objects\n\n'git help -a' and 'git help -g' list available subcommands and some\nconcept guides. See 'git help <command>' or 'git help <concept>'\nto read about a specific subcommand or concept.\nSee 'git help git' for an overview of the system.\n""
[0m14:18:20.141139 [debug] [MainThread]: STDERR: "b''"
[0m14:18:20.142199 [info ] [MainThread]:  - git [[32mOK found[0m]

[0m14:18:20.143098 [info ] [MainThread]: Connection:
[0m14:18:20.143098 [info ] [MainThread]:   account: ma68735.west-europe.azure
[0m14:18:20.144200 [info ] [MainThread]:   user: transformer
[0m14:18:20.145098 [info ] [MainThread]:   database: job_ads
[0m14:18:20.145098 [info ] [MainThread]:   warehouse: dev_wh
[0m14:18:20.146099 [info ] [MainThread]:   role: job_ads_dbt_role
[0m14:18:20.147099 [info ] [MainThread]:   schema: warehouse
[0m14:18:20.147099 [info ] [MainThread]:   authenticator: None
[0m14:18:20.148098 [info ] [MainThread]:   oauth_client_id: None
[0m14:18:20.148098 [info ] [MainThread]:   query_tag: None
[0m14:18:20.149099 [info ] [MainThread]:   client_session_keep_alive: False
[0m14:18:20.149099 [info ] [MainThread]:   host: None
[0m14:18:20.150099 [info ] [MainThread]:   port: None
[0m14:18:20.150099 [info ] [MainThread]:   proxy_host: None
[0m14:18:20.151107 [info ] [MainThread]:   proxy_port: None
[0m14:18:20.151107 [info ] [MainThread]:   protocol: None
[0m14:18:20.152098 [info ] [MainThread]:   connect_retries: 1
[0m14:18:20.152098 [info ] [MainThread]:   connect_timeout: None
[0m14:18:20.153104 [info ] [MainThread]:   retry_on_database_errors: False
[0m14:18:20.153104 [info ] [MainThread]:   retry_all: False
[0m14:18:20.154100 [info ] [MainThread]:   insecure_mode: False
[0m14:18:20.154100 [info ] [MainThread]:   reuse_connections: True
[0m14:18:20.155100 [info ] [MainThread]:   s3_stage_vpce_dns_name: None
[0m14:18:20.156098 [info ] [MainThread]: Registered adapter: snowflake=1.10.0
[0m14:18:20.425634 [debug] [MainThread]: Acquiring new snowflake connection 'debug'
[0m14:18:20.486851 [debug] [MainThread]: Using snowflake connection "debug"
[0m14:18:20.487858 [debug] [MainThread]: On debug: select 1 as id
[0m14:18:20.487858 [debug] [MainThread]: Opening a new connection, currently in state init
[0m14:18:22.998464 [debug] [MainThread]: Snowflake adapter: Error running SQL: select 1 as id
[0m14:18:23.000450 [debug] [MainThread]: Snowflake adapter: Rolling back transaction.
[0m14:18:23.001441 [info ] [MainThread]:   Connection test: [[31mERROR[0m]

[0m14:18:23.002419 [info ] [MainThread]: [31m1 check failed:[0m
[0m14:18:23.003363 [info ] [MainThread]: dbt was unable to connect to the specified database.
The database returned the following error:

  >Database Error
  250001 (08001): Failed to connect to DB: ma68735.west-europe.azure.snowflakecomputing.com:443. Incorrect username or password was specified.

Check your database credentials and try again. For more information, visit:
https://docs.getdbt.com/docs/configure-your-profile


[0m14:18:23.005358 [debug] [MainThread]: Command `dbt debug` failed at 14:18:23.005358 after 4.76 seconds
[0m14:18:23.006373 [debug] [MainThread]: Connection 'debug' was left open.
[0m14:18:23.006373 [debug] [MainThread]: On debug: No close available on handle
[0m14:18:23.006373 [debug] [MainThread]: Sending event: {'category': 'dbt', 'action': 'invocation', 'label': 'end', 'context': [<snowplow_tracker.self_describing_json.SelfDescribingJson object at 0x000001553A6CAC30>, <snowplow_tracker.self_describing_json.SelfDescribingJson object at 0x000001553A6CAFC0>, <snowplow_tracker.self_describing_json.SelfDescribingJson object at 0x000001553A57A120>]}
[0m14:18:23.007439 [debug] [MainThread]: Flushing usage events
[0m14:18:23.982498 [debug] [MainThread]: An error was encountered while trying to flush usage events
[0m14:25:00.757710 [debug] [MainThread]: Sending event: {'category': 'dbt', 'action': 'invocation', 'label': 'start', 'context': [<snowplow_tracker.self_describing_json.SelfDescribingJson object at 0x00000214BB410FB0>, <snowplow_tracker.self_describing_json.SelfDescribingJson object at 0x00000214B9229E80>, <snowplow_tracker.self_describing_json.SelfDescribingJson object at 0x00000214BB89A6C0>]}


============================== 14:25:00.766892 | def895cc-ae6b-41e1-a05b-703034c8db14 ==============================
[0m14:25:00.766892 [info ] [MainThread]: Running with dbt=1.10.10
[0m14:25:00.767900 [debug] [MainThread]: running dbt with arguments {'partial_parse': 'True', 'profiles_dir': 'C:\\Users\\eriku\\.dbt', 'send_anonymous_usage_stats': 'True', 'use_colors': 'True', 'cache_selected_only': 'False', 'target_path': 'None', 'version_check': 'True', 'invocation_command': 'dbt deps', 'log_format': 'default', 'warn_error': 'None', 'introspect': 'True', 'debug': 'False', 'printer_width': '80', 'fail_fast': 'False', 'no_print': 'None', 'use_experimental_parser': 'False', 'quiet': 'False', 'empty': 'None', 'log_cache_events': 'False', 'indirect_selection': 'eager', 'log_path': 'C:\\Users\\eriku\\Desktop\\DataenginerSTI2024-2026\\Github\\data_warehouse_lifecycle_de24\\10\\dbt_code\\logs', 'write_json': 'True', 'warn_error_options': 'WarnErrorOptionsV2(error=[], warn=[], silence=[])', 'static_parser': 'True'}
[0m14:25:01.056094 [debug] [MainThread]: Sending event: {'category': 'dbt', 'action': 'project_id', 'label': 'def895cc-ae6b-41e1-a05b-703034c8db14', 'context': [<snowplow_tracker.self_describing_json.SelfDescribingJson object at 0x00000214BB410FB0>]}
[0m14:25:01.199636 [debug] [MainThread]: Set downloads directory='C:\Users\eriku\AppData\Local\Temp\dbt-downloads-sxf953z1'
[0m14:25:01.199636 [debug] [MainThread]: Making package index registry request: GET https://hub.getdbt.com/api/v1/index.json
[0m14:25:02.190521 [debug] [MainThread]: Response from registry index: GET https://hub.getdbt.com/api/v1/index.json 200
[0m14:25:02.193530 [debug] [MainThread]: Making package registry request: GET https://hub.getdbt.com/api/v1/dbt-labs/dbt_utils.json
[0m14:25:02.555876 [debug] [MainThread]: Response from registry: GET https://hub.getdbt.com/api/v1/dbt-labs/dbt_utils.json 200
[0m14:25:02.563228 [info ] [MainThread]: Installing dbt-labs/dbt_utils
[0m14:25:03.721675 [info ] [MainThread]: Installed from version 1.2.0
[0m14:25:03.722675 [info ] [MainThread]: Updated version available: 1.3.0
[0m14:25:03.723697 [debug] [MainThread]: Sending event: {'category': 'dbt', 'action': 'package', 'label': 'def895cc-ae6b-41e1-a05b-703034c8db14', 'property_': 'install', 'context': [<snowplow_tracker.self_describing_json.SelfDescribingJson object at 0x00000214BB763440>, <snowplow_tracker.self_describing_json.SelfDescribingJson object at 0x00000214BD9A9310>]}
[0m14:25:03.723697 [info ] [MainThread]: 
[0m14:25:03.724695 [info ] [MainThread]: Updates available for packages: ['dbt-labs/dbt_utils']                 
Update your versions in packages.yml, then run dbt deps
[0m14:25:03.727672 [debug] [MainThread]: Command `dbt deps` succeeded at 14:25:03.726677 after 3.24 seconds
[0m14:25:03.727672 [debug] [MainThread]: Sending event: {'category': 'dbt', 'action': 'invocation', 'label': 'end', 'context': [<snowplow_tracker.self_describing_json.SelfDescribingJson object at 0x00000214BC230F20>, <snowplow_tracker.self_describing_json.SelfDescribingJson object at 0x00000214BBEA6750>, <snowplow_tracker.self_describing_json.SelfDescribingJson object at 0x00000214BBEA6B70>]}
[0m14:25:03.727672 [debug] [MainThread]: Flushing usage events
[0m14:25:05.296064 [debug] [MainThread]: An error was encountered while trying to flush usage events
[0m14:25:50.382619 [debug] [MainThread]: Sending event: {'category': 'dbt', 'action': 'invocation', 'label': 'start', 'context': [<snowplow_tracker.self_describing_json.SelfDescribingJson object at 0x00000276CF7004A0>, <snowplow_tracker.self_describing_json.SelfDescribingJson object at 0x00000276CD18DDC0>, <snowplow_tracker.self_describing_json.SelfDescribingJson object at 0x00000276CF213470>]}


============================== 14:25:50.387731 | 9b6516ed-e2a5-419c-8ee3-e99981697799 ==============================
[0m14:25:50.387731 [info ] [MainThread]: Running with dbt=1.10.10
[0m14:25:50.388713 [debug] [MainThread]: running dbt with arguments {'partial_parse': 'True', 'static_parser': 'True', 'send_anonymous_usage_stats': 'True', 'use_colors': 'True', 'cache_selected_only': 'False', 'target_path': 'None', 'version_check': 'True', 'invocation_command': 'dbt debug', 'log_format': 'default', 'warn_error': 'None', 'introspect': 'True', 'debug': 'False', 'printer_width': '80', 'fail_fast': 'False', 'no_print': 'None', 'use_experimental_parser': 'False', 'quiet': 'False', 'empty': 'None', 'log_cache_events': 'False', 'indirect_selection': 'eager', 'log_path': 'C:\\Users\\eriku\\Desktop\\DataenginerSTI2024-2026\\Github\\data_warehouse_lifecycle_de24\\10\\dbt_code\\logs', 'write_json': 'True', 'warn_error_options': 'WarnErrorOptionsV2(error=[], warn=[], silence=[])', 'profiles_dir': 'C:\\Users\\eriku\\.dbt'}
[0m14:25:50.407353 [info ] [MainThread]: dbt version: 1.10.10
[0m14:25:50.408354 [info ] [MainThread]: python version: 3.12.6
[0m14:25:50.408354 [info ] [MainThread]: python path: C:\Users\eriku\Desktop\DataenginerSTI2024-2026\Github\data_warehouse_lifecycle_de24\venv\Scripts\python.exe
[0m14:25:50.409352 [info ] [MainThread]: os info: Windows-11-10.0.26100-SP0
[0m14:25:51.813226 [info ] [MainThread]: Using profiles dir at C:\Users\eriku\.dbt
[0m14:25:51.814176 [info ] [MainThread]: Using profiles.yml file at C:\Users\eriku\.dbt\profiles.yml
[0m14:25:51.814956 [info ] [MainThread]: Using dbt_project.yml file at C:\Users\eriku\Desktop\DataenginerSTI2024-2026\Github\data_warehouse_lifecycle_de24\10\dbt_code\dbt_project.yml
[0m14:25:51.817026 [info ] [MainThread]: adapter type: snowflake
[0m14:25:51.818031 [info ] [MainThread]: adapter version: 1.10.0
[0m14:25:51.953077 [info ] [MainThread]: Configuration:
[0m14:25:51.953077 [info ] [MainThread]:   profiles.yml file [[32mOK found and valid[0m]
[0m14:25:51.954078 [info ] [MainThread]:   dbt_project.yml file [[32mOK found and valid[0m]
[0m14:25:51.955331 [info ] [MainThread]: Required dependencies:
[0m14:25:51.955331 [debug] [MainThread]: Executing "git --help"
[0m14:25:51.976633 [debug] [MainThread]: STDOUT: "b"usage: git [-v | --version] [-h | --help] [-C <path>] [-c <name>=<value>]\n           [--exec-path[=<path>]] [--html-path] [--man-path] [--info-path]\n           [-p | --paginate | -P | --no-pager] [--no-replace-objects] [--no-lazy-fetch]\n           [--no-optional-locks] [--no-advice] [--bare] [--git-dir=<path>]\n           [--work-tree=<path>] [--namespace=<name>] [--config-env=<name>=<envvar>]\n           <command> [<args>]\n\nThese are common Git commands used in various situations:\n\nstart a working area (see also: git help tutorial)\n   clone     Clone a repository into a new directory\n   init      Create an empty Git repository or reinitialize an existing one\n\nwork on the current change (see also: git help everyday)\n   add       Add file contents to the index\n   mv        Move or rename a file, a directory, or a symlink\n   restore   Restore working tree files\n   rm        Remove files from the working tree and from the index\n\nexamine the history and state (see also: git help revisions)\n   bisect    Use binary search to find the commit that introduced a bug\n   diff      Show changes between commits, commit and working tree, etc\n   grep      Print lines matching a pattern\n   log       Show commit logs\n   show      Show various types of objects\n   status    Show the working tree status\n\ngrow, mark and tweak your common history\n   branch    List, create, or delete branches\n   commit    Record changes to the repository\n   merge     Join two or more development histories together\n   rebase    Reapply commits on top of another base tip\n   reset     Reset current HEAD to the specified state\n   switch    Switch branches\n   tag       Create, list, delete or verify a tag object signed with GPG\n\ncollaborate (see also: git help workflows)\n   fetch     Download objects and refs from another repository\n   pull      Fetch from and integrate with another repository or a local branch\n   push      Update remote refs along with associated objects\n\n'git help -a' and 'git help -g' list available subcommands and some\nconcept guides. See 'git help <command>' or 'git help <concept>'\nto read about a specific subcommand or concept.\nSee 'git help git' for an overview of the system.\n""
[0m14:25:51.977769 [debug] [MainThread]: STDERR: "b''"
[0m14:25:51.977769 [info ] [MainThread]:  - git [[32mOK found[0m]

[0m14:25:51.978769 [info ] [MainThread]: Connection:
[0m14:25:51.979783 [info ] [MainThread]:   account: ma68735.west-europe.azure
[0m14:25:51.980768 [info ] [MainThread]:   user: transformer
[0m14:25:51.981766 [info ] [MainThread]:   database: job_ads
[0m14:25:51.981766 [info ] [MainThread]:   warehouse: dev_wh
[0m14:25:51.982768 [info ] [MainThread]:   role: job_ads_dbt_role
[0m14:25:51.982768 [info ] [MainThread]:   schema: warehouse
[0m14:25:51.983765 [info ] [MainThread]:   authenticator: None
[0m14:25:51.984767 [info ] [MainThread]:   oauth_client_id: None
[0m14:25:51.985784 [info ] [MainThread]:   query_tag: None
[0m14:25:51.987777 [info ] [MainThread]:   client_session_keep_alive: False
[0m14:25:51.988773 [info ] [MainThread]:   host: None
[0m14:25:51.989766 [info ] [MainThread]:   port: None
[0m14:25:51.990771 [info ] [MainThread]:   proxy_host: None
[0m14:25:51.990771 [info ] [MainThread]:   proxy_port: None
[0m14:25:51.990771 [info ] [MainThread]:   protocol: None
[0m14:25:51.991799 [info ] [MainThread]:   connect_retries: 1
[0m14:25:51.991799 [info ] [MainThread]:   connect_timeout: None
[0m14:25:51.992767 [info ] [MainThread]:   retry_on_database_errors: False
[0m14:25:51.992767 [info ] [MainThread]:   retry_all: False
[0m14:25:51.993767 [info ] [MainThread]:   insecure_mode: False
[0m14:25:51.994765 [info ] [MainThread]:   reuse_connections: True
[0m14:25:51.994765 [info ] [MainThread]:   s3_stage_vpce_dns_name: None
[0m14:25:51.995767 [info ] [MainThread]: Registered adapter: snowflake=1.10.0
[0m14:25:52.675576 [debug] [MainThread]: Acquiring new snowflake connection 'debug'
[0m14:25:52.724610 [debug] [MainThread]: Using snowflake connection "debug"
[0m14:25:52.725605 [debug] [MainThread]: On debug: select 1 as id
[0m14:25:52.725605 [debug] [MainThread]: Opening a new connection, currently in state init
[0m14:25:55.468746 [debug] [MainThread]: Snowflake adapter: Error running SQL: select 1 as id
[0m14:25:55.468746 [debug] [MainThread]: Snowflake adapter: Rolling back transaction.
[0m14:25:55.469745 [info ] [MainThread]:   Connection test: [[31mERROR[0m]

[0m14:25:55.469745 [info ] [MainThread]: [31m1 check failed:[0m
[0m14:25:55.470744 [info ] [MainThread]: dbt was unable to connect to the specified database.
The database returned the following error:

  >Database Error
  250001 (08001): Failed to connect to DB: ma68735.west-europe.azure.snowflakecomputing.com:443. Incorrect username or password was specified.

Check your database credentials and try again. For more information, visit:
https://docs.getdbt.com/docs/configure-your-profile


[0m14:25:55.471745 [debug] [MainThread]: Command `dbt debug` failed at 14:25:55.471745 after 5.23 seconds
[0m14:25:55.471745 [debug] [MainThread]: Connection 'debug' was left open.
[0m14:25:55.472745 [debug] [MainThread]: On debug: No close available on handle
[0m14:25:55.472745 [debug] [MainThread]: Sending event: {'category': 'dbt', 'action': 'invocation', 'label': 'end', 'context': [<snowplow_tracker.self_describing_json.SelfDescribingJson object at 0x00000276D0402570>, <snowplow_tracker.self_describing_json.SelfDescribingJson object at 0x00000276E0743FB0>, <snowplow_tracker.self_describing_json.SelfDescribingJson object at 0x00000276E2537920>]}
[0m14:25:55.472745 [debug] [MainThread]: Flushing usage events
[0m14:25:56.387077 [debug] [MainThread]: An error was encountered while trying to flush usage events
[0m18:21:08.065756 [debug] [MainThread]: Sending event: {'category': 'dbt', 'action': 'invocation', 'label': 'start', 'context': [<snowplow_tracker.self_describing_json.SelfDescribingJson object at 0x00000168DCABE8D0>, <snowplow_tracker.self_describing_json.SelfDescribingJson object at 0x00000168DD845BB0>, <snowplow_tracker.self_describing_json.SelfDescribingJson object at 0x00000168DA9C4B00>]}


============================== 18:21:08.071753 | d2fb5c56-b792-4037-9ba1-83eaa3f4ec0d ==============================
[0m18:21:08.071753 [info ] [MainThread]: Running with dbt=1.10.10
[0m18:21:08.072762 [debug] [MainThread]: running dbt with arguments {'partial_parse': 'True', 'write_json': 'True', 'send_anonymous_usage_stats': 'True', 'version_check': 'True', 'cache_selected_only': 'False', 'target_path': 'None', 'warn_error': 'None', 'invocation_command': 'dbt ', 'log_format': 'default', 'use_colors': 'True', 'introspect': 'True', 'debug': 'False', 'log_cache_events': 'False', 'fail_fast': 'False', 'no_print': 'None', 'quiet': 'False', 'use_experimental_parser': 'False', 'printer_width': '80', 'empty': 'None', 'log_path': 'c:\\Users\\eriku\\Desktop\\DataenginerSTI2024-2026\\Github\\data_warehouse_lifecycle_de24\\10\\dbt_code\\logs', 'indirect_selection': 'eager', 'profiles_dir': 'C:\\Users\\eriku\\.dbt', 'static_parser': 'True', 'warn_error_options': 'WarnErrorOptionsV2(error=[], warn=[], silence=[])'}
[0m18:21:08.333260 [debug] [MainThread]: Sending event: {'category': 'dbt', 'action': 'project_id', 'label': 'd2fb5c56-b792-4037-9ba1-83eaa3f4ec0d', 'context': [<snowplow_tracker.self_describing_json.SelfDescribingJson object at 0x00000168DDB9A840>]}
[0m18:21:08.466542 [debug] [MainThread]: Set downloads directory='C:\Users\eriku\AppData\Local\Temp\dbt-downloads-m4_nxqmd'
[0m18:21:08.467545 [debug] [MainThread]: Making package index registry request: GET https://hub.getdbt.com/api/v1/index.json
[0m18:21:08.524642 [debug] [MainThread]: Response from registry index: GET https://hub.getdbt.com/api/v1/index.json 200
[0m18:21:08.525639 [debug] [MainThread]: Making package registry request: GET https://hub.getdbt.com/api/v1/dbt-labs/dbt_utils.json
[0m18:21:08.570519 [debug] [MainThread]: Response from registry: GET https://hub.getdbt.com/api/v1/dbt-labs/dbt_utils.json 200
[0m18:21:08.578494 [info ] [MainThread]: Installing dbt-labs/dbt_utils
[0m18:21:09.365541 [info ] [MainThread]: Installed from version 1.2.0
[0m18:21:09.366544 [info ] [MainThread]: Updated version available: 1.3.0
[0m18:21:09.367542 [debug] [MainThread]: Sending event: {'category': 'dbt', 'action': 'package', 'label': 'd2fb5c56-b792-4037-9ba1-83eaa3f4ec0d', 'property_': 'install', 'context': [<snowplow_tracker.self_describing_json.SelfDescribingJson object at 0x00000168DEDEAC90>, <snowplow_tracker.self_describing_json.SelfDescribingJson object at 0x00000168DEDEA450>]}
[0m18:21:09.368541 [info ] [MainThread]: 
[0m18:21:09.369541 [info ] [MainThread]: Updates available for packages: ['dbt-labs/dbt_utils']                 
Update your versions in packages.yml, then run dbt deps
[0m18:21:09.373543 [debug] [MainThread]: Command `cli deps` succeeded at 18:21:09.373543 after 1.53 seconds
[0m18:21:09.374544 [debug] [MainThread]: Sending event: {'category': 'dbt', 'action': 'invocation', 'label': 'end', 'context': [<snowplow_tracker.self_describing_json.SelfDescribingJson object at 0x00000168DA9C4B00>, <snowplow_tracker.self_describing_json.SelfDescribingJson object at 0x00000168DD592120>, <snowplow_tracker.self_describing_json.SelfDescribingJson object at 0x00000168DD593530>]}
[0m18:21:09.375545 [debug] [MainThread]: Flushing usage events
[0m18:21:10.307056 [debug] [MainThread]: An error was encountered while trying to flush usage events
[0m13:32:55.939846 [debug] [MainThread]: Sending event: {'category': 'dbt', 'action': 'invocation', 'label': 'start', 'context': [<snowplow_tracker.self_describing_json.SelfDescribingJson object at 0x000001F90FD9CFE0>, <snowplow_tracker.self_describing_json.SelfDescribingJson object at 0x000001F90F829910>, <snowplow_tracker.self_describing_json.SelfDescribingJson object at 0x000001F90F829790>]}


============================== 13:32:55.943844 | 06ad240c-4a58-473e-a364-636e15085b7a ==============================
[0m13:32:55.943844 [info ] [MainThread]: Running with dbt=1.10.10
[0m13:32:55.944850 [debug] [MainThread]: running dbt with arguments {'partial_parse': 'True', 'write_json': 'True', 'send_anonymous_usage_stats': 'True', 'version_check': 'True', 'cache_selected_only': 'False', 'target_path': 'None', 'warn_error': 'None', 'invocation_command': 'dbt ', 'log_format': 'default', 'use_colors': 'True', 'introspect': 'True', 'debug': 'False', 'printer_width': '80', 'fail_fast': 'False', 'no_print': 'None', 'empty': 'None', 'use_experimental_parser': 'False', 'quiet': 'False', 'log_cache_events': 'False', 'indirect_selection': 'eager', 'log_path': 'c:\\Users\\eriku\\Desktop\\DataenginerSTI2024-2026\\Github\\data_warehouse_lifecycle_de24\\10\\dbt_code\\logs', 'profiles_dir': 'C:\\Users\\eriku\\.dbt', 'static_parser': 'True', 'warn_error_options': 'WarnErrorOptionsV2(error=[], warn=[], silence=[])'}
[0m13:32:56.091266 [debug] [MainThread]: Sending event: {'category': 'dbt', 'action': 'project_id', 'label': '06ad240c-4a58-473e-a364-636e15085b7a', 'context': [<snowplow_tracker.self_describing_json.SelfDescribingJson object at 0x000001F9114956D0>]}
[0m13:32:56.209587 [debug] [MainThread]: Set downloads directory='C:\Users\eriku\AppData\Local\Temp\dbt-downloads-9yqb2thn'
[0m13:32:56.210781 [debug] [MainThread]: Making package index registry request: GET https://hub.getdbt.com/api/v1/index.json
[0m13:32:56.343012 [debug] [MainThread]: Response from registry index: GET https://hub.getdbt.com/api/v1/index.json 200
[0m13:32:56.345028 [debug] [MainThread]: Making package registry request: GET https://hub.getdbt.com/api/v1/dbt-labs/dbt_utils.json
[0m13:32:56.383201 [debug] [MainThread]: Response from registry: GET https://hub.getdbt.com/api/v1/dbt-labs/dbt_utils.json 200
[0m13:32:56.392191 [info ] [MainThread]: Installing dbt-labs/dbt_utils
[0m13:32:56.998554 [info ] [MainThread]: Installed from version 1.2.0
[0m13:32:56.998554 [info ] [MainThread]: Updated version available: 1.3.0
[0m13:32:56.999922 [debug] [MainThread]: Sending event: {'category': 'dbt', 'action': 'package', 'label': '06ad240c-4a58-473e-a364-636e15085b7a', 'property_': 'install', 'context': [<snowplow_tracker.self_describing_json.SelfDescribingJson object at 0x000001F9115C0C50>, <snowplow_tracker.self_describing_json.SelfDescribingJson object at 0x000001F9115C1FD0>]}
[0m13:32:57.000931 [info ] [MainThread]: 
[0m13:32:57.000931 [info ] [MainThread]: Updates available for packages: ['dbt-labs/dbt_utils']                 
Update your versions in packages.yml, then run dbt deps
[0m13:32:57.003930 [debug] [MainThread]: Command `cli deps` succeeded at 13:32:57.002931 after 1.20 seconds
[0m13:32:57.003930 [debug] [MainThread]: Sending event: {'category': 'dbt', 'action': 'invocation', 'label': 'end', 'context': [<snowplow_tracker.self_describing_json.SelfDescribingJson object at 0x000001F91045B470>, <snowplow_tracker.self_describing_json.SelfDescribingJson object at 0x000001F90FE538F0>, <snowplow_tracker.self_describing_json.SelfDescribingJson object at 0x000001F90FE51400>]}
[0m13:32:57.004929 [debug] [MainThread]: Flushing usage events
[0m13:32:57.743093 [debug] [MainThread]: An error was encountered while trying to flush usage events
[0m15:53:53.179371 [debug] [MainThread]: Sending event: {'category': 'dbt', 'action': 'invocation', 'label': 'start', 'context': [<snowplow_tracker.self_describing_json.SelfDescribingJson object at 0x0000014AA0EA6CF0>, <snowplow_tracker.self_describing_json.SelfDescribingJson object at 0x0000014A9E338980>, <snowplow_tracker.self_describing_json.SelfDescribingJson object at 0x0000014AA0F09430>]}


============================== 15:53:53.183372 | 0aabdb8d-25c8-4f6c-af71-67a78457b862 ==============================
[0m15:53:53.183372 [info ] [MainThread]: Running with dbt=1.10.10
[0m15:53:53.184371 [debug] [MainThread]: running dbt with arguments {'partial_parse': 'True', 'static_parser': 'True', 'send_anonymous_usage_stats': 'True', 'warn_error': 'None', 'cache_selected_only': 'False', 'target_path': 'None', 'version_check': 'True', 'invocation_command': 'dbt ', 'log_format': 'default', 'use_colors': 'True', 'introspect': 'True', 'debug': 'False', 'log_cache_events': 'False', 'fail_fast': 'False', 'no_print': 'None', 'empty': 'None', 'use_experimental_parser': 'False', 'quiet': 'False', 'printer_width': '80', 'indirect_selection': 'eager', 'log_path': 'c:\\Users\\eriku\\Desktop\\DataenginerSTI2024-2026\\Github\\data_warehouse_lifecycle_de24\\10\\dbt_code\\logs', 'write_json': 'True', 'warn_error_options': 'WarnErrorOptionsV2(error=[], warn=[], silence=[])', 'profiles_dir': 'C:\\Users\\eriku\\.dbt'}
[0m15:53:53.320095 [debug] [MainThread]: Sending event: {'category': 'dbt', 'action': 'project_id', 'label': '0aabdb8d-25c8-4f6c-af71-67a78457b862', 'context': [<snowplow_tracker.self_describing_json.SelfDescribingJson object at 0x0000014AA25494C0>]}
[0m15:53:53.417223 [debug] [MainThread]: Set downloads directory='C:\Users\eriku\AppData\Local\Temp\dbt-downloads-stj_v1iw'
[0m15:53:53.418229 [debug] [MainThread]: Making package index registry request: GET https://hub.getdbt.com/api/v1/index.json
[0m15:53:53.483331 [debug] [MainThread]: Response from registry index: GET https://hub.getdbt.com/api/v1/index.json 200
[0m15:53:53.484331 [debug] [MainThread]: Making package registry request: GET https://hub.getdbt.com/api/v1/dbt-labs/dbt_utils.json
[0m15:53:53.505573 [debug] [MainThread]: Response from registry: GET https://hub.getdbt.com/api/v1/dbt-labs/dbt_utils.json 200
[0m15:53:53.513026 [info ] [MainThread]: Installing dbt-labs/dbt_utils
[0m15:53:54.105576 [info ] [MainThread]: Installed from version 1.2.0
[0m15:53:54.106575 [info ] [MainThread]: Updated version available: 1.3.0
[0m15:53:54.106575 [debug] [MainThread]: Sending event: {'category': 'dbt', 'action': 'package', 'label': '0aabdb8d-25c8-4f6c-af71-67a78457b862', 'property_': 'install', 'context': [<snowplow_tracker.self_describing_json.SelfDescribingJson object at 0x0000014AA25CDD30>, <snowplow_tracker.self_describing_json.SelfDescribingJson object at 0x0000014AA26FE150>]}
[0m15:53:54.107577 [info ] [MainThread]: 
[0m15:53:54.108575 [info ] [MainThread]: Updates available for packages: ['dbt-labs/dbt_utils']                 
Update your versions in packages.yml, then run dbt deps
[0m15:53:54.110575 [debug] [MainThread]: Command `cli deps` succeeded at 15:53:54.110575 after 1.08 seconds
[0m15:53:54.110575 [debug] [MainThread]: Sending event: {'category': 'dbt', 'action': 'invocation', 'label': 'end', 'context': [<snowplow_tracker.self_describing_json.SelfDescribingJson object at 0x0000014AA1384B60>, <snowplow_tracker.self_describing_json.SelfDescribingJson object at 0x0000014AA150B3E0>, <snowplow_tracker.self_describing_json.SelfDescribingJson object at 0x0000014AA13E1C70>]}
[0m15:53:54.111575 [debug] [MainThread]: Flushing usage events
[0m15:53:54.558729 [debug] [MainThread]: An error was encountered while trying to flush usage events
[0m10:01:34.522328 [debug] [MainThread]: Sending event: {'category': 'dbt', 'action': 'invocation', 'label': 'start', 'context': [<snowplow_tracker.self_describing_json.SelfDescribingJson object at 0x000001FD4DD228A0>, <snowplow_tracker.self_describing_json.SelfDescribingJson object at 0x000001FD50663530>, <snowplow_tracker.self_describing_json.SelfDescribingJson object at 0x000001FD50345370>]}


============================== 10:01:34.530534 | 8eea67bf-b822-4272-b43d-2c176a2b32cf ==============================
[0m10:01:34.530534 [info ] [MainThread]: Running with dbt=1.10.10
[0m10:01:34.531855 [debug] [MainThread]: running dbt with arguments {'partial_parse': 'True', 'static_parser': 'True', 'send_anonymous_usage_stats': 'True', 'use_colors': 'True', 'cache_selected_only': 'False', 'target_path': 'None', 'warn_error': 'None', 'invocation_command': 'dbt ', 'log_format': 'default', 'version_check': 'True', 'introspect': 'True', 'debug': 'False', 'log_cache_events': 'False', 'fail_fast': 'False', 'no_print': 'None', 'use_experimental_parser': 'False', 'empty': 'None', 'quiet': 'False', 'printer_width': '80', 'indirect_selection': 'eager', 'log_path': 'c:\\Users\\eriku\\Desktop\\DataenginerSTI2024-2026\\Github\\data_warehouse_lifecycle_de24\\10\\dbt_code\\logs', 'profiles_dir': 'C:\\Users\\eriku\\.dbt', 'warn_error_options': 'WarnErrorOptionsV2(error=[], warn=[], silence=[])', 'write_json': 'True'}
[0m10:01:34.883073 [debug] [MainThread]: Sending event: {'category': 'dbt', 'action': 'project_id', 'label': '8eea67bf-b822-4272-b43d-2c176a2b32cf', 'context': [<snowplow_tracker.self_describing_json.SelfDescribingJson object at 0x000001FD4DE5B9B0>]}
[0m10:01:35.051025 [debug] [MainThread]: Set downloads directory='C:\Users\eriku\AppData\Local\Temp\dbt-downloads-ccvh8b33'
[0m10:01:35.053037 [debug] [MainThread]: Making package index registry request: GET https://hub.getdbt.com/api/v1/index.json
[0m10:01:36.672733 [debug] [MainThread]: Response from registry index: GET https://hub.getdbt.com/api/v1/index.json 200
[0m10:01:36.674740 [debug] [MainThread]: Making package registry request: GET https://hub.getdbt.com/api/v1/dbt-labs/dbt_utils.json
[0m10:01:38.067756 [debug] [MainThread]: Response from registry: GET https://hub.getdbt.com/api/v1/dbt-labs/dbt_utils.json 200
[0m10:01:38.083318 [info ] [MainThread]: Installing dbt-labs/dbt_utils
[0m10:01:41.373717 [info ] [MainThread]: Installed from version 1.2.0
[0m10:01:41.373717 [info ] [MainThread]: Updated version available: 1.3.0
[0m10:01:41.373717 [debug] [MainThread]: Sending event: {'category': 'dbt', 'action': 'package', 'label': '8eea67bf-b822-4272-b43d-2c176a2b32cf', 'property_': 'install', 'context': [<snowplow_tracker.self_describing_json.SelfDescribingJson object at 0x000001FD4E341520>, <snowplow_tracker.self_describing_json.SelfDescribingJson object at 0x000001FD5245F500>]}
[0m10:01:41.375726 [info ] [MainThread]: 
[0m10:01:41.376731 [info ] [MainThread]: Updates available for packages: ['dbt-labs/dbt_utils']                 
Update your versions in packages.yml, then run dbt deps
[0m10:01:41.378614 [debug] [MainThread]: Command `cli deps` succeeded at 10:01:41.378614 after 7.13 seconds
[0m10:01:41.378614 [debug] [MainThread]: Sending event: {'category': 'dbt', 'action': 'invocation', 'label': 'end', 'context': [<snowplow_tracker.self_describing_json.SelfDescribingJson object at 0x000001FD50F82A80>, <snowplow_tracker.self_describing_json.SelfDescribingJson object at 0x000001FD520C9610>, <snowplow_tracker.self_describing_json.SelfDescribingJson object at 0x000001FD4E341520>]}
[0m10:01:41.378614 [debug] [MainThread]: Flushing usage events
[0m10:01:43.605277 [debug] [MainThread]: An error was encountered while trying to flush usage events
[0m11:59:44.832256 [debug] [MainThread]: Sending event: {'category': 'dbt', 'action': 'invocation', 'label': 'start', 'context': [<snowplow_tracker.self_describing_json.SelfDescribingJson object at 0x000002C7608DA1E0>, <snowplow_tracker.self_describing_json.SelfDescribingJson object at 0x000002C75F92C590>, <snowplow_tracker.self_describing_json.SelfDescribingJson object at 0x000002C7608B38C0>]}


============================== 11:59:44.839275 | c23d0fbb-86a5-460e-8635-1a39acc92954 ==============================
[0m11:59:44.839275 [info ] [MainThread]: Running with dbt=1.10.10
[0m11:59:44.841117 [debug] [MainThread]: running dbt with arguments {'partial_parse': 'True', 'profiles_dir': 'C:\\Users\\eriku\\.dbt', 'send_anonymous_usage_stats': 'True', 'use_colors': 'True', 'cache_selected_only': 'False', 'target_path': 'None', 'version_check': 'True', 'invocation_command': 'dbt ', 'log_format': 'default', 'warn_error': 'None', 'introspect': 'True', 'debug': 'False', 'log_cache_events': 'False', 'fail_fast': 'False', 'no_print': 'None', 'quiet': 'False', 'use_experimental_parser': 'False', 'empty': 'None', 'printer_width': '80', 'indirect_selection': 'eager', 'log_path': 'c:\\Users\\eriku\\Desktop\\DataenginerSTI2024-2026\\Github\\data_warehouse_lifecycle_de24\\10\\dbt_code\\logs', 'write_json': 'True', 'static_parser': 'True', 'warn_error_options': 'WarnErrorOptionsV2(error=[], warn=[], silence=[])'}
[0m11:59:45.056213 [debug] [MainThread]: Sending event: {'category': 'dbt', 'action': 'project_id', 'label': 'c23d0fbb-86a5-460e-8635-1a39acc92954', 'context': [<snowplow_tracker.self_describing_json.SelfDescribingJson object at 0x000002C760A3AAE0>]}
[0m11:59:45.171058 [debug] [MainThread]: Set downloads directory='C:\Users\eriku\AppData\Local\Temp\dbt-downloads-loraw_ds'
[0m11:59:45.171571 [debug] [MainThread]: Making package index registry request: GET https://hub.getdbt.com/api/v1/index.json
[0m11:59:45.406772 [debug] [MainThread]: Response from registry index: GET https://hub.getdbt.com/api/v1/index.json 200
[0m11:59:45.408924 [debug] [MainThread]: Making package registry request: GET https://hub.getdbt.com/api/v1/dbt-labs/dbt_utils.json
[0m11:59:45.646129 [debug] [MainThread]: Response from registry: GET https://hub.getdbt.com/api/v1/dbt-labs/dbt_utils.json 200
[0m11:59:45.653154 [info ] [MainThread]: Installing dbt-labs/dbt_utils
[0m11:59:46.616965 [info ] [MainThread]: Installed from version 1.2.0
[0m11:59:46.616965 [info ] [MainThread]: Updated version available: 1.3.0
[0m11:59:46.618420 [debug] [MainThread]: Sending event: {'category': 'dbt', 'action': 'package', 'label': 'c23d0fbb-86a5-460e-8635-1a39acc92954', 'property_': 'install', 'context': [<snowplow_tracker.self_describing_json.SelfDescribingJson object at 0x000002C75DAD0230>, <snowplow_tracker.self_describing_json.SelfDescribingJson object at 0x000002C760A3B8C0>]}
[0m11:59:46.618925 [info ] [MainThread]: 
[0m11:59:46.623949 [info ] [MainThread]: Updates available for packages: ['dbt-labs/dbt_utils']                 
Update your versions in packages.yml, then run dbt deps
[0m11:59:46.630029 [debug] [MainThread]: Command `cli deps` succeeded at 11:59:46.630029 after 1.98 seconds
[0m11:59:46.632039 [debug] [MainThread]: Sending event: {'category': 'dbt', 'action': 'invocation', 'label': 'end', 'context': [<snowplow_tracker.self_describing_json.SelfDescribingJson object at 0x000002C75FD5E990>, <snowplow_tracker.self_describing_json.SelfDescribingJson object at 0x000002C75FD5FE30>, <snowplow_tracker.self_describing_json.SelfDescribingJson object at 0x000002C75FD5FFB0>]}
[0m11:59:46.632039 [debug] [MainThread]: Flushing usage events
[0m11:59:47.355228 [debug] [MainThread]: An error was encountered while trying to flush usage events
[0m15:33:31.473130 [debug] [MainThread]: Sending event: {'category': 'dbt', 'action': 'invocation', 'label': 'start', 'context': [<snowplow_tracker.self_describing_json.SelfDescribingJson object at 0x00000239AE132630>, <snowplow_tracker.self_describing_json.SelfDescribingJson object at 0x00000239B0DB64E0>, <snowplow_tracker.self_describing_json.SelfDescribingJson object at 0x00000239B0DB4620>]}


============================== 15:33:31.478864 | b65bd2fa-b96b-464e-a909-820c0a1109d5 ==============================
[0m15:33:31.478864 [info ] [MainThread]: Running with dbt=1.10.10
[0m15:33:31.478864 [debug] [MainThread]: running dbt with arguments {'partial_parse': 'True', 'write_json': 'True', 'send_anonymous_usage_stats': 'True', 'version_check': 'True', 'cache_selected_only': 'False', 'target_path': 'None', 'warn_error': 'None', 'invocation_command': 'dbt ', 'log_format': 'default', 'use_colors': 'True', 'introspect': 'True', 'debug': 'False', 'printer_width': '80', 'fail_fast': 'False', 'no_print': 'None', 'quiet': 'False', 'log_cache_events': 'False', 'use_experimental_parser': 'False', 'empty': 'None', 'indirect_selection': 'eager', 'log_path': 'c:\\Users\\eriku\\Desktop\\DataenginerSTI2024-2026\\Github\\data_warehouse_lifecycle_de24\\10\\dbt_code\\logs', 'profiles_dir': 'C:\\Users\\eriku\\.dbt', 'warn_error_options': 'WarnErrorOptionsV2(error=[], warn=[], silence=[])', 'static_parser': 'True'}
[0m15:33:31.657554 [debug] [MainThread]: Sending event: {'category': 'dbt', 'action': 'project_id', 'label': 'b65bd2fa-b96b-464e-a909-820c0a1109d5', 'context': [<snowplow_tracker.self_describing_json.SelfDescribingJson object at 0x00000239B256EB70>]}
[0m15:33:31.751220 [debug] [MainThread]: Set downloads directory='C:\Users\eriku\AppData\Local\Temp\dbt-downloads-9h8jrsta'
[0m15:33:31.752227 [debug] [MainThread]: Making package index registry request: GET https://hub.getdbt.com/api/v1/index.json
[0m15:33:32.252073 [debug] [MainThread]: Response from registry index: GET https://hub.getdbt.com/api/v1/index.json 200
[0m15:33:32.254473 [debug] [MainThread]: Making package registry request: GET https://hub.getdbt.com/api/v1/dbt-labs/dbt_utils.json
[0m15:33:32.658688 [debug] [MainThread]: Response from registry: GET https://hub.getdbt.com/api/v1/dbt-labs/dbt_utils.json 200
[0m15:33:32.662685 [info ] [MainThread]: Installing dbt-labs/dbt_utils
[0m15:33:33.692326 [info ] [MainThread]: Installed from version 1.2.0
[0m15:33:33.693328 [info ] [MainThread]: Updated version available: 1.3.0
[0m15:33:33.693328 [debug] [MainThread]: Sending event: {'category': 'dbt', 'action': 'package', 'label': 'b65bd2fa-b96b-464e-a909-820c0a1109d5', 'property_': 'install', 'context': [<snowplow_tracker.self_describing_json.SelfDescribingJson object at 0x00000239B28C62D0>, <snowplow_tracker.self_describing_json.SelfDescribingJson object at 0x00000239B23DB860>]}
[0m15:33:33.694327 [info ] [MainThread]: 
[0m15:33:33.694327 [info ] [MainThread]: Updates available for packages: ['dbt-labs/dbt_utils']                 
Update your versions in packages.yml, then run dbt deps
[0m15:33:33.696654 [debug] [MainThread]: Command `cli deps` succeeded at 15:33:33.696654 after 2.36 seconds
[0m15:33:33.697653 [debug] [MainThread]: Sending event: {'category': 'dbt', 'action': 'invocation', 'label': 'end', 'context': [<snowplow_tracker.self_describing_json.SelfDescribingJson object at 0x00000239B0FB8410>, <snowplow_tracker.self_describing_json.SelfDescribingJson object at 0x00000239B248BE00>, <snowplow_tracker.self_describing_json.SelfDescribingJson object at 0x00000239B0DB71A0>]}
[0m15:33:33.698653 [debug] [MainThread]: Flushing usage events
[0m15:33:34.856921 [debug] [MainThread]: An error was encountered while trying to flush usage events
[0m15:45:31.115754 [debug] [MainThread]: Sending event: {'category': 'dbt', 'action': 'invocation', 'label': 'start', 'context': [<snowplow_tracker.self_describing_json.SelfDescribingJson object at 0x0000017CFB105670>, <snowplow_tracker.self_describing_json.SelfDescribingJson object at 0x0000017CF8BE7C80>, <snowplow_tracker.self_describing_json.SelfDescribingJson object at 0x0000017CFB71C170>]}


============================== 15:45:31.123027 | d06f7b0b-aeee-447f-b52e-ec5a6310bdfd ==============================
[0m15:45:31.123027 [info ] [MainThread]: Running with dbt=1.10.10
[0m15:45:31.124023 [debug] [MainThread]: running dbt with arguments {'partial_parse': 'True', 'write_json': 'True', 'send_anonymous_usage_stats': 'True', 'version_check': 'True', 'cache_selected_only': 'False', 'target_path': 'None', 'warn_error': 'None', 'invocation_command': 'dbt ', 'log_format': 'default', 'use_colors': 'True', 'introspect': 'True', 'debug': 'False', 'printer_width': '80', 'fail_fast': 'False', 'no_print': 'None', 'empty': 'None', 'log_cache_events': 'False', 'quiet': 'False', 'use_experimental_parser': 'False', 'indirect_selection': 'eager', 'log_path': 'c:\\Users\\eriku\\Desktop\\DataenginerSTI2024-2026\\Github\\data_warehouse_lifecycle_de24\\10\\dbt_code\\logs', 'profiles_dir': 'C:\\Users\\eriku\\.dbt', 'warn_error_options': 'WarnErrorOptionsV2(error=[], warn=[], silence=[])', 'static_parser': 'True'}
[0m15:45:31.409296 [debug] [MainThread]: Sending event: {'category': 'dbt', 'action': 'project_id', 'label': 'd06f7b0b-aeee-447f-b52e-ec5a6310bdfd', 'context': [<snowplow_tracker.self_describing_json.SelfDescribingJson object at 0x0000017CFB105670>]}
[0m15:45:31.624385 [debug] [MainThread]: Set downloads directory='C:\Users\eriku\AppData\Local\Temp\dbt-downloads-p7nnsb9e'
[0m15:45:31.625397 [debug] [MainThread]: Making package index registry request: GET https://hub.getdbt.com/api/v1/index.json
[0m15:45:31.794661 [debug] [MainThread]: Response from registry index: GET https://hub.getdbt.com/api/v1/index.json 200
[0m15:45:31.797229 [debug] [MainThread]: Making package registry request: GET https://hub.getdbt.com/api/v1/dbt-labs/dbt_utils.json
[0m15:45:31.861652 [debug] [MainThread]: Response from registry: GET https://hub.getdbt.com/api/v1/dbt-labs/dbt_utils.json 200
[0m15:45:31.873146 [info ] [MainThread]: Installing dbt-labs/dbt_utils
[0m15:45:33.619205 [info ] [MainThread]: Installed from version 1.2.0
[0m15:45:33.621210 [info ] [MainThread]: Updated version available: 1.3.0
[0m15:45:33.622206 [debug] [MainThread]: Sending event: {'category': 'dbt', 'action': 'package', 'label': 'd06f7b0b-aeee-447f-b52e-ec5a6310bdfd', 'property_': 'install', 'context': [<snowplow_tracker.self_describing_json.SelfDescribingJson object at 0x0000017CFD129E50>, <snowplow_tracker.self_describing_json.SelfDescribingJson object at 0x0000017CFD12B530>]}
[0m15:45:33.623208 [info ] [MainThread]: 
[0m15:45:33.624204 [info ] [MainThread]: Updates available for packages: ['dbt-labs/dbt_utils']                 
Update your versions in packages.yml, then run dbt deps
[0m15:45:33.627204 [debug] [MainThread]: Command `cli deps` succeeded at 15:45:33.627204 after 2.73 seconds
[0m15:45:33.628205 [debug] [MainThread]: Sending event: {'category': 'dbt', 'action': 'invocation', 'label': 'end', 'context': [<snowplow_tracker.self_describing_json.SelfDescribingJson object at 0x0000017CFB2EC740>, <snowplow_tracker.self_describing_json.SelfDescribingJson object at 0x0000017CFBC29970>, <snowplow_tracker.self_describing_json.SelfDescribingJson object at 0x0000017CFAC13110>]}
[0m15:45:33.629204 [debug] [MainThread]: Flushing usage events
[0m15:45:34.628707 [debug] [MainThread]: An error was encountered while trying to flush usage events
[0m16:09:27.128792 [debug] [MainThread]: Sending event: {'category': 'dbt', 'action': 'invocation', 'label': 'start', 'context': [<snowplow_tracker.self_describing_json.SelfDescribingJson object at 0x000002221BBC2900>, <snowplow_tracker.self_describing_json.SelfDescribingJson object at 0x000002221E6B1AC0>, <snowplow_tracker.self_describing_json.SelfDescribingJson object at 0x000002221E6B17F0>]}


============================== 16:09:27.146751 | cc2a4f1b-205c-46d2-ae72-71bcd132625b ==============================
[0m16:09:27.146751 [info ] [MainThread]: Running with dbt=1.10.10
[0m16:09:27.147750 [debug] [MainThread]: running dbt with arguments {'partial_parse': 'True', 'static_parser': 'True', 'send_anonymous_usage_stats': 'True', 'version_check': 'True', 'cache_selected_only': 'False', 'target_path': 'None', 'warn_error': 'None', 'invocation_command': 'dbt ', 'log_format': 'default', 'use_colors': 'True', 'introspect': 'True', 'debug': 'False', 'log_cache_events': 'False', 'fail_fast': 'False', 'no_print': 'None', 'use_experimental_parser': 'False', 'quiet': 'False', 'printer_width': '80', 'empty': 'None', 'log_path': 'c:\\Users\\eriku\\Desktop\\DataenginerSTI2024-2026\\Github\\data_warehouse_lifecycle_de24\\10\\dbt_code\\logs', 'indirect_selection': 'eager', 'write_json': 'True', 'warn_error_options': 'WarnErrorOptionsV2(error=[], warn=[], silence=[])', 'profiles_dir': 'C:\\Users\\eriku\\.dbt'}
[0m16:09:27.329844 [debug] [MainThread]: Sending event: {'category': 'dbt', 'action': 'project_id', 'label': 'cc2a4f1b-205c-46d2-ae72-71bcd132625b', 'context': [<snowplow_tracker.self_describing_json.SelfDescribingJson object at 0x000002221BD0B9E0>]}
[0m16:09:27.450171 [debug] [MainThread]: Set downloads directory='C:\Users\eriku\AppData\Local\Temp\dbt-downloads-2bsl832d'
[0m16:09:27.450171 [debug] [MainThread]: Making package index registry request: GET https://hub.getdbt.com/api/v1/index.json
[0m16:09:27.962154 [debug] [MainThread]: Response from registry index: GET https://hub.getdbt.com/api/v1/index.json 200
[0m16:09:27.963036 [debug] [MainThread]: Making package registry request: GET https://hub.getdbt.com/api/v1/dbt-labs/dbt_utils.json
[0m16:09:28.351398 [debug] [MainThread]: Response from registry: GET https://hub.getdbt.com/api/v1/dbt-labs/dbt_utils.json 200
[0m16:09:28.355477 [info ] [MainThread]: Installing dbt-labs/dbt_utils
[0m16:09:29.738125 [error] [MainThread]: Encountered an error:
[WinError 32] Det går inte att komma åt filen eftersom den
används av en annan process: 'dbt_packages\\dbt-utils-1.2.0'
[0m16:09:30.010295 [error] [MainThread]: Traceback (most recent call last):
  File "C:\Users\eriku\AppData\Local\Programs\Python\Python312\Lib\shutil.py", line 847, in move
    os.rename(src, real_dst)
PermissionError: [WinError 5] Åtkomst nekad: 'dbt_packages\\dbt-utils-1.2.0' -> 'dbt_packages\\dbt_utils'

During handling of the above exception, another exception occurred:

Traceback (most recent call last):
  File "C:\Users\eriku\Desktop\DataenginerSTI2024-2026\Github\data_warehouse_lifecycle_de24\venv\Lib\site-packages\dbt\cli\requires.py", line 178, in wrapper
    result, success = func(*args, **kwargs)
                      ^^^^^^^^^^^^^^^^^^^^^
  File "C:\Users\eriku\Desktop\DataenginerSTI2024-2026\Github\data_warehouse_lifecycle_de24\venv\Lib\site-packages\dbt\cli\requires.py", line 128, in wrapper
    return func(*args, **kwargs)
           ^^^^^^^^^^^^^^^^^^^^^
  File "C:\Users\eriku\Desktop\DataenginerSTI2024-2026\Github\data_warehouse_lifecycle_de24\venv\Lib\site-packages\dbt\cli\requires.py", line 254, in wrapper
    return func(*args, **kwargs)
           ^^^^^^^^^^^^^^^^^^^^^
  File "C:\Users\eriku\Desktop\DataenginerSTI2024-2026\Github\data_warehouse_lifecycle_de24\venv\Lib\site-packages\dbt\cli\requires.py", line 303, in wrapper
    return func(*args, **kwargs)
           ^^^^^^^^^^^^^^^^^^^^^
  File "C:\Users\eriku\Desktop\DataenginerSTI2024-2026\Github\data_warehouse_lifecycle_de24\venv\Lib\site-packages\dbt\cli\main.py", line 461, in deps
    results = task.run()
              ^^^^^^^^^^
  File "C:\Users\eriku\Desktop\DataenginerSTI2024-2026\Github\data_warehouse_lifecycle_de24\venv\Lib\site-packages\dbt\task\deps.py", line 258, in run
    package.install(self.project, renderer)
  File "C:\Users\eriku\Desktop\DataenginerSTI2024-2026\Github\data_warehouse_lifecycle_de24\venv\Lib\site-packages\dbt\deps\registry.py", line 63, in install
    self._install(project, renderer)
  File "C:\Users\eriku\Desktop\DataenginerSTI2024-2026\Github\data_warehouse_lifecycle_de24\venv\Lib\site-packages\dbt\deps\base.py", line 121, in _install
    connection_exception_retry(download_untar_fn, 5)
  File "C:\Users\eriku\Desktop\DataenginerSTI2024-2026\Github\data_warehouse_lifecycle_de24\venv\Lib\site-packages\dbt_common\utils\connection.py", line 22, in connection_exception_retry
    return fn()
           ^^^^
  File "C:\Users\eriku\Desktop\DataenginerSTI2024-2026\Github\data_warehouse_lifecycle_de24\venv\Lib\site-packages\dbt\deps\base.py", line 133, in download_and_untar
    system.untar_package(tar_path, deps_path, package_name)
  File "C:\Users\eriku\Desktop\DataenginerSTI2024-2026\Github\data_warehouse_lifecycle_de24\venv\Lib\site-packages\dbt_common\clients\system.py", line 646, in untar_package
    dbt_common.clients.system.rename(downloaded_path, desired_path, force=True)
  File "C:\Users\eriku\Desktop\DataenginerSTI2024-2026\Github\data_warehouse_lifecycle_de24\venv\Lib\site-packages\dbt_common\clients\system.py", line 609, in rename
    shutil.move(from_path, to_path)
  File "C:\Users\eriku\AppData\Local\Programs\Python\Python312\Lib\shutil.py", line 865, in move
    rmtree(src)
  File "C:\Users\eriku\AppData\Local\Programs\Python\Python312\Lib\shutil.py", line 781, in rmtree
    return _rmtree_unsafe(path, onexc)
           ^^^^^^^^^^^^^^^^^^^^^^^^^^^
  File "C:\Users\eriku\AppData\Local\Programs\Python\Python312\Lib\shutil.py", line 639, in _rmtree_unsafe
    onexc(os.rmdir, path, err)
  File "C:\Users\eriku\AppData\Local\Programs\Python\Python312\Lib\shutil.py", line 637, in _rmtree_unsafe
    os.rmdir(path)
PermissionError: [WinError 32] Det går inte att komma åt filen eftersom den
används av en annan process: 'dbt_packages\\dbt-utils-1.2.0'

[0m16:09:30.014391 [debug] [MainThread]: Command `cli deps` failed at 16:09:30.013282 after 3.04 seconds
[0m16:09:30.016402 [debug] [MainThread]: Sending event: {'category': 'dbt', 'action': 'invocation', 'label': 'end', 'context': [<snowplow_tracker.self_describing_json.SelfDescribingJson object at 0x000002221E6B17F0>, <snowplow_tracker.self_describing_json.SelfDescribingJson object at 0x00000222203C7110>, <snowplow_tracker.self_describing_json.SelfDescribingJson object at 0x0000022220368DA0>]}
[0m16:09:30.017401 [debug] [MainThread]: Flushing usage events
[0m16:09:31.611939 [debug] [MainThread]: An error was encountered while trying to flush usage events
[0m10:41:30.098786 [debug] [MainThread]: Sending event: {'category': 'dbt', 'action': 'invocation', 'label': 'start', 'context': [<snowplow_tracker.self_describing_json.SelfDescribingJson object at 0x0000017631ED50D0>, <snowplow_tracker.self_describing_json.SelfDescribingJson object at 0x0000017631ED68D0>, <snowplow_tracker.self_describing_json.SelfDescribingJson object at 0x0000017631ED75C0>]}


============================== 10:41:30.105409 | e1ba884c-d7e3-4078-af5a-3e9b25b244c4 ==============================
[0m10:41:30.105409 [info ] [MainThread]: Running with dbt=1.10.10
[0m10:41:30.105409 [debug] [MainThread]: running dbt with arguments {'partial_parse': 'True', 'static_parser': 'True', 'send_anonymous_usage_stats': 'True', 'version_check': 'True', 'cache_selected_only': 'False', 'target_path': 'None', 'use_colors': 'True', 'invocation_command': 'dbt ', 'log_format': 'default', 'warn_error': 'None', 'introspect': 'True', 'debug': 'False', 'log_cache_events': 'False', 'fail_fast': 'False', 'no_print': 'None', 'quiet': 'False', 'printer_width': '80', 'use_experimental_parser': 'False', 'empty': 'None', 'log_path': 'c:\\Users\\eriku\\Desktop\\DataenginerSTI2024-2026\\Github\\data_warehouse_lifecycle_de24\\10\\dbt_code\\logs', 'indirect_selection': 'eager', 'write_json': 'True', 'warn_error_options': 'WarnErrorOptionsV2(error=[], warn=[], silence=[])', 'profiles_dir': 'C:\\Users\\eriku\\.dbt'}
[0m10:41:30.417840 [debug] [MainThread]: Sending event: {'category': 'dbt', 'action': 'project_id', 'label': 'e1ba884c-d7e3-4078-af5a-3e9b25b244c4', 'context': [<snowplow_tracker.self_describing_json.SelfDescribingJson object at 0x000001763112EF90>]}
[0m10:42:22.755616 [debug] [MainThread]: Set downloads directory='C:\Users\eriku\AppData\Local\Temp\dbt-downloads-zi4ilcsp'
[0m10:42:22.755616 [debug] [MainThread]: Making package index registry request: GET https://hub.getdbt.com/api/v1/index.json
[0m10:42:23.621739 [debug] [MainThread]: Response from registry index: GET https://hub.getdbt.com/api/v1/index.json 200
[0m10:42:23.626462 [debug] [MainThread]: Making package registry request: GET https://hub.getdbt.com/api/v1/dbt-labs/dbt_utils.json
[0m10:42:24.130184 [debug] [MainThread]: Response from registry: GET https://hub.getdbt.com/api/v1/dbt-labs/dbt_utils.json 200
[0m10:42:24.145109 [info ] [MainThread]: Installing dbt-labs/dbt_utils
[0m10:42:25.219714 [info ] [MainThread]: Installed from version 1.2.0
[0m10:42:25.219714 [info ] [MainThread]: Updated version available: 1.3.0
[0m10:42:25.219714 [debug] [MainThread]: Sending event: {'category': 'dbt', 'action': 'package', 'label': 'e1ba884c-d7e3-4078-af5a-3e9b25b244c4', 'property_': 'install', 'context': [<snowplow_tracker.self_describing_json.SelfDescribingJson object at 0x000001763337D970>, <snowplow_tracker.self_describing_json.SelfDescribingJson object at 0x00000176333F6B70>]}
[0m10:42:25.228145 [info ] [MainThread]: 
[0m10:42:25.228145 [info ] [MainThread]: Updates available for packages: ['dbt-labs/dbt_utils']                 
Update your versions in packages.yml, then run dbt deps
[0m10:42:25.231936 [debug] [MainThread]: Command `cli deps` succeeded at 10:42:25.228145 after 55.41 seconds
[0m10:42:25.231936 [debug] [MainThread]: Sending event: {'category': 'dbt', 'action': 'invocation', 'label': 'end', 'context': [<snowplow_tracker.self_describing_json.SelfDescribingJson object at 0x0000017631C050D0>, <snowplow_tracker.self_describing_json.SelfDescribingJson object at 0x000001763112EF90>, <snowplow_tracker.self_describing_json.SelfDescribingJson object at 0x0000017631FDB980>]}
[0m10:42:25.231936 [debug] [MainThread]: Flushing usage events
[0m10:42:26.522080 [debug] [MainThread]: An error was encountered while trying to flush usage events
[0m15:32:47.073414 [debug] [MainThread]: Sending event: {'category': 'dbt', 'action': 'invocation', 'label': 'start', 'context': [<snowplow_tracker.self_describing_json.SelfDescribingJson object at 0x0000024999BA3770>, <snowplow_tracker.self_describing_json.SelfDescribingJson object at 0x0000024996AA29F0>, <snowplow_tracker.self_describing_json.SelfDescribingJson object at 0x00000249997EAC30>]}


============================== 15:32:47.080908 | 18bf3994-cd16-47a7-9310-7de1e45a1af5 ==============================
[0m15:32:47.080908 [info ] [MainThread]: Running with dbt=1.10.10
[0m15:32:47.080908 [debug] [MainThread]: running dbt with arguments {'partial_parse': 'True', 'warn_error_options': 'WarnErrorOptionsV2(error=[], warn=[], silence=[])', 'send_anonymous_usage_stats': 'True', 'warn_error': 'None', 'cache_selected_only': 'False', 'target_path': 'None', 'version_check': 'True', 'invocation_command': 'dbt ', 'log_format': 'default', 'use_colors': 'True', 'introspect': 'True', 'debug': 'False', 'log_cache_events': 'False', 'fail_fast': 'False', 'no_print': 'None', 'use_experimental_parser': 'False', 'empty': 'None', 'quiet': 'False', 'printer_width': '80', 'indirect_selection': 'eager', 'log_path': 'c:\\Users\\eriku\\Desktop\\DataenginerSTI2024-2026\\Github\\data_warehouse_lifecycle_de24\\10\\dbt_code\\logs', 'profiles_dir': 'C:\\Users\\eriku\\.dbt', 'static_parser': 'True', 'write_json': 'True'}
[0m15:32:47.337199 [debug] [MainThread]: Sending event: {'category': 'dbt', 'action': 'project_id', 'label': '18bf3994-cd16-47a7-9310-7de1e45a1af5', 'context': [<snowplow_tracker.self_describing_json.SelfDescribingJson object at 0x0000024996BEBAA0>]}
[0m15:32:47.527228 [debug] [MainThread]: Set downloads directory='C:\Users\eriku\AppData\Local\Temp\dbt-downloads-mjnww52w'
[0m15:32:47.527732 [debug] [MainThread]: Making package index registry request: GET https://hub.getdbt.com/api/v1/index.json
[0m15:32:48.222903 [debug] [MainThread]: Response from registry index: GET https://hub.getdbt.com/api/v1/index.json 200
[0m15:32:48.225565 [debug] [MainThread]: Making package registry request: GET https://hub.getdbt.com/api/v1/dbt-labs/dbt_utils.json
[0m15:32:48.879265 [debug] [MainThread]: Response from registry: GET https://hub.getdbt.com/api/v1/dbt-labs/dbt_utils.json 200
[0m15:32:48.884267 [info ] [MainThread]: Installing dbt-labs/dbt_utils
[0m15:32:49.907653 [info ] [MainThread]: Installed from version 1.2.0
[0m15:32:49.907653 [info ] [MainThread]: Updated version available: 1.3.0
[0m15:32:49.908633 [debug] [MainThread]: Sending event: {'category': 'dbt', 'action': 'package', 'label': '18bf3994-cd16-47a7-9310-7de1e45a1af5', 'property_': 'install', 'context': [<snowplow_tracker.self_describing_json.SelfDescribingJson object at 0x000002499905FA10>, <snowplow_tracker.self_describing_json.SelfDescribingJson object at 0x000002499B249400>]}
[0m15:32:49.908633 [info ] [MainThread]: 
[0m15:32:49.909631 [info ] [MainThread]: Updates available for packages: ['dbt-labs/dbt_utils']                 
Update your versions in packages.yml, then run dbt deps
[0m15:32:49.912420 [debug] [MainThread]: Command `cli deps` succeeded at 15:32:49.912420 after 3.05 seconds
[0m15:32:49.912420 [debug] [MainThread]: Sending event: {'category': 'dbt', 'action': 'invocation', 'label': 'end', 'context': [<snowplow_tracker.self_describing_json.SelfDescribingJson object at 0x000002499992BFB0>, <snowplow_tracker.self_describing_json.SelfDescribingJson object at 0x00000249996EF320>, <snowplow_tracker.self_describing_json.SelfDescribingJson object at 0x000002499998A300>]}
[0m15:32:49.912420 [debug] [MainThread]: Flushing usage events
[0m15:32:50.758305 [debug] [MainThread]: An error was encountered while trying to flush usage events
[0m18:17:00.171734 [debug] [MainThread]: Sending event: {'category': 'dbt', 'action': 'invocation', 'label': 'start', 'context': [<snowplow_tracker.self_describing_json.SelfDescribingJson object at 0x0000023D1F202600>, <snowplow_tracker.self_describing_json.SelfDescribingJson object at 0x0000023D21E8A5D0>, <snowplow_tracker.self_describing_json.SelfDescribingJson object at 0x0000023D21E8B080>]}


============================== 18:17:00.171734 | cec97ca8-67c4-456e-8f95-04343004676d ==============================
[0m18:17:00.171734 [info ] [MainThread]: Running with dbt=1.10.10
[0m18:17:00.178843 [debug] [MainThread]: running dbt with arguments {'partial_parse': 'True', 'static_parser': 'True', 'send_anonymous_usage_stats': 'True', 'use_colors': 'True', 'cache_selected_only': 'False', 'target_path': 'None', 'warn_error': 'None', 'invocation_command': 'dbt ', 'log_format': 'default', 'version_check': 'True', 'introspect': 'True', 'debug': 'False', 'printer_width': '80', 'fail_fast': 'False', 'no_print': 'None', 'quiet': 'False', 'use_experimental_parser': 'False', 'empty': 'None', 'log_cache_events': 'False', 'indirect_selection': 'eager', 'log_path': 'c:\\Users\\eriku\\Desktop\\DataenginerSTI2024-2026\\Github\\data_warehouse_lifecycle_de24\\10\\dbt_code\\logs', 'profiles_dir': 'C:\\Users\\eriku\\.dbt', 'warn_error_options': 'WarnErrorOptionsV2(error=[], warn=[], silence=[])', 'write_json': 'True'}
[0m18:17:00.421436 [debug] [MainThread]: Sending event: {'category': 'dbt', 'action': 'project_id', 'label': 'cec97ca8-67c4-456e-8f95-04343004676d', 'context': [<snowplow_tracker.self_describing_json.SelfDescribingJson object at 0x0000023D1F34B6E0>]}
[0m18:17:00.540648 [debug] [MainThread]: Set downloads directory='C:\Users\eriku\AppData\Local\Temp\dbt-downloads-wnorpb92'
[0m18:17:00.542619 [debug] [MainThread]: Making package index registry request: GET https://hub.getdbt.com/api/v1/index.json
[0m18:17:01.146988 [debug] [MainThread]: Response from registry index: GET https://hub.getdbt.com/api/v1/index.json 200
[0m18:17:01.146988 [debug] [MainThread]: Making package registry request: GET https://hub.getdbt.com/api/v1/dbt-labs/dbt_utils.json
[0m18:17:01.833657 [debug] [MainThread]: Response from registry: GET https://hub.getdbt.com/api/v1/dbt-labs/dbt_utils.json 200
[0m18:17:01.841323 [info ] [MainThread]: Installing dbt-labs/dbt_utils
[0m18:17:04.840007 [error] [MainThread]: Encountered an error:
[WinError 32] Det går inte att komma åt filen eftersom den
används av en annan process: 'dbt_packages\\dbt-utils-1.2.0\\integration_tests'
[0m18:17:08.235645 [error] [MainThread]: Traceback (most recent call last):
  File "C:\Users\eriku\AppData\Local\Programs\Python\Python312\Lib\shutil.py", line 847, in move
    os.rename(src, real_dst)
PermissionError: [WinError 5] Åtkomst nekad: 'dbt_packages\\dbt-utils-1.2.0' -> 'dbt_packages\\dbt_utils'

During handling of the above exception, another exception occurred:

Traceback (most recent call last):
  File "C:\Users\eriku\Desktop\DataenginerSTI2024-2026\Github\data_warehouse_lifecycle_de24\venv\Lib\site-packages\dbt\cli\requires.py", line 178, in wrapper
    result, success = func(*args, **kwargs)
                      ^^^^^^^^^^^^^^^^^^^^^
  File "C:\Users\eriku\Desktop\DataenginerSTI2024-2026\Github\data_warehouse_lifecycle_de24\venv\Lib\site-packages\dbt\cli\requires.py", line 128, in wrapper
    return func(*args, **kwargs)
           ^^^^^^^^^^^^^^^^^^^^^
  File "C:\Users\eriku\Desktop\DataenginerSTI2024-2026\Github\data_warehouse_lifecycle_de24\venv\Lib\site-packages\dbt\cli\requires.py", line 254, in wrapper
    return func(*args, **kwargs)
           ^^^^^^^^^^^^^^^^^^^^^
  File "C:\Users\eriku\Desktop\DataenginerSTI2024-2026\Github\data_warehouse_lifecycle_de24\venv\Lib\site-packages\dbt\cli\requires.py", line 303, in wrapper
    return func(*args, **kwargs)
           ^^^^^^^^^^^^^^^^^^^^^
  File "C:\Users\eriku\Desktop\DataenginerSTI2024-2026\Github\data_warehouse_lifecycle_de24\venv\Lib\site-packages\dbt\cli\main.py", line 461, in deps
    results = task.run()
              ^^^^^^^^^^
  File "C:\Users\eriku\Desktop\DataenginerSTI2024-2026\Github\data_warehouse_lifecycle_de24\venv\Lib\site-packages\dbt\task\deps.py", line 258, in run
    package.install(self.project, renderer)
  File "C:\Users\eriku\Desktop\DataenginerSTI2024-2026\Github\data_warehouse_lifecycle_de24\venv\Lib\site-packages\dbt\deps\registry.py", line 63, in install
    self._install(project, renderer)
  File "C:\Users\eriku\Desktop\DataenginerSTI2024-2026\Github\data_warehouse_lifecycle_de24\venv\Lib\site-packages\dbt\deps\base.py", line 121, in _install
    connection_exception_retry(download_untar_fn, 5)
  File "C:\Users\eriku\Desktop\DataenginerSTI2024-2026\Github\data_warehouse_lifecycle_de24\venv\Lib\site-packages\dbt_common\utils\connection.py", line 22, in connection_exception_retry
    return fn()
           ^^^^
  File "C:\Users\eriku\Desktop\DataenginerSTI2024-2026\Github\data_warehouse_lifecycle_de24\venv\Lib\site-packages\dbt\deps\base.py", line 133, in download_and_untar
    system.untar_package(tar_path, deps_path, package_name)
  File "C:\Users\eriku\Desktop\DataenginerSTI2024-2026\Github\data_warehouse_lifecycle_de24\venv\Lib\site-packages\dbt_common\clients\system.py", line 646, in untar_package
    dbt_common.clients.system.rename(downloaded_path, desired_path, force=True)
  File "C:\Users\eriku\Desktop\DataenginerSTI2024-2026\Github\data_warehouse_lifecycle_de24\venv\Lib\site-packages\dbt_common\clients\system.py", line 609, in rename
    shutil.move(from_path, to_path)
  File "C:\Users\eriku\AppData\Local\Programs\Python\Python312\Lib\shutil.py", line 865, in move
    rmtree(src)
  File "C:\Users\eriku\AppData\Local\Programs\Python\Python312\Lib\shutil.py", line 781, in rmtree
    return _rmtree_unsafe(path, onexc)
           ^^^^^^^^^^^^^^^^^^^^^^^^^^^
  File "C:\Users\eriku\AppData\Local\Programs\Python\Python312\Lib\shutil.py", line 629, in _rmtree_unsafe
    onexc(os.rmdir, fullname, err)
  File "C:\Users\eriku\AppData\Local\Programs\Python\Python312\Lib\shutil.py", line 627, in _rmtree_unsafe
    os.rmdir(fullname)
PermissionError: [WinError 32] Det går inte att komma åt filen eftersom den
används av en annan process: 'dbt_packages\\dbt-utils-1.2.0\\integration_tests'

[0m18:17:08.238903 [debug] [MainThread]: Command `cli deps` failed at 18:17:08.238903 after 8.29 seconds
[0m18:17:08.240034 [debug] [MainThread]: Sending event: {'category': 'dbt', 'action': 'invocation', 'label': 'end', 'context': [<snowplow_tracker.self_describing_json.SelfDescribingJson object at 0x0000023D22331460>, <snowplow_tracker.self_describing_json.SelfDescribingJson object at 0x0000023D222FF560>, <snowplow_tracker.self_describing_json.SelfDescribingJson object at 0x0000023D235F0920>]}
[0m18:17:08.240034 [debug] [MainThread]: Flushing usage events
[0m18:17:09.641851 [debug] [MainThread]: An error was encountered while trying to flush usage events
[0m21:08:19.316246 [debug] [MainThread]: Sending event: {'category': 'dbt', 'action': 'invocation', 'label': 'start', 'context': [<snowplow_tracker.self_describing_json.SelfDescribingJson object at 0x000001F7B7689B50>, <snowplow_tracker.self_describing_json.SelfDescribingJson object at 0x000001F7B44C26F0>, <snowplow_tracker.self_describing_json.SelfDescribingJson object at 0x000001F7B75F14C0>]}


============================== 21:08:19.322244 | e2ea6404-a2db-4b4a-bd11-b2b6ef612eee ==============================
[0m21:08:19.322244 [info ] [MainThread]: Running with dbt=1.10.10
[0m21:08:19.323244 [debug] [MainThread]: running dbt with arguments {'partial_parse': 'True', 'write_json': 'True', 'send_anonymous_usage_stats': 'True', 'warn_error': 'None', 'cache_selected_only': 'False', 'target_path': 'None', 'version_check': 'True', 'invocation_command': 'dbt ', 'log_format': 'default', 'use_colors': 'True', 'introspect': 'True', 'debug': 'False', 'printer_width': '80', 'fail_fast': 'False', 'no_print': 'None', 'use_experimental_parser': 'False', 'quiet': 'False', 'empty': 'None', 'log_cache_events': 'False', 'log_path': 'c:\\Users\\eriku\\Desktop\\DataenginerSTI2024-2026\\Github\\data_warehouse_lifecycle_de24\\10\\dbt_code\\logs', 'indirect_selection': 'eager', 'profiles_dir': 'C:\\Users\\eriku\\.dbt', 'warn_error_options': 'WarnErrorOptionsV2(error=[], warn=[], silence=[])', 'static_parser': 'True'}
[0m21:08:19.528513 [debug] [MainThread]: Sending event: {'category': 'dbt', 'action': 'project_id', 'label': 'e2ea6404-a2db-4b4a-bd11-b2b6ef612eee', 'context': [<snowplow_tracker.self_describing_json.SelfDescribingJson object at 0x000001F7B4EDF350>]}
[0m21:08:48.185072 [debug] [MainThread]: Set downloads directory='C:\Users\eriku\AppData\Local\Temp\dbt-downloads-9u2ms0i5'
[0m21:08:48.185072 [debug] [MainThread]: Making package index registry request: GET https://hub.getdbt.com/api/v1/index.json
[0m21:08:48.553863 [debug] [MainThread]: Response from registry index: GET https://hub.getdbt.com/api/v1/index.json 200
[0m21:08:48.554883 [debug] [MainThread]: Making package registry request: GET https://hub.getdbt.com/api/v1/dbt-labs/dbt_utils.json
[0m21:08:49.019048 [debug] [MainThread]: Response from registry: GET https://hub.getdbt.com/api/v1/dbt-labs/dbt_utils.json 200
[0m21:08:49.025132 [info ] [MainThread]: Installing dbt-labs/dbt_utils
[0m21:08:49.785124 [info ] [MainThread]: Installed from version 1.2.0
[0m21:08:49.785124 [info ] [MainThread]: Updated version available: 1.3.0
[0m21:08:49.786107 [debug] [MainThread]: Sending event: {'category': 'dbt', 'action': 'package', 'label': 'e2ea6404-a2db-4b4a-bd11-b2b6ef612eee', 'property_': 'install', 'context': [<snowplow_tracker.self_describing_json.SelfDescribingJson object at 0x000001F7B8BD6210>, <snowplow_tracker.self_describing_json.SelfDescribingJson object at 0x000001F7B73FD370>]}
[0m21:08:49.786107 [info ] [MainThread]: 
[0m21:08:49.786107 [info ] [MainThread]: Updates available for packages: ['dbt-labs/dbt_utils']                 
Update your versions in packages.yml, then run dbt deps
[0m21:08:49.788106 [debug] [MainThread]: Command `cli deps` succeeded at 21:08:49.788106 after 30.64 seconds
[0m21:08:49.788106 [debug] [MainThread]: Sending event: {'category': 'dbt', 'action': 'invocation', 'label': 'end', 'context': [<snowplow_tracker.self_describing_json.SelfDescribingJson object at 0x000001F7B70DABA0>, <snowplow_tracker.self_describing_json.SelfDescribingJson object at 0x000001F7B70DAD20>, <snowplow_tracker.self_describing_json.SelfDescribingJson object at 0x000001F7B70DB9E0>]}
[0m21:08:49.789131 [debug] [MainThread]: Flushing usage events
[0m21:08:50.823080 [debug] [MainThread]: An error was encountered while trying to flush usage events
[0m12:15:12.816941 [debug] [MainThread]: Sending event: {'category': 'dbt', 'action': 'invocation', 'label': 'start', 'context': [<snowplow_tracker.self_describing_json.SelfDescribingJson object at 0x000001FE96EC2720>, <snowplow_tracker.self_describing_json.SelfDescribingJson object at 0x000001FE99B474D0>, <snowplow_tracker.self_describing_json.SelfDescribingJson object at 0x000001FE99B447D0>]}


============================== 12:15:12.822943 | dcdded0e-fd55-4662-8353-a4677b4e463c ==============================
[0m12:15:12.822943 [info ] [MainThread]: Running with dbt=1.10.10
[0m12:15:12.822943 [debug] [MainThread]: running dbt with arguments {'partial_parse': 'True', 'warn_error_options': 'WarnErrorOptionsV2(error=[], warn=[], silence=[])', 'send_anonymous_usage_stats': 'True', 'version_check': 'True', 'cache_selected_only': 'False', 'target_path': 'None', 'use_colors': 'True', 'invocation_command': 'dbt ', 'log_format': 'default', 'warn_error': 'None', 'introspect': 'True', 'debug': 'False', 'printer_width': '80', 'fail_fast': 'False', 'no_print': 'None', 'quiet': 'False', 'use_experimental_parser': 'False', 'empty': 'None', 'log_cache_events': 'False', 'indirect_selection': 'eager', 'log_path': 'c:\\Users\\eriku\\Desktop\\DataenginerSTI2024-2026\\Github\\data_warehouse_lifecycle_de24\\10\\dbt_code\\logs', 'write_json': 'True', 'static_parser': 'True', 'profiles_dir': 'C:\\Users\\eriku\\.dbt'}
[0m12:15:13.008127 [debug] [MainThread]: Sending event: {'category': 'dbt', 'action': 'project_id', 'label': 'dcdded0e-fd55-4662-8353-a4677b4e463c', 'context': [<snowplow_tracker.self_describing_json.SelfDescribingJson object at 0x000001FE9B28D370>]}
[0m12:15:13.110317 [debug] [MainThread]: Set downloads directory='C:\Users\eriku\AppData\Local\Temp\dbt-downloads-758ya59k'
[0m12:15:13.110317 [debug] [MainThread]: Making package index registry request: GET https://hub.getdbt.com/api/v1/index.json
[0m12:15:13.634618 [debug] [MainThread]: Response from registry index: GET https://hub.getdbt.com/api/v1/index.json 200
[0m12:15:13.637616 [debug] [MainThread]: Making package registry request: GET https://hub.getdbt.com/api/v1/dbt-labs/dbt_utils.json
[0m12:15:14.120546 [debug] [MainThread]: Response from registry: GET https://hub.getdbt.com/api/v1/dbt-labs/dbt_utils.json 200
[0m12:15:14.125549 [info ] [MainThread]: Installing dbt-labs/dbt_utils
[0m12:15:16.624682 [error] [MainThread]: Encountered an error:
[WinError 32] Det går inte att komma åt filen eftersom den
används av en annan process: 'dbt_packages\\dbt-utils-1.2.0'
[0m12:15:17.588798 [error] [MainThread]: Traceback (most recent call last):
  File "C:\Users\eriku\AppData\Local\Programs\Python\Python312\Lib\shutil.py", line 847, in move
    os.rename(src, real_dst)
PermissionError: [WinError 5] Åtkomst nekad: 'dbt_packages\\dbt-utils-1.2.0' -> 'dbt_packages\\dbt_utils'

During handling of the above exception, another exception occurred:

Traceback (most recent call last):
  File "C:\Users\eriku\Desktop\DataenginerSTI2024-2026\Github\data_warehouse_lifecycle_de24\venv\Lib\site-packages\dbt\cli\requires.py", line 178, in wrapper
    result, success = func(*args, **kwargs)
                      ^^^^^^^^^^^^^^^^^^^^^
  File "C:\Users\eriku\Desktop\DataenginerSTI2024-2026\Github\data_warehouse_lifecycle_de24\venv\Lib\site-packages\dbt\cli\requires.py", line 128, in wrapper
    return func(*args, **kwargs)
           ^^^^^^^^^^^^^^^^^^^^^
  File "C:\Users\eriku\Desktop\DataenginerSTI2024-2026\Github\data_warehouse_lifecycle_de24\venv\Lib\site-packages\dbt\cli\requires.py", line 254, in wrapper
    return func(*args, **kwargs)
           ^^^^^^^^^^^^^^^^^^^^^
  File "C:\Users\eriku\Desktop\DataenginerSTI2024-2026\Github\data_warehouse_lifecycle_de24\venv\Lib\site-packages\dbt\cli\requires.py", line 303, in wrapper
    return func(*args, **kwargs)
           ^^^^^^^^^^^^^^^^^^^^^
  File "C:\Users\eriku\Desktop\DataenginerSTI2024-2026\Github\data_warehouse_lifecycle_de24\venv\Lib\site-packages\dbt\cli\main.py", line 461, in deps
    results = task.run()
              ^^^^^^^^^^
  File "C:\Users\eriku\Desktop\DataenginerSTI2024-2026\Github\data_warehouse_lifecycle_de24\venv\Lib\site-packages\dbt\task\deps.py", line 258, in run
    package.install(self.project, renderer)
  File "C:\Users\eriku\Desktop\DataenginerSTI2024-2026\Github\data_warehouse_lifecycle_de24\venv\Lib\site-packages\dbt\deps\registry.py", line 63, in install
    self._install(project, renderer)
  File "C:\Users\eriku\Desktop\DataenginerSTI2024-2026\Github\data_warehouse_lifecycle_de24\venv\Lib\site-packages\dbt\deps\base.py", line 121, in _install
    connection_exception_retry(download_untar_fn, 5)
  File "C:\Users\eriku\Desktop\DataenginerSTI2024-2026\Github\data_warehouse_lifecycle_de24\venv\Lib\site-packages\dbt_common\utils\connection.py", line 22, in connection_exception_retry
    return fn()
           ^^^^
  File "C:\Users\eriku\Desktop\DataenginerSTI2024-2026\Github\data_warehouse_lifecycle_de24\venv\Lib\site-packages\dbt\deps\base.py", line 133, in download_and_untar
    system.untar_package(tar_path, deps_path, package_name)
  File "C:\Users\eriku\Desktop\DataenginerSTI2024-2026\Github\data_warehouse_lifecycle_de24\venv\Lib\site-packages\dbt_common\clients\system.py", line 646, in untar_package
    dbt_common.clients.system.rename(downloaded_path, desired_path, force=True)
  File "C:\Users\eriku\Desktop\DataenginerSTI2024-2026\Github\data_warehouse_lifecycle_de24\venv\Lib\site-packages\dbt_common\clients\system.py", line 609, in rename
    shutil.move(from_path, to_path)
  File "C:\Users\eriku\AppData\Local\Programs\Python\Python312\Lib\shutil.py", line 865, in move
    rmtree(src)
  File "C:\Users\eriku\AppData\Local\Programs\Python\Python312\Lib\shutil.py", line 781, in rmtree
    return _rmtree_unsafe(path, onexc)
           ^^^^^^^^^^^^^^^^^^^^^^^^^^^
  File "C:\Users\eriku\AppData\Local\Programs\Python\Python312\Lib\shutil.py", line 639, in _rmtree_unsafe
    onexc(os.rmdir, path, err)
  File "C:\Users\eriku\AppData\Local\Programs\Python\Python312\Lib\shutil.py", line 637, in _rmtree_unsafe
    os.rmdir(path)
PermissionError: [WinError 32] Det går inte att komma åt filen eftersom den
används av en annan process: 'dbt_packages\\dbt-utils-1.2.0'

[0m12:15:17.591800 [debug] [MainThread]: Command `cli deps` failed at 12:15:17.591800 after 4.95 seconds
[0m12:15:17.592797 [debug] [MainThread]: Sending event: {'category': 'dbt', 'action': 'invocation', 'label': 'end', 'context': [<snowplow_tracker.self_describing_json.SelfDescribingJson object at 0x000001FE99B470B0>, <snowplow_tracker.self_describing_json.SelfDescribingJson object at 0x000001FE9A1985C0>, <snowplow_tracker.self_describing_json.SelfDescribingJson object at 0x000001FE9B36DCA0>]}
[0m12:15:17.593796 [debug] [MainThread]: Flushing usage events
[0m12:15:19.593729 [debug] [MainThread]: An error was encountered while trying to flush usage events
[0m11:39:49.975547 [debug] [MainThread]: Sending event: {'category': 'dbt', 'action': 'invocation', 'label': 'start', 'context': [<snowplow_tracker.self_describing_json.SelfDescribingJson object at 0x0000025344A81A30>, <snowplow_tracker.self_describing_json.SelfDescribingJson object at 0x0000025344B72900>, <snowplow_tracker.self_describing_json.SelfDescribingJson object at 0x00000253477F8530>]}


============================== 11:39:49.985694 | 19e76e49-ca5e-4ad3-9a44-699bc7ccc063 ==============================
[0m11:39:49.985694 [info ] [MainThread]: Running with dbt=1.10.10
[0m11:39:49.986773 [debug] [MainThread]: running dbt with arguments {'partial_parse': 'True', 'write_json': 'True', 'send_anonymous_usage_stats': 'True', 'version_check': 'True', 'cache_selected_only': 'False', 'target_path': 'None', 'warn_error': 'None', 'invocation_command': 'dbt ', 'log_format': 'default', 'use_colors': 'True', 'introspect': 'True', 'debug': 'False', 'printer_width': '80', 'fail_fast': 'False', 'no_print': 'None', 'empty': 'None', 'use_experimental_parser': 'False', 'quiet': 'False', 'log_cache_events': 'False', 'log_path': 'c:\\Users\\eriku\\Desktop\\DataenginerSTI2024-2026\\Github\\data_warehouse_lifecycle_de24\\10\\dbt_code\\logs', 'indirect_selection': 'eager', 'profiles_dir': 'C:\\Users\\eriku\\.dbt', 'warn_error_options': 'WarnErrorOptionsV2(error=[], warn=[], silence=[])', 'static_parser': 'True'}
[0m11:39:50.323365 [debug] [MainThread]: Sending event: {'category': 'dbt', 'action': 'project_id', 'label': '19e76e49-ca5e-4ad3-9a44-699bc7ccc063', 'context': [<snowplow_tracker.self_describing_json.SelfDescribingJson object at 0x0000025344CBBB90>]}
[0m11:40:23.052359 [debug] [MainThread]: Set downloads directory='C:\Users\eriku\AppData\Local\Temp\dbt-downloads-ip8x_vz7'
[0m11:40:23.052359 [debug] [MainThread]: Making package index registry request: GET https://hub.getdbt.com/api/v1/index.json
[0m11:40:23.399009 [debug] [MainThread]: Response from registry index: GET https://hub.getdbt.com/api/v1/index.json 200
[0m11:40:23.416079 [debug] [MainThread]: Making package registry request: GET https://hub.getdbt.com/api/v1/dbt-labs/dbt_utils.json
[0m11:40:23.744598 [debug] [MainThread]: Response from registry: GET https://hub.getdbt.com/api/v1/dbt-labs/dbt_utils.json 200
[0m11:40:23.750601 [info ] [MainThread]: Installing dbt-labs/dbt_utils
[0m11:40:24.522731 [info ] [MainThread]: Installed from version 1.2.0
[0m11:40:24.523740 [info ] [MainThread]: Updated version available: 1.3.0
[0m11:40:24.523740 [debug] [MainThread]: Sending event: {'category': 'dbt', 'action': 'package', 'label': '19e76e49-ca5e-4ad3-9a44-699bc7ccc063', 'property_': 'install', 'context': [<snowplow_tracker.self_describing_json.SelfDescribingJson object at 0x000002534926ECF0>, <snowplow_tracker.self_describing_json.SelfDescribingJson object at 0x00000253491FC1D0>]}
[0m11:40:24.524646 [info ] [MainThread]: 
[0m11:40:24.524646 [info ] [MainThread]: Updates available for packages: ['dbt-labs/dbt_utils']                 
Update your versions in packages.yml, then run dbt deps
[0m11:40:24.527722 [debug] [MainThread]: Command `cli deps` succeeded at 11:40:24.526648 after 34.81 seconds
[0m11:40:24.527722 [debug] [MainThread]: Sending event: {'category': 'dbt', 'action': 'invocation', 'label': 'end', 'context': [<snowplow_tracker.self_describing_json.SelfDescribingJson object at 0x0000025347B27530>, <snowplow_tracker.self_describing_json.SelfDescribingJson object at 0x00000253450F18B0>, <snowplow_tracker.self_describing_json.SelfDescribingJson object at 0x0000025347644BC0>]}
[0m11:40:24.527722 [debug] [MainThread]: Flushing usage events
[0m11:40:25.595682 [debug] [MainThread]: An error was encountered while trying to flush usage events
[0m11:44:19.581659 [debug] [MainThread]: Sending event: {'category': 'dbt', 'action': 'invocation', 'label': 'start', 'context': [<snowplow_tracker.self_describing_json.SelfDescribingJson object at 0x00000198AC3B23F0>, <snowplow_tracker.self_describing_json.SelfDescribingJson object at 0x00000198B0287D10>, <snowplow_tracker.self_describing_json.SelfDescribingJson object at 0x00000198B02842C0>]}


============================== 11:44:19.591048 | 6dd30808-3658-4cc8-8e9a-b82797ef5a08 ==============================
[0m11:44:19.591048 [info ] [MainThread]: Running with dbt=1.10.10
[0m11:44:19.592047 [debug] [MainThread]: running dbt with arguments {'partial_parse': 'True', 'profiles_dir': 'C:\\Users\\eriku\\.dbt', 'send_anonymous_usage_stats': 'True', 'warn_error': 'None', 'cache_selected_only': 'False', 'target_path': 'None', 'version_check': 'True', 'invocation_command': 'dbt ', 'log_format': 'default', 'use_colors': 'True', 'introspect': 'True', 'debug': 'False', 'log_cache_events': 'False', 'fail_fast': 'False', 'no_print': 'None', 'use_experimental_parser': 'False', 'quiet': 'False', 'printer_width': '80', 'empty': 'None', 'indirect_selection': 'eager', 'log_path': 'c:\\Users\\eriku\\Desktop\\DataenginerSTI2024-2026\\Github\\data_warehouse_lifecycle_de24\\10\\dbt_code\\logs', 'write_json': 'True', 'warn_error_options': 'WarnErrorOptionsV2(error=[], warn=[], silence=[])', 'static_parser': 'True'}
[0m11:44:20.021996 [debug] [MainThread]: Sending event: {'category': 'dbt', 'action': 'project_id', 'label': '6dd30808-3658-4cc8-8e9a-b82797ef5a08', 'context': [<snowplow_tracker.self_describing_json.SelfDescribingJson object at 0x00000198B02F60C0>]}
[0m11:44:20.338658 [debug] [MainThread]: Set downloads directory='C:\Users\eriku\AppData\Local\Temp\dbt-downloads-3shy5j9z'
[0m11:44:20.340831 [debug] [MainThread]: Making package index registry request: GET https://hub.getdbt.com/api/v1/index.json
[0m11:44:21.538544 [debug] [MainThread]: Response from registry index: GET https://hub.getdbt.com/api/v1/index.json 200
[0m11:44:21.542435 [debug] [MainThread]: Making package registry request: GET https://hub.getdbt.com/api/v1/dbt-labs/dbt_utils.json
[0m11:44:22.521669 [debug] [MainThread]: Response from registry: GET https://hub.getdbt.com/api/v1/dbt-labs/dbt_utils.json 200
[0m11:44:22.533525 [info ] [MainThread]: Installing dbt-labs/dbt_utils
[0m11:44:24.037694 [info ] [MainThread]: Installed from version 1.2.0
[0m11:44:24.039704 [info ] [MainThread]: Updated version available: 1.3.0
[0m11:44:24.039704 [debug] [MainThread]: Sending event: {'category': 'dbt', 'action': 'package', 'label': '6dd30808-3658-4cc8-8e9a-b82797ef5a08', 'property_': 'install', 'context': [<snowplow_tracker.self_describing_json.SelfDescribingJson object at 0x00000198B193F7A0>, <snowplow_tracker.self_describing_json.SelfDescribingJson object at 0x00000198B1D36330>]}
[0m11:44:24.041391 [info ] [MainThread]: 
[0m11:44:24.042144 [info ] [MainThread]: Updates available for packages: ['dbt-labs/dbt_utils']                 
Update your versions in packages.yml, then run dbt deps
[0m11:44:24.045535 [debug] [MainThread]: Command `cli deps` succeeded at 11:44:24.044522 after 4.73 seconds
[0m11:44:24.046533 [debug] [MainThread]: Sending event: {'category': 'dbt', 'action': 'invocation', 'label': 'end', 'context': [<snowplow_tracker.self_describing_json.SelfDescribingJson object at 0x00000198B0831D00>, <snowplow_tracker.self_describing_json.SelfDescribingJson object at 0x00000198B1C70950>, <snowplow_tracker.self_describing_json.SelfDescribingJson object at 0x00000198B1C71160>]}
[0m11:44:24.047532 [debug] [MainThread]: Flushing usage events
[0m11:44:25.464580 [debug] [MainThread]: An error was encountered while trying to flush usage events
[0m18:36:47.483309 [debug] [MainThread]: Sending event: {'category': 'dbt', 'action': 'invocation', 'label': 'start', 'context': [<snowplow_tracker.self_describing_json.SelfDescribingJson object at 0x00000242BF3B2AB0>, <snowplow_tracker.self_describing_json.SelfDescribingJson object at 0x00000242C1FFB4A0>, <snowplow_tracker.self_describing_json.SelfDescribingJson object at 0x00000242C24DEF30>]}


============================== 18:36:47.488308 | 681d7e80-a777-4f1d-8acb-b5d77d4af75f ==============================
[0m18:36:47.488308 [info ] [MainThread]: Running with dbt=1.10.10
[0m18:36:47.489308 [debug] [MainThread]: running dbt with arguments {'partial_parse': 'True', 'write_json': 'True', 'send_anonymous_usage_stats': 'True', 'version_check': 'True', 'cache_selected_only': 'False', 'target_path': 'None', 'warn_error': 'None', 'invocation_command': 'dbt ', 'log_format': 'default', 'use_colors': 'True', 'introspect': 'True', 'debug': 'False', 'printer_width': '80', 'fail_fast': 'False', 'no_print': 'None', 'quiet': 'False', 'empty': 'None', 'log_cache_events': 'False', 'use_experimental_parser': 'False', 'log_path': 'c:\\Users\\eriku\\Desktop\\DataenginerSTI2024-2026\\Github\\data_warehouse_lifecycle_de24\\10\\dbt_code\\logs', 'indirect_selection': 'eager', 'profiles_dir': 'C:\\Users\\eriku\\.dbt', 'warn_error_options': 'WarnErrorOptionsV2(error=[], warn=[], silence=[])', 'static_parser': 'True'}
[0m18:36:47.677652 [debug] [MainThread]: Sending event: {'category': 'dbt', 'action': 'project_id', 'label': '681d7e80-a777-4f1d-8acb-b5d77d4af75f', 'context': [<snowplow_tracker.self_describing_json.SelfDescribingJson object at 0x00000242C2632870>]}
[0m18:36:47.774011 [debug] [MainThread]: Set downloads directory='C:\Users\eriku\AppData\Local\Temp\dbt-downloads-eguyuce2'
[0m18:36:47.775011 [debug] [MainThread]: Making package index registry request: GET https://hub.getdbt.com/api/v1/index.json
[0m18:36:48.324484 [debug] [MainThread]: Response from registry index: GET https://hub.getdbt.com/api/v1/index.json 200
[0m18:36:48.324484 [debug] [MainThread]: Making package registry request: GET https://hub.getdbt.com/api/v1/dbt-labs/dbt_utils.json
[0m18:36:48.856885 [debug] [MainThread]: Response from registry: GET https://hub.getdbt.com/api/v1/dbt-labs/dbt_utils.json 200
[0m18:36:48.865460 [info ] [MainThread]: Installing dbt-labs/dbt_utils
[0m18:36:50.130627 [info ] [MainThread]: Installed from version 1.2.0
[0m18:36:50.134805 [info ] [MainThread]: Updated version available: 1.3.0
[0m18:36:50.136814 [debug] [MainThread]: Sending event: {'category': 'dbt', 'action': 'package', 'label': '681d7e80-a777-4f1d-8acb-b5d77d4af75f', 'property_': 'install', 'context': [<snowplow_tracker.self_describing_json.SelfDescribingJson object at 0x00000242C3A42420>, <snowplow_tracker.self_describing_json.SelfDescribingJson object at 0x00000242C24DEE10>]}
[0m18:36:50.136814 [info ] [MainThread]: 
[0m18:36:50.136814 [info ] [MainThread]: Updates available for packages: ['dbt-labs/dbt_utils']                 
Update your versions in packages.yml, then run dbt deps
[0m18:36:50.138823 [debug] [MainThread]: Command `cli deps` succeeded at 18:36:50.138823 after 2.81 seconds
[0m18:36:50.140425 [debug] [MainThread]: Sending event: {'category': 'dbt', 'action': 'invocation', 'label': 'end', 'context': [<snowplow_tracker.self_describing_json.SelfDescribingJson object at 0x00000242C2036510>, <snowplow_tracker.self_describing_json.SelfDescribingJson object at 0x00000242C20346B0>, <snowplow_tracker.self_describing_json.SelfDescribingJson object at 0x00000242C3B20080>]}
[0m18:36:50.141431 [debug] [MainThread]: Flushing usage events
[0m18:36:51.041341 [debug] [MainThread]: An error was encountered while trying to flush usage events
[0m20:21:18.094055 [debug] [MainThread]: Sending event: {'category': 'dbt', 'action': 'invocation', 'label': 'start', 'context': [<snowplow_tracker.self_describing_json.SelfDescribingJson object at 0x00000249DCC271A0>, <snowplow_tracker.self_describing_json.SelfDescribingJson object at 0x00000249DF8AA930>, <snowplow_tracker.self_describing_json.SelfDescribingJson object at 0x00000249DF8A8B30>]}


============================== 20:21:18.101249 | 30f28d6c-774e-4ca5-8bb3-168bc3c19e32 ==============================
[0m20:21:18.101249 [info ] [MainThread]: Running with dbt=1.10.10
[0m20:21:18.102314 [debug] [MainThread]: running dbt with arguments {'partial_parse': 'True', 'static_parser': 'True', 'send_anonymous_usage_stats': 'True', 'use_colors': 'True', 'cache_selected_only': 'False', 'target_path': 'None', 'warn_error': 'None', 'invocation_command': 'dbt ', 'log_format': 'default', 'version_check': 'True', 'introspect': 'True', 'debug': 'False', 'log_cache_events': 'False', 'fail_fast': 'False', 'no_print': 'None', 'quiet': 'False', 'printer_width': '80', 'empty': 'None', 'use_experimental_parser': 'False', 'indirect_selection': 'eager', 'log_path': 'c:\\Users\\eriku\\Desktop\\DataenginerSTI2024-2026\\Github\\data_warehouse_lifecycle_de24\\10\\dbt_code\\logs', 'write_json': 'True', 'warn_error_options': 'WarnErrorOptionsV2(error=[], warn=[], silence=[])', 'profiles_dir': 'C:\\Users\\eriku\\.dbt'}
[0m20:21:18.284793 [debug] [MainThread]: Sending event: {'category': 'dbt', 'action': 'project_id', 'label': '30f28d6c-774e-4ca5-8bb3-168bc3c19e32', 'context': [<snowplow_tracker.self_describing_json.SelfDescribingJson object at 0x00000249DFFA9E50>]}
[0m20:21:18.393114 [debug] [MainThread]: Set downloads directory='C:\Users\eriku\AppData\Local\Temp\dbt-downloads-nisums0r'
[0m20:21:18.393114 [debug] [MainThread]: Making package index registry request: GET https://hub.getdbt.com/api/v1/index.json
[0m20:21:19.043041 [debug] [MainThread]: Response from registry index: GET https://hub.getdbt.com/api/v1/index.json 200
[0m20:21:19.044956 [debug] [MainThread]: Making package registry request: GET https://hub.getdbt.com/api/v1/dbt-labs/dbt_utils.json
[0m20:21:19.677488 [debug] [MainThread]: Response from registry: GET https://hub.getdbt.com/api/v1/dbt-labs/dbt_utils.json 200
[0m20:21:19.682489 [info ] [MainThread]: Installing dbt-labs/dbt_utils
[0m20:21:21.752270 [error] [MainThread]: Encountered an error:
[WinError 32] Det går inte att komma åt filen eftersom den
används av en annan process: 'dbt_packages\\dbt-utils-1.2.0'
[0m20:21:22.261528 [error] [MainThread]: Traceback (most recent call last):
  File "C:\Users\eriku\AppData\Local\Programs\Python\Python312\Lib\shutil.py", line 847, in move
    os.rename(src, real_dst)
PermissionError: [WinError 5] Åtkomst nekad: 'dbt_packages\\dbt-utils-1.2.0' -> 'dbt_packages\\dbt_utils'

During handling of the above exception, another exception occurred:

Traceback (most recent call last):
  File "C:\Users\eriku\Desktop\DataenginerSTI2024-2026\Github\data_warehouse_lifecycle_de24\venv\Lib\site-packages\dbt\cli\requires.py", line 178, in wrapper
    result, success = func(*args, **kwargs)
                      ^^^^^^^^^^^^^^^^^^^^^
  File "C:\Users\eriku\Desktop\DataenginerSTI2024-2026\Github\data_warehouse_lifecycle_de24\venv\Lib\site-packages\dbt\cli\requires.py", line 128, in wrapper
    return func(*args, **kwargs)
           ^^^^^^^^^^^^^^^^^^^^^
  File "C:\Users\eriku\Desktop\DataenginerSTI2024-2026\Github\data_warehouse_lifecycle_de24\venv\Lib\site-packages\dbt\cli\requires.py", line 254, in wrapper
    return func(*args, **kwargs)
           ^^^^^^^^^^^^^^^^^^^^^
  File "C:\Users\eriku\Desktop\DataenginerSTI2024-2026\Github\data_warehouse_lifecycle_de24\venv\Lib\site-packages\dbt\cli\requires.py", line 303, in wrapper
    return func(*args, **kwargs)
           ^^^^^^^^^^^^^^^^^^^^^
  File "C:\Users\eriku\Desktop\DataenginerSTI2024-2026\Github\data_warehouse_lifecycle_de24\venv\Lib\site-packages\dbt\cli\main.py", line 461, in deps
    results = task.run()
              ^^^^^^^^^^
  File "C:\Users\eriku\Desktop\DataenginerSTI2024-2026\Github\data_warehouse_lifecycle_de24\venv\Lib\site-packages\dbt\task\deps.py", line 258, in run
    package.install(self.project, renderer)
  File "C:\Users\eriku\Desktop\DataenginerSTI2024-2026\Github\data_warehouse_lifecycle_de24\venv\Lib\site-packages\dbt\deps\registry.py", line 63, in install
    self._install(project, renderer)
  File "C:\Users\eriku\Desktop\DataenginerSTI2024-2026\Github\data_warehouse_lifecycle_de24\venv\Lib\site-packages\dbt\deps\base.py", line 121, in _install
    connection_exception_retry(download_untar_fn, 5)
  File "C:\Users\eriku\Desktop\DataenginerSTI2024-2026\Github\data_warehouse_lifecycle_de24\venv\Lib\site-packages\dbt_common\utils\connection.py", line 22, in connection_exception_retry
    return fn()
           ^^^^
  File "C:\Users\eriku\Desktop\DataenginerSTI2024-2026\Github\data_warehouse_lifecycle_de24\venv\Lib\site-packages\dbt\deps\base.py", line 133, in download_and_untar
    system.untar_package(tar_path, deps_path, package_name)
  File "C:\Users\eriku\Desktop\DataenginerSTI2024-2026\Github\data_warehouse_lifecycle_de24\venv\Lib\site-packages\dbt_common\clients\system.py", line 646, in untar_package
    dbt_common.clients.system.rename(downloaded_path, desired_path, force=True)
  File "C:\Users\eriku\Desktop\DataenginerSTI2024-2026\Github\data_warehouse_lifecycle_de24\venv\Lib\site-packages\dbt_common\clients\system.py", line 609, in rename
    shutil.move(from_path, to_path)
  File "C:\Users\eriku\AppData\Local\Programs\Python\Python312\Lib\shutil.py", line 865, in move
    rmtree(src)
  File "C:\Users\eriku\AppData\Local\Programs\Python\Python312\Lib\shutil.py", line 781, in rmtree
    return _rmtree_unsafe(path, onexc)
           ^^^^^^^^^^^^^^^^^^^^^^^^^^^
  File "C:\Users\eriku\AppData\Local\Programs\Python\Python312\Lib\shutil.py", line 639, in _rmtree_unsafe
    onexc(os.rmdir, path, err)
  File "C:\Users\eriku\AppData\Local\Programs\Python\Python312\Lib\shutil.py", line 637, in _rmtree_unsafe
    os.rmdir(path)
PermissionError: [WinError 32] Det går inte att komma åt filen eftersom den
används av en annan process: 'dbt_packages\\dbt-utils-1.2.0'

[0m20:21:22.263538 [debug] [MainThread]: Command `cli deps` failed at 20:21:22.263538 after 4.33 seconds
[0m20:21:22.265547 [debug] [MainThread]: Sending event: {'category': 'dbt', 'action': 'invocation', 'label': 'end', 'context': [<snowplow_tracker.self_describing_json.SelfDescribingJson object at 0x00000249DF18B530>, <snowplow_tracker.self_describing_json.SelfDescribingJson object at 0x00000249DFFAB140>, <snowplow_tracker.self_describing_json.SelfDescribingJson object at 0x00000249E12CD190>]}
[0m20:21:22.265547 [debug] [MainThread]: Flushing usage events
[0m20:21:24.474396 [debug] [MainThread]: An error was encountered while trying to flush usage events
[0m10:19:17.658470 [debug] [MainThread]: Sending event: {'category': 'dbt', 'action': 'invocation', 'label': 'start', 'context': [<snowplow_tracker.self_describing_json.SelfDescribingJson object at 0x000001A044F94920>, <snowplow_tracker.self_describing_json.SelfDescribingJson object at 0x000001A048557B30>, <snowplow_tracker.self_describing_json.SelfDescribingJson object at 0x000001A0485579B0>]}


============================== 10:19:17.665450 | 5cf9fbf6-97ac-40cc-a32d-cb4d6e9d1757 ==============================
[0m10:19:17.665450 [info ] [MainThread]: Running with dbt=1.10.10
[0m10:19:17.666453 [debug] [MainThread]: running dbt with arguments {'partial_parse': 'True', 'warn_error_options': 'WarnErrorOptionsV2(error=[], warn=[], silence=[])', 'send_anonymous_usage_stats': 'True', 'use_colors': 'True', 'cache_selected_only': 'False', 'target_path': 'None', 'version_check': 'True', 'invocation_command': 'dbt ', 'log_format': 'default', 'warn_error': 'None', 'introspect': 'True', 'debug': 'False', 'printer_width': '80', 'fail_fast': 'False', 'no_print': 'None', 'use_experimental_parser': 'False', 'empty': 'None', 'quiet': 'False', 'log_cache_events': 'False', 'log_path': 'c:\\Users\\eriku\\Desktop\\DataenginerSTI2024-2026\\Github\\data_warehouse_lifecycle_de24\\10\\dbt_code\\logs', 'indirect_selection': 'eager', 'profiles_dir': 'C:\\Users\\eriku\\.dbt', 'static_parser': 'True', 'write_json': 'True'}
[0m10:19:17.884420 [debug] [MainThread]: Sending event: {'category': 'dbt', 'action': 'project_id', 'label': '5cf9fbf6-97ac-40cc-a32d-cb4d6e9d1757', 'context': [<snowplow_tracker.self_describing_json.SelfDescribingJson object at 0x000001A048A5BB30>]}
[0m10:19:44.405271 [debug] [MainThread]: Set downloads directory='C:\Users\eriku\AppData\Local\Temp\dbt-downloads-jbze_zsz'
[0m10:19:44.405271 [debug] [MainThread]: Making package index registry request: GET https://hub.getdbt.com/api/v1/index.json
[0m10:19:44.988608 [debug] [MainThread]: Response from registry index: GET https://hub.getdbt.com/api/v1/index.json 200
[0m10:19:44.989687 [debug] [MainThread]: Making package registry request: GET https://hub.getdbt.com/api/v1/dbt-labs/dbt_utils.json
[0m10:19:45.187925 [debug] [MainThread]: Response from registry: GET https://hub.getdbt.com/api/v1/dbt-labs/dbt_utils.json 200
[0m10:19:45.191933 [info ] [MainThread]: Installing dbt-labs/dbt_utils
[0m10:19:46.096952 [info ] [MainThread]: Installed from version 1.2.0
[0m10:19:46.096952 [info ] [MainThread]: Updated version available: 1.3.0
[0m10:19:46.096952 [debug] [MainThread]: Sending event: {'category': 'dbt', 'action': 'package', 'label': '5cf9fbf6-97ac-40cc-a32d-cb4d6e9d1757', 'property_': 'install', 'context': [<snowplow_tracker.self_describing_json.SelfDescribingJson object at 0x000001A049DE2C90>, <snowplow_tracker.self_describing_json.SelfDescribingJson object at 0x000001A0486D96D0>]}
[0m10:19:46.097955 [info ] [MainThread]: 
[0m10:19:46.097955 [info ] [MainThread]: Updates available for packages: ['dbt-labs/dbt_utils']                 
Update your versions in packages.yml, then run dbt deps
[0m10:19:46.099955 [debug] [MainThread]: Command `cli deps` succeeded at 10:19:46.099955 after 28.61 seconds
[0m10:19:46.100971 [debug] [MainThread]: Sending event: {'category': 'dbt', 'action': 'invocation', 'label': 'end', 'context': [<snowplow_tracker.self_describing_json.SelfDescribingJson object at 0x000001A047F89BB0>, <snowplow_tracker.self_describing_json.SelfDescribingJson object at 0x000001A047F89B80>, <snowplow_tracker.self_describing_json.SelfDescribingJson object at 0x000001A045E20A10>]}
[0m10:19:46.101977 [debug] [MainThread]: Flushing usage events
[0m10:19:47.369127 [debug] [MainThread]: An error was encountered while trying to flush usage events
[0m10:57:29.964996 [debug] [MainThread]: Sending event: {'category': 'dbt', 'action': 'invocation', 'label': 'start', 'context': [<snowplow_tracker.self_describing_json.SelfDescribingJson object at 0x0000019F71D3BFE0>, <snowplow_tracker.self_describing_json.SelfDescribingJson object at 0x0000019F71DA24E0>, <snowplow_tracker.self_describing_json.SelfDescribingJson object at 0x0000019F71918A40>]}


============================== 10:57:29.964996 | 974ccfdd-f07a-4b55-b8cc-afbe46697ec2 ==============================
[0m10:57:29.964996 [info ] [MainThread]: Running with dbt=1.10.10
[0m10:57:29.964996 [debug] [MainThread]: running dbt with arguments {'partial_parse': 'True', 'warn_error_options': 'WarnErrorOptionsV2(error=[], warn=[], silence=[])', 'send_anonymous_usage_stats': 'True', 'use_colors': 'True', 'cache_selected_only': 'False', 'target_path': 'None', 'warn_error': 'None', 'invocation_command': 'dbt test', 'log_format': 'default', 'version_check': 'True', 'introspect': 'True', 'debug': 'False', 'printer_width': '80', 'fail_fast': 'False', 'no_print': 'None', 'use_experimental_parser': 'False', 'quiet': 'False', 'empty': 'None', 'log_cache_events': 'False', 'log_path': 'C:\\Users\\eriku\\Desktop\\DataenginerSTI2024-2026\\Github\\data_warehouse_lifecycle_de24\\10\\dbt_code\\logs', 'indirect_selection': 'eager', 'profiles_dir': 'C:\\Users\\eriku\\.dbt', 'static_parser': 'True', 'write_json': 'True'}
[0m10:57:31.046485 [debug] [MainThread]: Sending event: {'category': 'dbt', 'action': 'project_id', 'label': '974ccfdd-f07a-4b55-b8cc-afbe46697ec2', 'context': [<snowplow_tracker.self_describing_json.SelfDescribingJson object at 0x0000019F02ACE0C0>]}
[0m10:57:31.135571 [debug] [MainThread]: Sending event: {'category': 'dbt', 'action': 'adapter_info', 'label': '974ccfdd-f07a-4b55-b8cc-afbe46697ec2', 'context': [<snowplow_tracker.self_describing_json.SelfDescribingJson object at 0x0000019F021C8BF0>]}
[0m10:57:31.140861 [info ] [MainThread]: Registered adapter: snowflake=1.10.0
[0m10:57:31.381039 [debug] [MainThread]: checksum: 502a0dc23e9052e1ae09f7c44ee219ef7a02dfea7e7d66580d54c304c14d553b, vars: {}, profile: , target: , version: 1.10.10
[0m10:57:31.540482 [debug] [MainThread]: Partial parsing enabled: 0 files deleted, 0 files added, 0 files changed.
[0m10:57:31.540482 [debug] [MainThread]: Partial parsing enabled, no changes found, skipping parsing
[0m10:57:31.542487 [error] [MainThread]: [[31mERROR[0m]: Found spaces in the name of
`model.dbt_code.updated_headline_macro (1)`
[0m10:57:31.543311 [error] [MainThread]: Encountered an error:
Runtime Error
  Resource names cannot contain spaces
[0m10:57:31.543311 [debug] [MainThread]: Command `dbt test` failed at 10:57:31.543311 after 1.84 seconds
[0m10:57:31.543311 [debug] [MainThread]: Sending event: {'category': 'dbt', 'action': 'invocation', 'label': 'end', 'context': [<snowplow_tracker.self_describing_json.SelfDescribingJson object at 0x0000019F71918A40>, <snowplow_tracker.self_describing_json.SelfDescribingJson object at 0x0000019F04847B30>, <snowplow_tracker.self_describing_json.SelfDescribingJson object at 0x0000019F71A14B00>]}
[0m10:57:31.543311 [debug] [MainThread]: Flushing usage events
[0m10:57:32.675260 [debug] [MainThread]: An error was encountered while trying to flush usage events
[0m16:30:54.029572 [debug] [MainThread]: Sending event: {'category': 'dbt', 'action': 'invocation', 'label': 'start', 'context': [<snowplow_tracker.self_describing_json.SelfDescribingJson object at 0x00000202BBF8D460>, <snowplow_tracker.self_describing_json.SelfDescribingJson object at 0x00000202B9DB6210>, <snowplow_tracker.self_describing_json.SelfDescribingJson object at 0x00000202BCD49AF0>]}


============================== 16:30:54.037803 | 855a2bc5-7cc6-4502-859a-5562d48fa7f7 ==============================
[0m16:30:54.037803 [info ] [MainThread]: Running with dbt=1.10.10
[0m16:30:54.037803 [debug] [MainThread]: running dbt with arguments {'partial_parse': 'True', 'profiles_dir': 'C:\\Users\\eriku\\.dbt', 'send_anonymous_usage_stats': 'True', 'use_colors': 'True', 'cache_selected_only': 'False', 'target_path': 'None', 'version_check': 'True', 'invocation_command': 'dbt deps', 'log_format': 'default', 'warn_error': 'None', 'introspect': 'True', 'debug': 'False', 'log_cache_events': 'False', 'fail_fast': 'False', 'no_print': 'None', 'quiet': 'False', 'empty': 'None', 'use_experimental_parser': 'False', 'printer_width': '80', 'log_path': 'C:\\Users\\eriku\\Desktop\\DataenginerSTI2024-2026\\Github\\data_warehouse_lifecycle_de24\\10\\dbt_code\\logs', 'indirect_selection': 'eager', 'write_json': 'True', 'warn_error_options': 'WarnErrorOptionsV2(error=[], warn=[], silence=[])', 'static_parser': 'True'}
[0m16:30:54.289881 [debug] [MainThread]: Sending event: {'category': 'dbt', 'action': 'project_id', 'label': '855a2bc5-7cc6-4502-859a-5562d48fa7f7', 'context': [<snowplow_tracker.self_describing_json.SelfDescribingJson object at 0x00000202BE0F1A90>]}
[0m16:30:54.405113 [debug] [MainThread]: Set downloads directory='C:\Users\eriku\AppData\Local\Temp\dbt-downloads-mu089aau'
[0m16:30:54.405113 [debug] [MainThread]: Making package index registry request: GET https://hub.getdbt.com/api/v1/index.json
[0m16:30:54.785841 [debug] [MainThread]: Response from registry index: GET https://hub.getdbt.com/api/v1/index.json 200
[0m16:30:54.788184 [debug] [MainThread]: Making package registry request: GET https://hub.getdbt.com/api/v1/dbt-labs/dbt_utils.json
[0m16:30:55.064788 [debug] [MainThread]: Response from registry: GET https://hub.getdbt.com/api/v1/dbt-labs/dbt_utils.json 200
[0m16:30:55.082599 [info ] [MainThread]: Installing dbt-labs/dbt_utils
[0m16:30:55.677524 [info ] [MainThread]: Installed from version 1.2.0
[0m16:30:55.677524 [info ] [MainThread]: Updated version available: 1.3.1
[0m16:30:55.677524 [debug] [MainThread]: Sending event: {'category': 'dbt', 'action': 'package', 'label': '855a2bc5-7cc6-4502-859a-5562d48fa7f7', 'property_': 'install', 'context': [<snowplow_tracker.self_describing_json.SelfDescribingJson object at 0x00000202BE0F3650>, <snowplow_tracker.self_describing_json.SelfDescribingJson object at 0x00000202BE0F2810>]}
[0m16:30:55.677524 [info ] [MainThread]: 
[0m16:30:55.677524 [info ] [MainThread]: Updates available for packages: ['dbt-labs/dbt_utils']                 
Update your versions in packages.yml, then run dbt deps
[0m16:30:55.693468 [debug] [MainThread]: Command `dbt deps` succeeded at 16:30:55.693468 after 1.89 seconds
[0m16:30:55.693468 [debug] [MainThread]: Sending event: {'category': 'dbt', 'action': 'invocation', 'label': 'end', 'context': [<snowplow_tracker.self_describing_json.SelfDescribingJson object at 0x00000202BCE05EB0>, <snowplow_tracker.self_describing_json.SelfDescribingJson object at 0x00000202B9CA95B0>, <snowplow_tracker.self_describing_json.SelfDescribingJson object at 0x00000202BC2E3BC0>]}
[0m16:30:55.693468 [debug] [MainThread]: Flushing usage events
[0m16:30:56.529769 [debug] [MainThread]: An error was encountered while trying to flush usage events
[0m09:15:24.290771 [debug] [MainThread]: Sending event: {'category': 'dbt', 'action': 'invocation', 'label': 'start', 'context': [<snowplow_tracker.self_describing_json.SelfDescribingJson object at 0x0000027064CBEA80>, <snowplow_tracker.self_describing_json.SelfDescribingJson object at 0x0000027062BC4BC0>, <snowplow_tracker.self_describing_json.SelfDescribingJson object at 0x0000027063566240>]}


============================== 09:15:24.300592 | 149120a7-a429-454c-ae8a-fea91ecb9922 ==============================
[0m09:15:24.300592 [info ] [MainThread]: Running with dbt=1.10.10
[0m09:15:24.300592 [debug] [MainThread]: running dbt with arguments {'partial_parse': 'True', 'static_parser': 'True', 'send_anonymous_usage_stats': 'True', 'use_colors': 'True', 'cache_selected_only': 'False', 'target_path': 'None', 'version_check': 'True', 'invocation_command': 'dbt ', 'log_format': 'default', 'warn_error': 'None', 'introspect': 'True', 'debug': 'False', 'log_cache_events': 'False', 'fail_fast': 'False', 'no_print': 'None', 'quiet': 'False', 'use_experimental_parser': 'False', 'printer_width': '80', 'empty': 'None', 'indirect_selection': 'eager', 'log_path': 'c:\\Users\\eriku\\Desktop\\DataenginerSTI2024-2026\\Github\\data_warehouse_lifecycle_de24\\10\\dbt_code\\logs', 'profiles_dir': 'C:\\Users\\eriku\\.dbt', 'warn_error_options': 'WarnErrorOptionsV2(error=[], warn=[], silence=[])', 'write_json': 'True'}
[0m09:15:24.578813 [debug] [MainThread]: Sending event: {'category': 'dbt', 'action': 'project_id', 'label': '149120a7-a429-454c-ae8a-fea91ecb9922', 'context': [<snowplow_tracker.self_describing_json.SelfDescribingJson object at 0x0000027065C39880>]}
[0m09:15:24.745076 [debug] [MainThread]: Set downloads directory='C:\Users\eriku\AppData\Local\Temp\dbt-downloads-b7tnxhms'
[0m09:15:24.745076 [debug] [MainThread]: Making package index registry request: GET https://hub.getdbt.com/api/v1/index.json
[0m09:15:25.192781 [debug] [MainThread]: Response from registry index: GET https://hub.getdbt.com/api/v1/index.json 200
[0m09:15:25.192781 [debug] [MainThread]: Making package registry request: GET https://hub.getdbt.com/api/v1/dbt-labs/dbt_utils.json
[0m09:15:25.262767 [debug] [MainThread]: Response from registry: GET https://hub.getdbt.com/api/v1/dbt-labs/dbt_utils.json 200
[0m09:15:25.270345 [info ] [MainThread]: Installing dbt-labs/dbt_utils
[0m09:15:26.983100 [info ] [MainThread]: Installed from version 1.2.0
[0m09:15:26.985109 [info ] [MainThread]: Updated version available: 1.3.1
[0m09:15:26.987120 [debug] [MainThread]: Sending event: {'category': 'dbt', 'action': 'package', 'label': '149120a7-a429-454c-ae8a-fea91ecb9922', 'property_': 'install', 'context': [<snowplow_tracker.self_describing_json.SelfDescribingJson object at 0x0000027066F93C50>, <snowplow_tracker.self_describing_json.SelfDescribingJson object at 0x0000027066E8EDB0>]}
[0m09:15:26.989130 [info ] [MainThread]: 
[0m09:15:26.989130 [info ] [MainThread]: Updates available for packages: ['dbt-labs/dbt_utils']                 
Update your versions in packages.yml, then run dbt deps
[0m09:15:26.996919 [debug] [MainThread]: Command `cli deps` succeeded at 09:15:26.994908 after 2.92 seconds
[0m09:15:26.996919 [debug] [MainThread]: Sending event: {'category': 'dbt', 'action': 'invocation', 'label': 'end', 'context': [<snowplow_tracker.self_describing_json.SelfDescribingJson object at 0x00000270655609E0>, <snowplow_tracker.self_describing_json.SelfDescribingJson object at 0x0000027065CD53D0>, <snowplow_tracker.self_describing_json.SelfDescribingJson object at 0x00000270654CD2B0>]}
[0m09:15:26.998933 [debug] [MainThread]: Flushing usage events
[0m09:15:30.021398 [debug] [MainThread]: An error was encountered while trying to flush usage events
[0m14:06:41.057539 [debug] [MainThread]: Sending event: {'category': 'dbt', 'action': 'invocation', 'label': 'start', 'context': [<snowplow_tracker.self_describing_json.SelfDescribingJson object at 0x0000017935346AE0>, <snowplow_tracker.self_describing_json.SelfDescribingJson object at 0x0000017932E54CE0>, <snowplow_tracker.self_describing_json.SelfDescribingJson object at 0x0000017935A205F0>]}


============================== 14:06:41.067009 | 0f3b3f5c-16f5-4587-a14e-eb36186142ff ==============================
[0m14:06:41.067009 [info ] [MainThread]: Running with dbt=1.10.10
[0m14:06:41.067009 [debug] [MainThread]: running dbt with arguments {'partial_parse': 'True', 'warn_error_options': 'WarnErrorOptionsV2(error=[], warn=[], silence=[])', 'send_anonymous_usage_stats': 'True', 'warn_error': 'None', 'cache_selected_only': 'False', 'target_path': 'None', 'use_colors': 'True', 'invocation_command': 'dbt ', 'log_format': 'default', 'version_check': 'True', 'introspect': 'True', 'debug': 'False', 'printer_width': '80', 'fail_fast': 'False', 'no_print': 'None', 'use_experimental_parser': 'False', 'quiet': 'False', 'empty': 'None', 'log_cache_events': 'False', 'log_path': 'c:\\Users\\eriku\\Desktop\\DataenginerSTI2024-2026\\Github\\data_warehouse_lifecycle_de24\\10\\dbt_code\\logs', 'indirect_selection': 'eager', 'write_json': 'True', 'static_parser': 'True', 'profiles_dir': 'C:\\Users\\eriku\\.dbt'}
[0m14:06:41.308598 [debug] [MainThread]: Sending event: {'category': 'dbt', 'action': 'project_id', 'label': '0f3b3f5c-16f5-4587-a14e-eb36186142ff', 'context': [<snowplow_tracker.self_describing_json.SelfDescribingJson object at 0x000001793602AED0>]}
[0m14:06:41.445355 [debug] [MainThread]: Set downloads directory='C:\Users\eriku\AppData\Local\Temp\dbt-downloads-dunszqo2'
[0m14:06:41.447710 [debug] [MainThread]: Making package index registry request: GET https://hub.getdbt.com/api/v1/index.json
[0m14:06:41.818667 [debug] [MainThread]: Response from registry index: GET https://hub.getdbt.com/api/v1/index.json 200
[0m14:06:41.820676 [debug] [MainThread]: Making package registry request: GET https://hub.getdbt.com/api/v1/dbt-labs/dbt_utils.json
[0m14:06:42.042207 [debug] [MainThread]: Response from registry: GET https://hub.getdbt.com/api/v1/dbt-labs/dbt_utils.json 200
[0m14:06:42.051204 [info ] [MainThread]: Installing dbt-labs/dbt_utils
[0m14:06:43.030351 [info ] [MainThread]: Installed from version 1.2.0
[0m14:06:43.031894 [info ] [MainThread]: Updated version available: 1.3.1
[0m14:06:43.032228 [debug] [MainThread]: Sending event: {'category': 'dbt', 'action': 'package', 'label': '0f3b3f5c-16f5-4587-a14e-eb36186142ff', 'property_': 'install', 'context': [<snowplow_tracker.self_describing_json.SelfDescribingJson object at 0x00000179371B07D0>, <snowplow_tracker.self_describing_json.SelfDescribingJson object at 0x00000179371B24B0>]}
[0m14:06:43.033310 [info ] [MainThread]: 
[0m14:06:43.033310 [info ] [MainThread]: Updates available for packages: ['dbt-labs/dbt_utils']                 
Update your versions in packages.yml, then run dbt deps
[0m14:06:43.130996 [debug] [MainThread]: Command `cli deps` succeeded at 14:06:43.129465 after 2.26 seconds
[0m14:06:43.130996 [debug] [MainThread]: Sending event: {'category': 'dbt', 'action': 'invocation', 'label': 'end', 'context': [<snowplow_tracker.self_describing_json.SelfDescribingJson object at 0x00000179359C7A40>, <snowplow_tracker.self_describing_json.SelfDescribingJson object at 0x00000179359C6DB0>, <snowplow_tracker.self_describing_json.SelfDescribingJson object at 0x00000179359C6E10>]}
[0m14:06:43.134071 [debug] [MainThread]: Flushing usage events
[0m14:06:43.863374 [debug] [MainThread]: An error was encountered while trying to flush usage events
[0m15:18:37.544489 [debug] [MainThread]: Sending event: {'category': 'dbt', 'action': 'invocation', 'label': 'start', 'context': [<snowplow_tracker.self_describing_json.SelfDescribingJson object at 0x0000016DE3D832C0>, <snowplow_tracker.self_describing_json.SelfDescribingJson object at 0x0000016DE3502120>, <snowplow_tracker.self_describing_json.SelfDescribingJson object at 0x0000016DE3E16CF0>]}


============================== 15:18:37.558111 | acb3ef3a-1e5e-455e-8dc9-3e996a019228 ==============================
[0m15:18:37.558111 [info ] [MainThread]: Running with dbt=1.10.10
[0m15:18:37.558728 [debug] [MainThread]: running dbt with arguments {'partial_parse': 'True', 'static_parser': 'True', 'send_anonymous_usage_stats': 'True', 'warn_error': 'None', 'cache_selected_only': 'False', 'target_path': 'None', 'use_colors': 'True', 'invocation_command': 'dbt ', 'log_format': 'default', 'version_check': 'True', 'introspect': 'True', 'debug': 'False', 'log_cache_events': 'False', 'fail_fast': 'False', 'no_print': 'None', 'empty': 'None', 'quiet': 'False', 'use_experimental_parser': 'False', 'printer_width': '80', 'log_path': 'c:\\Users\\eriku\\Desktop\\DataenginerSTI2024-2026\\Github\\data_warehouse_lifecycle_de24\\10\\dbt_code\\logs', 'indirect_selection': 'eager', 'profiles_dir': 'C:\\Users\\eriku\\.dbt', 'warn_error_options': 'WarnErrorOptionsV2(error=[], warn=[], silence=[])', 'write_json': 'True'}
[0m15:18:37.886027 [debug] [MainThread]: Sending event: {'category': 'dbt', 'action': 'project_id', 'label': 'acb3ef3a-1e5e-455e-8dc9-3e996a019228', 'context': [<snowplow_tracker.self_describing_json.SelfDescribingJson object at 0x0000016DE37E7470>]}
[0m15:18:38.020168 [debug] [MainThread]: Set downloads directory='C:\Users\eriku\AppData\Local\Temp\dbt-downloads-uv15qv3w'
[0m15:18:38.021053 [debug] [MainThread]: Making package index registry request: GET https://hub.getdbt.com/api/v1/index.json
[0m15:18:39.068658 [debug] [MainThread]: Response from registry index: GET https://hub.getdbt.com/api/v1/index.json 200
[0m15:18:39.070667 [debug] [MainThread]: Making package registry request: GET https://hub.getdbt.com/api/v1/dbt-labs/dbt_utils.json
[0m15:18:39.777686 [debug] [MainThread]: Response from registry: GET https://hub.getdbt.com/api/v1/dbt-labs/dbt_utils.json 200
[0m15:18:39.785799 [info ] [MainThread]: Installing dbt-labs/dbt_utils
[0m15:18:40.842466 [info ] [MainThread]: Installed from version 1.2.0
[0m15:18:40.842466 [info ] [MainThread]: Updated version available: 1.3.1
[0m15:18:40.844415 [debug] [MainThread]: Sending event: {'category': 'dbt', 'action': 'package', 'label': 'acb3ef3a-1e5e-455e-8dc9-3e996a019228', 'property_': 'install', 'context': [<snowplow_tracker.self_describing_json.SelfDescribingJson object at 0x0000016DE50FE960>, <snowplow_tracker.self_describing_json.SelfDescribingJson object at 0x0000016DE3240080>]}
[0m15:18:40.844415 [info ] [MainThread]: 
[0m15:18:40.844415 [info ] [MainThread]: Updates available for packages: ['dbt-labs/dbt_utils']                 
Update your versions in packages.yml, then run dbt deps
[0m15:18:40.846518 [debug] [MainThread]: Command `cli deps` succeeded at 15:18:40.846518 after 3.52 seconds
[0m15:18:40.846518 [debug] [MainThread]: Sending event: {'category': 'dbt', 'action': 'invocation', 'label': 'end', 'context': [<snowplow_tracker.self_describing_json.SelfDescribingJson object at 0x0000016DDD70D1C0>, <snowplow_tracker.self_describing_json.SelfDescribingJson object at 0x0000016DE386F0B0>, <snowplow_tracker.self_describing_json.SelfDescribingJson object at 0x0000016DE50FE960>]}
[0m15:18:40.846518 [debug] [MainThread]: Flushing usage events
[0m15:18:42.915011 [debug] [MainThread]: An error was encountered while trying to flush usage events
[0m09:46:58.100978 [debug] [MainThread]: Sending event: {'category': 'dbt', 'action': 'invocation', 'label': 'start', 'context': [<snowplow_tracker.self_describing_json.SelfDescribingJson object at 0x000001E9BBC02360>, <snowplow_tracker.self_describing_json.SelfDescribingJson object at 0x000001E9B800B860>, <snowplow_tracker.self_describing_json.SelfDescribingJson object at 0x000001E9BB642660>]}


============================== 09:46:58.105976 | 2411c2f7-5986-4cb8-8f6b-f44fd4652993 ==============================
[0m09:46:58.105976 [info ] [MainThread]: Running with dbt=1.10.10
[0m09:46:58.106974 [debug] [MainThread]: running dbt with arguments {'partial_parse': 'True', 'profiles_dir': 'C:\\Users\\eriku\\.dbt', 'send_anonymous_usage_stats': 'True', 'warn_error': 'None', 'cache_selected_only': 'False', 'target_path': 'None', 'use_colors': 'True', 'invocation_command': 'dbt ', 'log_format': 'default', 'version_check': 'True', 'introspect': 'True', 'debug': 'False', 'log_cache_events': 'False', 'fail_fast': 'False', 'no_print': 'None', 'quiet': 'False', 'use_experimental_parser': 'False', 'empty': 'None', 'printer_width': '80', 'indirect_selection': 'eager', 'log_path': 'c:\\Users\\eriku\\Desktop\\DataenginerSTI2024-2026\\Github\\data_warehouse_lifecycle_de24\\10\\dbt_code\\logs', 'write_json': 'True', 'static_parser': 'True', 'warn_error_options': 'WarnErrorOptionsV2(error=[], warn=[], silence=[])'}
[0m09:46:58.336364 [debug] [MainThread]: Sending event: {'category': 'dbt', 'action': 'project_id', 'label': '2411c2f7-5986-4cb8-8f6b-f44fd4652993', 'context': [<snowplow_tracker.self_describing_json.SelfDescribingJson object at 0x000001E9BB75B650>]}
[0m09:46:58.450062 [debug] [MainThread]: Set downloads directory='C:\Users\eriku\AppData\Local\Temp\dbt-downloads-4r3zwsgt'
[0m09:46:58.451099 [debug] [MainThread]: Making package index registry request: GET https://hub.getdbt.com/api/v1/index.json
[0m09:46:59.205312 [debug] [MainThread]: Response from registry index: GET https://hub.getdbt.com/api/v1/index.json 200
[0m09:46:59.208325 [debug] [MainThread]: Making package registry request: GET https://hub.getdbt.com/api/v1/dbt-labs/dbt_utils.json
[0m09:46:59.939633 [debug] [MainThread]: Response from registry: GET https://hub.getdbt.com/api/v1/dbt-labs/dbt_utils.json 200
[0m09:46:59.944630 [info ] [MainThread]: Installing dbt-labs/dbt_utils
[0m09:47:01.204074 [info ] [MainThread]: Installed from version 1.2.0
[0m09:47:01.205075 [info ] [MainThread]: Updated version available: 1.3.1
[0m09:47:01.205075 [debug] [MainThread]: Sending event: {'category': 'dbt', 'action': 'package', 'label': '2411c2f7-5986-4cb8-8f6b-f44fd4652993', 'property_': 'install', 'context': [<snowplow_tracker.self_describing_json.SelfDescribingJson object at 0x000001E9BBADCBF0>, <snowplow_tracker.self_describing_json.SelfDescribingJson object at 0x000001E9BD2AED50>]}
[0m09:47:01.205075 [info ] [MainThread]: 
[0m09:47:01.206074 [info ] [MainThread]: Updates available for packages: ['dbt-labs/dbt_utils']                 
Update your versions in packages.yml, then run dbt deps
[0m09:47:01.207074 [debug] [MainThread]: Command `cli deps` succeeded at 09:47:01.207074 after 3.27 seconds
[0m09:47:01.208073 [debug] [MainThread]: Sending event: {'category': 'dbt', 'action': 'invocation', 'label': 'end', 'context': [<snowplow_tracker.self_describing_json.SelfDescribingJson object at 0x000001E9BB642660>, <snowplow_tracker.self_describing_json.SelfDescribingJson object at 0x000001E9BB78D520>, <snowplow_tracker.self_describing_json.SelfDescribingJson object at 0x000001E9BB03B0E0>]}
[0m09:47:01.208073 [debug] [MainThread]: Flushing usage events
[0m09:47:02.342301 [debug] [MainThread]: An error was encountered while trying to flush usage events
[0m12:54:40.898933 [debug] [MainThread]: Sending event: {'category': 'dbt', 'action': 'invocation', 'label': 'start', 'context': [<snowplow_tracker.self_describing_json.SelfDescribingJson object at 0x000001ED8DE4E180>, <snowplow_tracker.self_describing_json.SelfDescribingJson object at 0x000001ED8DDE17C0>, <snowplow_tracker.self_describing_json.SelfDescribingJson object at 0x000001ED90AB13D0>]}


============================== 12:54:40.903279 | 7b8868a7-901c-47fc-a4cd-c835cff6789e ==============================
[0m12:54:40.903279 [info ] [MainThread]: Running with dbt=1.10.10
[0m12:54:40.904280 [debug] [MainThread]: running dbt with arguments {'partial_parse': 'True', 'profiles_dir': 'C:\\Users\\eriku\\.dbt', 'send_anonymous_usage_stats': 'True', 'warn_error': 'None', 'cache_selected_only': 'False', 'target_path': 'None', 'version_check': 'True', 'invocation_command': 'dbt ', 'log_format': 'default', 'use_colors': 'True', 'introspect': 'True', 'debug': 'False', 'log_cache_events': 'False', 'fail_fast': 'False', 'no_print': 'None', 'quiet': 'False', 'printer_width': '80', 'use_experimental_parser': 'False', 'empty': 'None', 'log_path': 'c:\\Users\\eriku\\Desktop\\DataenginerSTI2024-2026\\Github\\data_warehouse_lifecycle_de24\\10\\dbt_code\\logs', 'indirect_selection': 'eager', 'write_json': 'True', 'warn_error_options': 'WarnErrorOptionsV2(error=[], warn=[], silence=[])', 'static_parser': 'True'}
[0m12:54:41.084978 [debug] [MainThread]: Sending event: {'category': 'dbt', 'action': 'project_id', 'label': '7b8868a7-901c-47fc-a4cd-c835cff6789e', 'context': [<snowplow_tracker.self_describing_json.SelfDescribingJson object at 0x000001ED906D3140>]}
[0m12:54:41.191614 [debug] [MainThread]: Set downloads directory='C:\Users\eriku\AppData\Local\Temp\dbt-downloads-lxjhduap'
[0m12:54:41.192622 [debug] [MainThread]: Making package index registry request: GET https://hub.getdbt.com/api/v1/index.json
[0m12:54:41.363261 [debug] [MainThread]: Response from registry index: GET https://hub.getdbt.com/api/v1/index.json 200
[0m12:54:41.363261 [debug] [MainThread]: Making package registry request: GET https://hub.getdbt.com/api/v1/dbt-labs/dbt_utils.json
[0m12:54:41.759745 [debug] [MainThread]: Response from registry: GET https://hub.getdbt.com/api/v1/dbt-labs/dbt_utils.json 200
[0m12:54:41.764842 [info ] [MainThread]: Installing dbt-labs/dbt_utils
[0m12:54:42.664311 [info ] [MainThread]: Installed from version 1.2.0
[0m12:54:42.665389 [info ] [MainThread]: Updated version available: 1.3.1
[0m12:54:42.667396 [debug] [MainThread]: Sending event: {'category': 'dbt', 'action': 'package', 'label': '7b8868a7-901c-47fc-a4cd-c835cff6789e', 'property_': 'install', 'context': [<snowplow_tracker.self_describing_json.SelfDescribingJson object at 0x000001ED8E4867E0>, <snowplow_tracker.self_describing_json.SelfDescribingJson object at 0x000001ED923A3AA0>]}
[0m12:54:42.668327 [info ] [MainThread]: 
[0m12:54:42.668327 [info ] [MainThread]: Updates available for packages: ['dbt-labs/dbt_utils']                 
Update your versions in packages.yml, then run dbt deps
[0m12:54:42.671197 [debug] [MainThread]: Command `cli deps` succeeded at 12:54:42.671197 after 1.95 seconds
[0m12:54:42.672053 [debug] [MainThread]: Sending event: {'category': 'dbt', 'action': 'invocation', 'label': 'end', 'context': [<snowplow_tracker.self_describing_json.SelfDescribingJson object at 0x000001ED90AB0710>, <snowplow_tracker.self_describing_json.SelfDescribingJson object at 0x000001ED903B0140>, <snowplow_tracker.self_describing_json.SelfDescribingJson object at 0x000001ED903B0110>]}
[0m12:54:42.672053 [debug] [MainThread]: Flushing usage events
[0m12:54:43.091621 [debug] [MainThread]: An error was encountered while trying to flush usage events
[0m14:32:57.198737 [debug] [MainThread]: Sending event: {'category': 'dbt', 'action': 'invocation', 'label': 'start', 'context': [<snowplow_tracker.self_describing_json.SelfDescribingJson object at 0x000001E72FFCB860>, <snowplow_tracker.self_describing_json.SelfDescribingJson object at 0x000001E733BAF770>, <snowplow_tracker.self_describing_json.SelfDescribingJson object at 0x000001E73371AC60>]}


============================== 14:32:57.208441 | b88cc8f6-7ece-4485-aa94-b93a719bf4bc ==============================
[0m14:32:57.208441 [info ] [MainThread]: Running with dbt=1.10.10
[0m14:32:57.211105 [debug] [MainThread]: running dbt with arguments {'partial_parse': 'True', 'static_parser': 'True', 'send_anonymous_usage_stats': 'True', 'use_colors': 'True', 'cache_selected_only': 'False', 'target_path': 'None', 'warn_error': 'None', 'invocation_command': 'dbt ', 'log_format': 'default', 'version_check': 'True', 'introspect': 'True', 'debug': 'False', 'printer_width': '80', 'fail_fast': 'False', 'no_print': 'None', 'use_experimental_parser': 'False', 'empty': 'None', 'quiet': 'False', 'log_cache_events': 'False', 'indirect_selection': 'eager', 'log_path': 'c:\\Users\\eriku\\Desktop\\DataenginerSTI2024-2026\\Github\\data_warehouse_lifecycle_de24\\10\\dbt_code\\logs', 'write_json': 'True', 'warn_error_options': 'WarnErrorOptionsV2(error=[], warn=[], silence=[])', 'profiles_dir': 'C:\\Users\\eriku\\.dbt'}
[0m14:32:57.610722 [debug] [MainThread]: Sending event: {'category': 'dbt', 'action': 'project_id', 'label': 'b88cc8f6-7ece-4485-aa94-b93a719bf4bc', 'context': [<snowplow_tracker.self_describing_json.SelfDescribingJson object at 0x000001E734DE9F10>]}
[0m14:32:57.895759 [debug] [MainThread]: Set downloads directory='C:\Users\eriku\AppData\Local\Temp\dbt-downloads-fdjcz2kd'
[0m14:32:57.895759 [debug] [MainThread]: Making package index registry request: GET https://hub.getdbt.com/api/v1/index.json
[0m14:32:58.788456 [debug] [MainThread]: Response from registry index: GET https://hub.getdbt.com/api/v1/index.json 200
[0m14:32:58.792222 [debug] [MainThread]: Making package registry request: GET https://hub.getdbt.com/api/v1/dbt-labs/dbt_utils.json
[0m14:32:59.507083 [debug] [MainThread]: Response from registry: GET https://hub.getdbt.com/api/v1/dbt-labs/dbt_utils.json 200
[0m14:32:59.515578 [info ] [MainThread]: Installing dbt-labs/dbt_utils
[0m14:33:00.644472 [info ] [MainThread]: Installed from version 1.2.0
[0m14:33:00.645516 [info ] [MainThread]: Updated version available: 1.3.1
[0m14:33:00.646524 [debug] [MainThread]: Sending event: {'category': 'dbt', 'action': 'package', 'label': 'b88cc8f6-7ece-4485-aa94-b93a719bf4bc', 'property_': 'install', 'context': [<snowplow_tracker.self_describing_json.SelfDescribingJson object at 0x000001E730D3A0F0>, <snowplow_tracker.self_describing_json.SelfDescribingJson object at 0x000001E7351B1370>]}
[0m14:33:00.646524 [info ] [MainThread]: 
[0m14:33:00.647545 [info ] [MainThread]: Updates available for packages: ['dbt-labs/dbt_utils']                 
Update your versions in packages.yml, then run dbt deps
[0m14:33:00.650540 [debug] [MainThread]: Command `cli deps` succeeded at 14:33:00.649524 after 3.72 seconds
[0m14:33:00.650540 [debug] [MainThread]: Sending event: {'category': 'dbt', 'action': 'invocation', 'label': 'end', 'context': [<snowplow_tracker.self_describing_json.SelfDescribingJson object at 0x000001E733B8CFB0>, <snowplow_tracker.self_describing_json.SelfDescribingJson object at 0x000001E733B8FC50>, <snowplow_tracker.self_describing_json.SelfDescribingJson object at 0x000001E733B8FCE0>]}
[0m14:33:00.651530 [debug] [MainThread]: Flushing usage events
[0m14:33:01.705197 [debug] [MainThread]: An error was encountered while trying to flush usage events
[0m14:51:44.239431 [debug] [MainThread]: Sending event: {'category': 'dbt', 'action': 'invocation', 'label': 'start', 'context': [<snowplow_tracker.self_describing_json.SelfDescribingJson object at 0x000001AFE74924B0>, <snowplow_tracker.self_describing_json.SelfDescribingJson object at 0x000001AFE83D7770>, <snowplow_tracker.self_describing_json.SelfDescribingJson object at 0x000001AFE4833860>]}


============================== 14:51:44.248426 | 895755c5-25ad-4b49-ba0a-5054b80bfffc ==============================
[0m14:51:44.248426 [info ] [MainThread]: Running with dbt=1.10.10
[0m14:51:44.248426 [debug] [MainThread]: running dbt with arguments {'partial_parse': 'True', 'profiles_dir': 'C:\\Users\\eriku\\.dbt', 'send_anonymous_usage_stats': 'True', 'warn_error': 'None', 'cache_selected_only': 'False', 'target_path': 'None', 'use_colors': 'True', 'invocation_command': 'dbt ', 'log_format': 'default', 'version_check': 'True', 'introspect': 'True', 'debug': 'False', 'printer_width': '80', 'fail_fast': 'False', 'no_print': 'None', 'quiet': 'False', 'use_experimental_parser': 'False', 'log_cache_events': 'False', 'empty': 'None', 'indirect_selection': 'eager', 'log_path': 'c:\\Users\\eriku\\Desktop\\DataenginerSTI2024-2026\\Github\\data_warehouse_lifecycle_de24\\10\\dbt_code\\logs', 'write_json': 'True', 'warn_error_options': 'WarnErrorOptionsV2(error=[], warn=[], silence=[])', 'static_parser': 'True'}
[0m14:51:44.452766 [debug] [MainThread]: Sending event: {'category': 'dbt', 'action': 'project_id', 'label': '895755c5-25ad-4b49-ba0a-5054b80bfffc', 'context': [<snowplow_tracker.self_describing_json.SelfDescribingJson object at 0x000001AFE7FBEF60>]}
[0m14:51:44.571791 [debug] [MainThread]: Set downloads directory='C:\Users\eriku\AppData\Local\Temp\dbt-downloads-rqs_jig0'
[0m14:51:44.573218 [debug] [MainThread]: Making package index registry request: GET https://hub.getdbt.com/api/v1/index.json
[0m14:51:45.152919 [debug] [MainThread]: Response from registry index: GET https://hub.getdbt.com/api/v1/index.json 200
[0m14:51:45.152919 [debug] [MainThread]: Making package registry request: GET https://hub.getdbt.com/api/v1/dbt-labs/dbt_utils.json
[0m14:51:45.680206 [debug] [MainThread]: Response from registry: GET https://hub.getdbt.com/api/v1/dbt-labs/dbt_utils.json 200
[0m14:51:45.686662 [info ] [MainThread]: Installing dbt-labs/dbt_utils
[0m14:51:47.008100 [error] [MainThread]: Encountered an error:
[WinError 32] Det går inte att komma åt filen eftersom den
används av en annan process: 'dbt_packages\\dbt-utils-1.2.0'
[0m14:51:47.269890 [error] [MainThread]: Traceback (most recent call last):
  File "C:\Users\eriku\AppData\Local\Programs\Python\Python312\Lib\shutil.py", line 847, in move
    os.rename(src, real_dst)
PermissionError: [WinError 5] Åtkomst nekad: 'dbt_packages\\dbt-utils-1.2.0' -> 'dbt_packages\\dbt_utils'

During handling of the above exception, another exception occurred:

Traceback (most recent call last):
  File "C:\Users\eriku\Desktop\DataenginerSTI2024-2026\Github\data_warehouse_lifecycle_de24\venv\Lib\site-packages\dbt\cli\requires.py", line 178, in wrapper
    result, success = func(*args, **kwargs)
                      ^^^^^^^^^^^^^^^^^^^^^
  File "C:\Users\eriku\Desktop\DataenginerSTI2024-2026\Github\data_warehouse_lifecycle_de24\venv\Lib\site-packages\dbt\cli\requires.py", line 128, in wrapper
    return func(*args, **kwargs)
           ^^^^^^^^^^^^^^^^^^^^^
  File "C:\Users\eriku\Desktop\DataenginerSTI2024-2026\Github\data_warehouse_lifecycle_de24\venv\Lib\site-packages\dbt\cli\requires.py", line 254, in wrapper
    return func(*args, **kwargs)
           ^^^^^^^^^^^^^^^^^^^^^
  File "C:\Users\eriku\Desktop\DataenginerSTI2024-2026\Github\data_warehouse_lifecycle_de24\venv\Lib\site-packages\dbt\cli\requires.py", line 303, in wrapper
    return func(*args, **kwargs)
           ^^^^^^^^^^^^^^^^^^^^^
  File "C:\Users\eriku\Desktop\DataenginerSTI2024-2026\Github\data_warehouse_lifecycle_de24\venv\Lib\site-packages\dbt\cli\main.py", line 461, in deps
    results = task.run()
              ^^^^^^^^^^
  File "C:\Users\eriku\Desktop\DataenginerSTI2024-2026\Github\data_warehouse_lifecycle_de24\venv\Lib\site-packages\dbt\task\deps.py", line 258, in run
    package.install(self.project, renderer)
  File "C:\Users\eriku\Desktop\DataenginerSTI2024-2026\Github\data_warehouse_lifecycle_de24\venv\Lib\site-packages\dbt\deps\registry.py", line 63, in install
    self._install(project, renderer)
  File "C:\Users\eriku\Desktop\DataenginerSTI2024-2026\Github\data_warehouse_lifecycle_de24\venv\Lib\site-packages\dbt\deps\base.py", line 121, in _install
    connection_exception_retry(download_untar_fn, 5)
  File "C:\Users\eriku\Desktop\DataenginerSTI2024-2026\Github\data_warehouse_lifecycle_de24\venv\Lib\site-packages\dbt_common\utils\connection.py", line 22, in connection_exception_retry
    return fn()
           ^^^^
  File "C:\Users\eriku\Desktop\DataenginerSTI2024-2026\Github\data_warehouse_lifecycle_de24\venv\Lib\site-packages\dbt\deps\base.py", line 133, in download_and_untar
    system.untar_package(tar_path, deps_path, package_name)
  File "C:\Users\eriku\Desktop\DataenginerSTI2024-2026\Github\data_warehouse_lifecycle_de24\venv\Lib\site-packages\dbt_common\clients\system.py", line 646, in untar_package
    dbt_common.clients.system.rename(downloaded_path, desired_path, force=True)
  File "C:\Users\eriku\Desktop\DataenginerSTI2024-2026\Github\data_warehouse_lifecycle_de24\venv\Lib\site-packages\dbt_common\clients\system.py", line 609, in rename
    shutil.move(from_path, to_path)
  File "C:\Users\eriku\AppData\Local\Programs\Python\Python312\Lib\shutil.py", line 865, in move
    rmtree(src)
  File "C:\Users\eriku\AppData\Local\Programs\Python\Python312\Lib\shutil.py", line 781, in rmtree
    return _rmtree_unsafe(path, onexc)
           ^^^^^^^^^^^^^^^^^^^^^^^^^^^
  File "C:\Users\eriku\AppData\Local\Programs\Python\Python312\Lib\shutil.py", line 639, in _rmtree_unsafe
    onexc(os.rmdir, path, err)
  File "C:\Users\eriku\AppData\Local\Programs\Python\Python312\Lib\shutil.py", line 637, in _rmtree_unsafe
    os.rmdir(path)
PermissionError: [WinError 32] Det går inte att komma åt filen eftersom den
används av en annan process: 'dbt_packages\\dbt-utils-1.2.0'

[0m14:51:47.272722 [debug] [MainThread]: Command `cli deps` failed at 14:51:47.272722 after 3.19 seconds
[0m14:51:47.272722 [debug] [MainThread]: Sending event: {'category': 'dbt', 'action': 'invocation', 'label': 'end', 'context': [<snowplow_tracker.self_describing_json.SelfDescribingJson object at 0x000001AFE841CDA0>, <snowplow_tracker.self_describing_json.SelfDescribingJson object at 0x000001AFE9A36F90>, <snowplow_tracker.self_describing_json.SelfDescribingJson object at 0x000001AFE99DD550>]}
[0m14:51:47.272722 [debug] [MainThread]: Flushing usage events
[0m14:51:48.209709 [debug] [MainThread]: An error was encountered while trying to flush usage events
[0m15:27:26.643835 [debug] [MainThread]: Sending event: {'category': 'dbt', 'action': 'invocation', 'label': 'start', 'context': [<snowplow_tracker.self_describing_json.SelfDescribingJson object at 0x000001D543045CD0>, <snowplow_tracker.self_describing_json.SelfDescribingJson object at 0x000001D53F9FC590>, <snowplow_tracker.self_describing_json.SelfDescribingJson object at 0x000001D54322C170>]}


============================== 15:27:26.651663 | 3b0f4345-d558-4ce3-8a15-3a1339719a67 ==============================
[0m15:27:26.651663 [info ] [MainThread]: Running with dbt=1.10.10
[0m15:27:26.651663 [debug] [MainThread]: running dbt with arguments {'partial_parse': 'True', 'write_json': 'True', 'send_anonymous_usage_stats': 'True', 'use_colors': 'True', 'cache_selected_only': 'False', 'target_path': 'None', 'version_check': 'True', 'invocation_command': 'dbt ', 'log_format': 'default', 'warn_error': 'None', 'introspect': 'True', 'debug': 'False', 'log_cache_events': 'False', 'fail_fast': 'False', 'no_print': 'None', 'use_experimental_parser': 'False', 'empty': 'None', 'quiet': 'False', 'printer_width': '80', 'indirect_selection': 'eager', 'log_path': 'c:\\Users\\eriku\\Desktop\\DataenginerSTI2024-2026\\Github\\data_warehouse_lifecycle_de24\\10\\dbt_code\\logs', 'profiles_dir': 'C:\\Users\\eriku\\.dbt', 'static_parser': 'True', 'warn_error_options': 'WarnErrorOptionsV2(error=[], warn=[], silence=[])'}
[0m15:27:26.873419 [debug] [MainThread]: Sending event: {'category': 'dbt', 'action': 'project_id', 'label': '3b0f4345-d558-4ce3-8a15-3a1339719a67', 'context': [<snowplow_tracker.self_describing_json.SelfDescribingJson object at 0x000001D544AF2210>]}
[0m15:27:31.712430 [debug] [MainThread]: Set downloads directory='C:\Users\eriku\AppData\Local\Temp\dbt-downloads-rtk_dg40'
[0m15:27:31.712430 [debug] [MainThread]: Making package index registry request: GET https://hub.getdbt.com/api/v1/index.json
[0m15:27:32.181698 [debug] [MainThread]: Response from registry index: GET https://hub.getdbt.com/api/v1/index.json 200
[0m15:27:32.183661 [debug] [MainThread]: Making package registry request: GET https://hub.getdbt.com/api/v1/dbt-labs/dbt_utils.json
[0m15:27:32.764165 [debug] [MainThread]: Response from registry: GET https://hub.getdbt.com/api/v1/dbt-labs/dbt_utils.json 200
[0m15:27:32.770162 [info ] [MainThread]: Installing dbt-labs/dbt_utils
[0m15:27:33.646924 [info ] [MainThread]: Installed from version 1.2.0
[0m15:27:33.646924 [info ] [MainThread]: Updated version available: 1.3.1
[0m15:27:33.646924 [debug] [MainThread]: Sending event: {'category': 'dbt', 'action': 'package', 'label': '3b0f4345-d558-4ce3-8a15-3a1339719a67', 'property_': 'install', 'context': [<snowplow_tracker.self_describing_json.SelfDescribingJson object at 0x000001D544C15190>, <snowplow_tracker.self_describing_json.SelfDescribingJson object at 0x000001D544C16630>]}
[0m15:27:33.646924 [info ] [MainThread]: 
[0m15:27:33.653964 [info ] [MainThread]: Updates available for packages: ['dbt-labs/dbt_utils']                 
Update your versions in packages.yml, then run dbt deps
[0m15:27:33.653964 [debug] [MainThread]: Command `cli deps` succeeded at 15:27:33.653964 after 7.24 seconds
[0m15:27:33.653964 [debug] [MainThread]: Sending event: {'category': 'dbt', 'action': 'invocation', 'label': 'end', 'context': [<snowplow_tracker.self_describing_json.SelfDescribingJson object at 0x000001D54322C170>, <snowplow_tracker.self_describing_json.SelfDescribingJson object at 0x000001D540A37E90>, <snowplow_tracker.self_describing_json.SelfDescribingJson object at 0x000001D540A36A80>]}
[0m15:27:33.653964 [debug] [MainThread]: Flushing usage events
[0m15:27:34.411167 [debug] [MainThread]: An error was encountered while trying to flush usage events
[0m09:52:42.171254 [debug] [MainThread]: Sending event: {'category': 'dbt', 'action': 'invocation', 'label': 'start', 'context': [<snowplow_tracker.self_describing_json.SelfDescribingJson object at 0x00000236FC292390>, <snowplow_tracker.self_describing_json.SelfDescribingJson object at 0x00000236F9633860>, <snowplow_tracker.self_describing_json.SelfDescribingJson object at 0x00000236F9812060>]}


============================== 09:52:42.178306 | 4e60255d-c185-4ee8-ba13-87566f3103d0 ==============================
[0m09:52:42.178306 [info ] [MainThread]: Running with dbt=1.10.10
[0m09:52:42.179709 [debug] [MainThread]: running dbt with arguments {'partial_parse': 'True', 'warn_error_options': 'WarnErrorOptionsV2(error=[], warn=[], silence=[])', 'send_anonymous_usage_stats': 'True', 'use_colors': 'True', 'cache_selected_only': 'False', 'target_path': 'None', 'warn_error': 'None', 'invocation_command': 'dbt ', 'log_format': 'default', 'version_check': 'True', 'introspect': 'True', 'debug': 'False', 'log_cache_events': 'False', 'fail_fast': 'False', 'no_print': 'None', 'use_experimental_parser': 'False', 'empty': 'None', 'quiet': 'False', 'printer_width': '80', 'indirect_selection': 'eager', 'log_path': 'c:\\Users\\eriku\\Desktop\\DataenginerSTI2024-2026\\Github\\data_warehouse_lifecycle_de24\\10\\dbt_code\\logs', 'write_json': 'True', 'static_parser': 'True', 'profiles_dir': 'C:\\Users\\eriku\\.dbt'}
[0m09:52:42.414786 [debug] [MainThread]: Sending event: {'category': 'dbt', 'action': 'project_id', 'label': '4e60255d-c185-4ee8-ba13-87566f3103d0', 'context': [<snowplow_tracker.self_describing_json.SelfDescribingJson object at 0x00000236FD03A2A0>]}
[0m09:52:42.553743 [debug] [MainThread]: Set downloads directory='C:\Users\eriku\AppData\Local\Temp\dbt-downloads-jd7gyl4o'
[0m09:52:42.554743 [debug] [MainThread]: Making package index registry request: GET https://hub.getdbt.com/api/v1/index.json
[0m09:52:43.376787 [debug] [MainThread]: Response from registry index: GET https://hub.getdbt.com/api/v1/index.json 200
[0m09:52:43.376787 [debug] [MainThread]: Making package registry request: GET https://hub.getdbt.com/api/v1/dbt-labs/dbt_utils.json
[0m09:52:44.143416 [debug] [MainThread]: Response from registry: GET https://hub.getdbt.com/api/v1/dbt-labs/dbt_utils.json 200
[0m09:52:44.149849 [info ] [MainThread]: Installing dbt-labs/dbt_utils
[0m09:52:45.281465 [info ] [MainThread]: Installed from version 1.2.0
[0m09:52:45.282466 [info ] [MainThread]: Updated version available: 1.3.1
[0m09:52:45.282466 [debug] [MainThread]: Sending event: {'category': 'dbt', 'action': 'package', 'label': '4e60255d-c185-4ee8-ba13-87566f3103d0', 'property_': 'install', 'context': [<snowplow_tracker.self_describing_json.SelfDescribingJson object at 0x00000236FC6F1910>, <snowplow_tracker.self_describing_json.SelfDescribingJson object at 0x00000236FC6F0EF0>]}
[0m09:52:45.283469 [info ] [MainThread]: 
[0m09:52:45.284514 [info ] [MainThread]: Updates available for packages: ['dbt-labs/dbt_utils']                 
Update your versions in packages.yml, then run dbt deps
[0m09:52:45.287879 [debug] [MainThread]: Command `cli deps` succeeded at 09:52:45.286879 after 3.29 seconds
[0m09:52:45.287879 [debug] [MainThread]: Sending event: {'category': 'dbt', 'action': 'invocation', 'label': 'end', 'context': [<snowplow_tracker.self_describing_json.SelfDescribingJson object at 0x00000236FCDBEE40>, <snowplow_tracker.self_describing_json.SelfDescribingJson object at 0x00000236FD372FF0>, <snowplow_tracker.self_describing_json.SelfDescribingJson object at 0x00000236FD372D80>]}
[0m09:52:45.288877 [debug] [MainThread]: Flushing usage events
[0m09:52:46.472531 [debug] [MainThread]: An error was encountered while trying to flush usage events
[0m09:54:37.951887 [debug] [MainThread]: Sending event: {'category': 'dbt', 'action': 'invocation', 'label': 'start', 'context': [<snowplow_tracker.self_describing_json.SelfDescribingJson object at 0x0000027BCCC13860>, <snowplow_tracker.self_describing_json.SelfDescribingJson object at 0x0000027BCCC132F0>, <snowplow_tracker.self_describing_json.SelfDescribingJson object at 0x0000027BCCC13650>]}


============================== 09:54:37.959780 | 339736aa-abea-4c76-b5c8-1cc3dede35c6 ==============================
[0m09:54:37.959780 [info ] [MainThread]: Running with dbt=1.10.10
[0m09:54:37.959780 [debug] [MainThread]: running dbt with arguments {'partial_parse': 'True', 'static_parser': 'True', 'send_anonymous_usage_stats': 'True', 'version_check': 'True', 'cache_selected_only': 'False', 'target_path': 'None', 'warn_error': 'None', 'invocation_command': 'dbt ', 'log_format': 'default', 'use_colors': 'True', 'introspect': 'True', 'debug': 'False', 'printer_width': '80', 'fail_fast': 'False', 'no_print': 'None', 'empty': 'None', 'quiet': 'False', 'use_experimental_parser': 'False', 'log_cache_events': 'False', 'log_path': 'c:\\Users\\eriku\\Desktop\\DataenginerSTI2024-2026\\Github\\data_warehouse_lifecycle_de24\\10\\dbt_code\\logs', 'indirect_selection': 'eager', 'profiles_dir': 'C:\\Users\\eriku\\.dbt', 'warn_error_options': 'WarnErrorOptionsV2(error=[], warn=[], silence=[])', 'write_json': 'True'}
[0m09:54:38.233923 [debug] [MainThread]: Sending event: {'category': 'dbt', 'action': 'project_id', 'label': '339736aa-abea-4c76-b5c8-1cc3dede35c6', 'context': [<snowplow_tracker.self_describing_json.SelfDescribingJson object at 0x0000027BCC7A5100>]}
[0m09:54:38.371470 [debug] [MainThread]: Set downloads directory='C:\Users\eriku\AppData\Local\Temp\dbt-downloads-pnyk7gby'
[0m09:54:38.372469 [debug] [MainThread]: Making package index registry request: GET https://hub.getdbt.com/api/v1/index.json
[0m09:54:39.624053 [debug] [MainThread]: Response from registry index: GET https://hub.getdbt.com/api/v1/index.json 200
[0m09:54:39.627052 [debug] [MainThread]: Making package registry request: GET https://hub.getdbt.com/api/v1/dbt-labs/dbt_utils.json
[0m09:54:40.436794 [debug] [MainThread]: Response from registry: GET https://hub.getdbt.com/api/v1/dbt-labs/dbt_utils.json 200
[0m09:54:40.456351 [info ] [MainThread]: Installing dbt-labs/dbt_utils
[0m09:54:41.712004 [info ] [MainThread]: Installed from version 1.2.0
[0m09:54:41.712004 [info ] [MainThread]: Updated version available: 1.3.1
[0m09:54:41.712004 [debug] [MainThread]: Sending event: {'category': 'dbt', 'action': 'package', 'label': '339736aa-abea-4c76-b5c8-1cc3dede35c6', 'property_': 'install', 'context': [<snowplow_tracker.self_describing_json.SelfDescribingJson object at 0x0000027BCE06E7E0>, <snowplow_tracker.self_describing_json.SelfDescribingJson object at 0x0000027BCE0A6B10>]}
[0m09:54:41.714016 [info ] [MainThread]: 
[0m09:54:41.714016 [info ] [MainThread]: Updates available for packages: ['dbt-labs/dbt_utils']                 
Update your versions in packages.yml, then run dbt deps
[0m09:54:41.714016 [debug] [MainThread]: Command `cli deps` succeeded at 09:54:41.714016 after 3.95 seconds
[0m09:54:41.714016 [debug] [MainThread]: Sending event: {'category': 'dbt', 'action': 'invocation', 'label': 'end', 'context': [<snowplow_tracker.self_describing_json.SelfDescribingJson object at 0x0000027BCCAC2570>, <snowplow_tracker.self_describing_json.SelfDescribingJson object at 0x0000027BCC7A5100>, <snowplow_tracker.self_describing_json.SelfDescribingJson object at 0x0000027BC9C4A360>]}
[0m09:54:41.714016 [debug] [MainThread]: Flushing usage events
[0m09:54:44.088516 [debug] [MainThread]: An error was encountered while trying to flush usage events
[0m14:29:09.634339 [debug] [MainThread]: Sending event: {'category': 'dbt', 'action': 'invocation', 'label': 'start', 'context': [<snowplow_tracker.self_describing_json.SelfDescribingJson object at 0x000002412923EB10>, <snowplow_tracker.self_describing_json.SelfDescribingJson object at 0x00000241267FECF0>, <snowplow_tracker.self_describing_json.SelfDescribingJson object at 0x00000241296E9A60>]}


============================== 14:29:09.639080 | abdccc84-1e57-41c0-af0a-490353a16347 ==============================
[0m14:29:09.639080 [info ] [MainThread]: Running with dbt=1.10.10
[0m14:29:09.640085 [debug] [MainThread]: running dbt with arguments {'partial_parse': 'True', 'static_parser': 'True', 'send_anonymous_usage_stats': 'True', 'version_check': 'True', 'cache_selected_only': 'False', 'target_path': 'None', 'use_colors': 'True', 'invocation_command': 'dbt ', 'log_format': 'default', 'warn_error': 'None', 'introspect': 'True', 'debug': 'False', 'printer_width': '80', 'fail_fast': 'False', 'no_print': 'None', 'empty': 'None', 'quiet': 'False', 'log_cache_events': 'False', 'use_experimental_parser': 'False', 'log_path': 'c:\\Users\\eriku\\Desktop\\DataenginerSTI2024-2026\\Github\\data_warehouse_lifecycle_de24\\10\\dbt_code\\logs', 'indirect_selection': 'eager', 'write_json': 'True', 'warn_error_options': 'WarnErrorOptionsV2(error=[], warn=[], silence=[])', 'profiles_dir': 'C:\\Users\\eriku\\.dbt'}
[0m14:29:09.824241 [debug] [MainThread]: Sending event: {'category': 'dbt', 'action': 'project_id', 'label': 'abdccc84-1e57-41c0-af0a-490353a16347', 'context': [<snowplow_tracker.self_describing_json.SelfDescribingJson object at 0x000002412A31AE70>]}
[0m14:29:09.956550 [debug] [MainThread]: Set downloads directory='C:\Users\eriku\AppData\Local\Temp\dbt-downloads-qvouzdom'
[0m14:29:09.957550 [debug] [MainThread]: Making package index registry request: GET https://hub.getdbt.com/api/v1/index.json
[0m14:29:10.055162 [debug] [MainThread]: Response from registry index: GET https://hub.getdbt.com/api/v1/index.json 200
[0m14:29:10.055162 [debug] [MainThread]: Making package registry request: GET https://hub.getdbt.com/api/v1/dbt-labs/dbt_utils.json
[0m14:29:10.085089 [debug] [MainThread]: Response from registry: GET https://hub.getdbt.com/api/v1/dbt-labs/dbt_utils.json 200
[0m14:29:10.085089 [info ] [MainThread]: Installing dbt-labs/dbt_utils
[0m14:29:10.893336 [error] [MainThread]: Encountered an error:
[WinError 32] Det går inte att komma åt filen eftersom den
används av en annan process: 'dbt_packages\\dbt-utils-1.2.0\\integration_tests'
[0m14:29:11.147187 [error] [MainThread]: Traceback (most recent call last):
  File "C:\Users\eriku\AppData\Local\Programs\Python\Python312\Lib\shutil.py", line 847, in move
    os.rename(src, real_dst)
PermissionError: [WinError 5] Åtkomst nekad: 'dbt_packages\\dbt-utils-1.2.0' -> 'dbt_packages\\dbt_utils'

During handling of the above exception, another exception occurred:

Traceback (most recent call last):
  File "C:\Users\eriku\AppData\Local\Programs\Python\Python312\Lib\site-packages\dbt\cli\requires.py", line 178, in wrapper
    result, success = func(*args, **kwargs)
                      ^^^^^^^^^^^^^^^^^^^^^
  File "C:\Users\eriku\AppData\Local\Programs\Python\Python312\Lib\site-packages\dbt\cli\requires.py", line 128, in wrapper
    return func(*args, **kwargs)
           ^^^^^^^^^^^^^^^^^^^^^
  File "C:\Users\eriku\AppData\Local\Programs\Python\Python312\Lib\site-packages\dbt\cli\requires.py", line 254, in wrapper
    return func(*args, **kwargs)
           ^^^^^^^^^^^^^^^^^^^^^
  File "C:\Users\eriku\AppData\Local\Programs\Python\Python312\Lib\site-packages\dbt\cli\requires.py", line 303, in wrapper
    return func(*args, **kwargs)
           ^^^^^^^^^^^^^^^^^^^^^
  File "C:\Users\eriku\AppData\Local\Programs\Python\Python312\Lib\site-packages\dbt\cli\main.py", line 461, in deps
    results = task.run()
              ^^^^^^^^^^
  File "C:\Users\eriku\AppData\Local\Programs\Python\Python312\Lib\site-packages\dbt\task\deps.py", line 258, in run
    package.install(self.project, renderer)
  File "C:\Users\eriku\AppData\Local\Programs\Python\Python312\Lib\site-packages\dbt\deps\registry.py", line 63, in install
    self._install(project, renderer)
  File "C:\Users\eriku\AppData\Local\Programs\Python\Python312\Lib\site-packages\dbt\deps\base.py", line 121, in _install
    connection_exception_retry(download_untar_fn, 5)
  File "C:\Users\eriku\AppData\Local\Programs\Python\Python312\Lib\site-packages\dbt_common\utils\connection.py", line 22, in connection_exception_retry
    return fn()
           ^^^^
  File "C:\Users\eriku\AppData\Local\Programs\Python\Python312\Lib\site-packages\dbt\deps\base.py", line 133, in download_and_untar
    system.untar_package(tar_path, deps_path, package_name)
  File "C:\Users\eriku\AppData\Local\Programs\Python\Python312\Lib\site-packages\dbt_common\clients\system.py", line 646, in untar_package
    dbt_common.clients.system.rename(downloaded_path, desired_path, force=True)
  File "C:\Users\eriku\AppData\Local\Programs\Python\Python312\Lib\site-packages\dbt_common\clients\system.py", line 609, in rename
    shutil.move(from_path, to_path)
  File "C:\Users\eriku\AppData\Local\Programs\Python\Python312\Lib\shutil.py", line 865, in move
    rmtree(src)
  File "C:\Users\eriku\AppData\Local\Programs\Python\Python312\Lib\shutil.py", line 781, in rmtree
    return _rmtree_unsafe(path, onexc)
           ^^^^^^^^^^^^^^^^^^^^^^^^^^^
  File "C:\Users\eriku\AppData\Local\Programs\Python\Python312\Lib\shutil.py", line 629, in _rmtree_unsafe
    onexc(os.rmdir, fullname, err)
  File "C:\Users\eriku\AppData\Local\Programs\Python\Python312\Lib\shutil.py", line 627, in _rmtree_unsafe
    os.rmdir(fullname)
PermissionError: [WinError 32] Det går inte att komma åt filen eftersom den
används av en annan process: 'dbt_packages\\dbt-utils-1.2.0\\integration_tests'

[0m14:29:11.150435 [debug] [MainThread]: Command `cli deps` failed at 14:29:11.150098 after 1.66 seconds
[0m14:29:11.150435 [debug] [MainThread]: Sending event: {'category': 'dbt', 'action': 'invocation', 'label': 'end', 'context': [<snowplow_tracker.self_describing_json.SelfDescribingJson object at 0x00000241296E9A60>, <snowplow_tracker.self_describing_json.SelfDescribingJson object at 0x0000024129CD1F10>, <snowplow_tracker.self_describing_json.SelfDescribingJson object at 0x000002412B5967B0>]}
[0m14:29:11.152554 [debug] [MainThread]: Flushing usage events
[0m14:29:11.636660 [debug] [MainThread]: An error was encountered while trying to flush usage events
[0m09:35:53.337613 [debug] [MainThread]: Sending event: {'category': 'dbt', 'action': 'invocation', 'label': 'start', 'context': [<snowplow_tracker.self_describing_json.SelfDescribingJson object at 0x0000028D9F04DE20>, <snowplow_tracker.self_describing_json.SelfDescribingJson object at 0x0000028D9E667080>, <snowplow_tracker.self_describing_json.SelfDescribingJson object at 0x0000028DA163BD40>]}


============================== 09:35:53.344616 | 7606dd65-a758-441b-9b69-986258cf8ed6 ==============================
[0m09:35:53.344616 [info ] [MainThread]: Running with dbt=1.10.10
[0m09:35:53.345617 [debug] [MainThread]: running dbt with arguments {'partial_parse': 'True', 'write_json': 'True', 'send_anonymous_usage_stats': 'True', 'use_colors': 'True', 'cache_selected_only': 'False', 'target_path': 'None', 'warn_error': 'None', 'invocation_command': 'dbt ', 'log_format': 'default', 'version_check': 'True', 'introspect': 'True', 'debug': 'False', 'printer_width': '80', 'fail_fast': 'False', 'no_print': 'None', 'quiet': 'False', 'use_experimental_parser': 'False', 'log_cache_events': 'False', 'empty': 'None', 'indirect_selection': 'eager', 'log_path': 'c:\\Users\\eriku\\Desktop\\DataenginerSTI2024-2026\\Github\\data_warehouse_lifecycle_de24\\10\\dbt_code\\logs', 'profiles_dir': 'C:\\Users\\eriku\\.dbt', 'warn_error_options': 'WarnErrorOptionsV2(error=[], warn=[], silence=[])', 'static_parser': 'True'}
[0m09:35:53.711435 [debug] [MainThread]: Sending event: {'category': 'dbt', 'action': 'project_id', 'label': '7606dd65-a758-441b-9b69-986258cf8ed6', 'context': [<snowplow_tracker.self_describing_json.SelfDescribingJson object at 0x0000028DA18DACF0>]}
[0m09:36:21.303239 [debug] [MainThread]: Set downloads directory='C:\Users\eriku\AppData\Local\Temp\dbt-downloads-d67hpprr'
[0m09:36:21.303239 [debug] [MainThread]: Making package index registry request: GET https://hub.getdbt.com/api/v1/index.json
[0m09:36:21.821405 [debug] [MainThread]: Response from registry index: GET https://hub.getdbt.com/api/v1/index.json 200
[0m09:36:21.826055 [debug] [MainThread]: Making package registry request: GET https://hub.getdbt.com/api/v1/dbt-labs/dbt_utils.json
[0m09:36:22.327868 [debug] [MainThread]: Response from registry: GET https://hub.getdbt.com/api/v1/dbt-labs/dbt_utils.json 200
[0m09:36:22.336886 [info ] [MainThread]: Installing dbt-labs/dbt_utils
[0m09:36:23.237727 [info ] [MainThread]: Installed from version 1.2.0
[0m09:36:23.237727 [info ] [MainThread]: Updated version available: 1.3.1
[0m09:36:23.238728 [debug] [MainThread]: Sending event: {'category': 'dbt', 'action': 'package', 'label': '7606dd65-a758-441b-9b69-986258cf8ed6', 'property_': 'install', 'context': [<snowplow_tracker.self_describing_json.SelfDescribingJson object at 0x0000028DA11F1E20>, <snowplow_tracker.self_describing_json.SelfDescribingJson object at 0x0000028DA2CDDEB0>]}
[0m09:36:23.238728 [info ] [MainThread]: 
[0m09:36:23.239728 [info ] [MainThread]: Updates available for packages: ['dbt-labs/dbt_utils']                 
Update your versions in packages.yml, then run dbt deps
[0m09:36:23.241729 [debug] [MainThread]: Command `cli deps` succeeded at 09:36:23.241729 after 30.13 seconds
[0m09:36:23.243287 [debug] [MainThread]: Sending event: {'category': 'dbt', 'action': 'invocation', 'label': 'end', 'context': [<snowplow_tracker.self_describing_json.SelfDescribingJson object at 0x0000028DA15D8590>, <snowplow_tracker.self_describing_json.SelfDescribingJson object at 0x0000028DA12EB560>, <snowplow_tracker.self_describing_json.SelfDescribingJson object at 0x0000028DA12E8EF0>]}
[0m09:36:23.243287 [debug] [MainThread]: Flushing usage events
[0m09:36:24.239240 [debug] [MainThread]: An error was encountered while trying to flush usage events
[0m10:26:57.975434 [debug] [MainThread]: Sending event: {'category': 'dbt', 'action': 'invocation', 'label': 'start', 'context': [<snowplow_tracker.self_describing_json.SelfDescribingJson object at 0x000001F65900E330>, <snowplow_tracker.self_describing_json.SelfDescribingJson object at 0x000001F65863B860>, <snowplow_tracker.self_describing_json.SelfDescribingJson object at 0x000001F65C074170>]}


============================== 10:26:57.984998 | e97de2bf-b061-421f-ad9c-dddc2f956efd ==============================
[0m10:26:57.984998 [info ] [MainThread]: Running with dbt=1.10.10
[0m10:26:57.985525 [debug] [MainThread]: running dbt with arguments {'partial_parse': 'True', 'static_parser': 'True', 'send_anonymous_usage_stats': 'True', 'use_colors': 'True', 'cache_selected_only': 'False', 'target_path': 'None', 'version_check': 'True', 'invocation_command': 'dbt ', 'log_format': 'default', 'warn_error': 'None', 'introspect': 'True', 'debug': 'False', 'log_cache_events': 'False', 'fail_fast': 'False', 'no_print': 'None', 'empty': 'None', 'use_experimental_parser': 'False', 'quiet': 'False', 'printer_width': '80', 'log_path': 'c:\\Users\\eriku\\Desktop\\DataenginerSTI2024-2026\\Github\\data_warehouse_lifecycle_de24\\10\\dbt_code\\logs', 'indirect_selection': 'eager', 'write_json': 'True', 'warn_error_options': 'WarnErrorOptionsV2(error=[], warn=[], silence=[])', 'profiles_dir': 'C:\\Users\\eriku\\.dbt'}
[0m10:26:58.259485 [debug] [MainThread]: Sending event: {'category': 'dbt', 'action': 'project_id', 'label': 'e97de2bf-b061-421f-ad9c-dddc2f956efd', 'context': [<snowplow_tracker.self_describing_json.SelfDescribingJson object at 0x000001F65D459F70>]}
[0m10:26:58.385960 [debug] [MainThread]: Set downloads directory='C:\Users\eriku\AppData\Local\Temp\dbt-downloads-e5fd4the'
[0m10:26:58.390712 [debug] [MainThread]: Making package index registry request: GET https://hub.getdbt.com/api/v1/index.json
[0m10:26:59.123143 [debug] [MainThread]: Response from registry index: GET https://hub.getdbt.com/api/v1/index.json 200
[0m10:26:59.123143 [debug] [MainThread]: Making package registry request: GET https://hub.getdbt.com/api/v1/dbt-labs/dbt_utils.json
[0m10:26:59.800333 [debug] [MainThread]: Response from registry: GET https://hub.getdbt.com/api/v1/dbt-labs/dbt_utils.json 200
[0m10:26:59.812452 [info ] [MainThread]: Installing dbt-labs/dbt_utils
[0m10:27:00.849926 [info ] [MainThread]: Installed from version 1.2.0
[0m10:27:00.849926 [info ] [MainThread]: Updated version available: 1.3.1
[0m10:27:00.849926 [debug] [MainThread]: Sending event: {'category': 'dbt', 'action': 'package', 'label': 'e97de2bf-b061-421f-ad9c-dddc2f956efd', 'property_': 'install', 'context': [<snowplow_tracker.self_describing_json.SelfDescribingJson object at 0x000001F659535A00>, <snowplow_tracker.self_describing_json.SelfDescribingJson object at 0x000001F65D94EC90>]}
[0m10:27:00.856950 [info ] [MainThread]: 
[0m10:27:00.857804 [info ] [MainThread]: Updates available for packages: ['dbt-labs/dbt_utils']                 
Update your versions in packages.yml, then run dbt deps
[0m10:27:00.857804 [debug] [MainThread]: Command `cli deps` succeeded at 10:27:00.857804 after 3.10 seconds
[0m10:27:00.857804 [debug] [MainThread]: Sending event: {'category': 'dbt', 'action': 'invocation', 'label': 'end', 'context': [<snowplow_tracker.self_describing_json.SelfDescribingJson object at 0x000001F65B68E480>, <snowplow_tracker.self_describing_json.SelfDescribingJson object at 0x000001F65C372D80>, <snowplow_tracker.self_describing_json.SelfDescribingJson object at 0x000001F65BD89610>]}
[0m10:27:00.857804 [debug] [MainThread]: Flushing usage events
[0m10:27:01.753266 [debug] [MainThread]: An error was encountered while trying to flush usage events
[0m20:11:07.180996 [debug] [MainThread]: Sending event: {'category': 'dbt', 'action': 'invocation', 'label': 'start', 'context': [<snowplow_tracker.self_describing_json.SelfDescribingJson object at 0x000002AB31708770>, <snowplow_tracker.self_describing_json.SelfDescribingJson object at 0x000002AB31A8E780>, <snowplow_tracker.self_describing_json.SelfDescribingJson object at 0x000002AB31709610>]}


============================== 20:11:07.187504 | 98f21370-59f6-4c3d-9300-0be6ea038d03 ==============================
[0m20:11:07.187504 [info ] [MainThread]: Running with dbt=1.10.10
[0m20:11:07.188512 [debug] [MainThread]: running dbt with arguments {'partial_parse': 'True', 'warn_error_options': 'WarnErrorOptionsV2(error=[], warn=[], silence=[])', 'send_anonymous_usage_stats': 'True', 'warn_error': 'None', 'cache_selected_only': 'False', 'target_path': 'None', 'version_check': 'True', 'invocation_command': 'dbt ', 'log_format': 'default', 'use_colors': 'True', 'introspect': 'True', 'debug': 'False', 'printer_width': '80', 'fail_fast': 'False', 'no_print': 'None', 'quiet': 'False', 'use_experimental_parser': 'False', 'empty': 'None', 'log_cache_events': 'False', 'indirect_selection': 'eager', 'log_path': 'c:\\Users\\eriku\\Desktop\\DataenginerSTI2024-2026\\Github\\data_warehouse_lifecycle_de24\\10\\dbt_code\\logs', 'write_json': 'True', 'static_parser': 'True', 'profiles_dir': 'C:\\Users\\eriku\\.dbt'}
[0m20:11:07.685624 [debug] [MainThread]: Sending event: {'category': 'dbt', 'action': 'project_id', 'label': '98f21370-59f6-4c3d-9300-0be6ea038d03', 'context': [<snowplow_tracker.self_describing_json.SelfDescribingJson object at 0x000002AB314A62A0>]}
[0m20:11:07.995661 [debug] [MainThread]: Set downloads directory='C:\Users\eriku\AppData\Local\Temp\dbt-downloads-clx15qvd'
[0m20:11:07.997170 [debug] [MainThread]: Making package index registry request: GET https://hub.getdbt.com/api/v1/index.json
[0m20:11:08.127617 [debug] [MainThread]: Response from registry index: GET https://hub.getdbt.com/api/v1/index.json 200
[0m20:11:08.129715 [debug] [MainThread]: Making package registry request: GET https://hub.getdbt.com/api/v1/dbt-labs/dbt_utils.json
[0m20:11:08.166459 [debug] [MainThread]: Response from registry: GET https://hub.getdbt.com/api/v1/dbt-labs/dbt_utils.json 200
[0m20:11:08.177534 [info ] [MainThread]: Installing dbt-labs/dbt_utils
[0m20:11:09.116225 [info ] [MainThread]: Installed from version 1.2.0
[0m20:11:09.118756 [info ] [MainThread]: Updated version available: 1.3.1
[0m20:11:09.121284 [debug] [MainThread]: Sending event: {'category': 'dbt', 'action': 'package', 'label': '98f21370-59f6-4c3d-9300-0be6ea038d03', 'property_': 'install', 'context': [<snowplow_tracker.self_describing_json.SelfDescribingJson object at 0x000002AB31B5A6F0>, <snowplow_tracker.self_describing_json.SelfDescribingJson object at 0x000002AB32DCF620>]}
[0m20:11:09.122280 [info ] [MainThread]: 
[0m20:11:09.123280 [info ] [MainThread]: Updates available for packages: ['dbt-labs/dbt_utils']                 
Update your versions in packages.yml, then run dbt deps
[0m20:11:09.125732 [debug] [MainThread]: Command `cli deps` succeeded at 20:11:09.125732 after 2.15 seconds
[0m20:11:09.127242 [debug] [MainThread]: Sending event: {'category': 'dbt', 'action': 'invocation', 'label': 'end', 'context': [<snowplow_tracker.self_describing_json.SelfDescribingJson object at 0x000002AB31BE39B0>, <snowplow_tracker.self_describing_json.SelfDescribingJson object at 0x000002AB314A62A0>, <snowplow_tracker.self_describing_json.SelfDescribingJson object at 0x000002AB32E911C0>]}
[0m20:11:09.128510 [debug] [MainThread]: Flushing usage events
[0m20:11:09.573573 [debug] [MainThread]: An error was encountered while trying to flush usage events
[0m14:57:56.549231 [debug] [MainThread]: Sending event: {'category': 'dbt', 'action': 'invocation', 'label': 'start', 'context': [<snowplow_tracker.self_describing_json.SelfDescribingJson object at 0x00000191DBEFEBA0>, <snowplow_tracker.self_describing_json.SelfDescribingJson object at 0x00000191DCE57950>, <snowplow_tracker.self_describing_json.SelfDescribingJson object at 0x00000191D9D6D430>]}


============================== 14:57:56.560041 | 525e0a14-233e-460f-b655-677c228f5839 ==============================
[0m14:57:56.560041 [info ] [MainThread]: Running with dbt=1.10.10
[0m14:57:56.561368 [debug] [MainThread]: running dbt with arguments {'partial_parse': 'True', 'static_parser': 'True', 'send_anonymous_usage_stats': 'True', 'version_check': 'True', 'cache_selected_only': 'False', 'target_path': 'None', 'warn_error': 'None', 'invocation_command': 'dbt ', 'log_format': 'default', 'use_colors': 'True', 'introspect': 'True', 'debug': 'False', 'log_cache_events': 'False', 'fail_fast': 'False', 'no_print': 'None', 'empty': 'None', 'quiet': 'False', 'printer_width': '80', 'use_experimental_parser': 'False', 'log_path': 'c:\\Users\\eriku\\Desktop\\DataenginerSTI2024-2026\\Github\\data_warehouse_lifecycle_de24\\10\\dbt_code\\logs', 'indirect_selection': 'eager', 'profiles_dir': 'C:\\Users\\eriku\\.dbt', 'warn_error_options': 'WarnErrorOptionsV2(error=[], warn=[], silence=[])', 'write_json': 'True'}
[0m14:57:56.960823 [debug] [MainThread]: Sending event: {'category': 'dbt', 'action': 'project_id', 'label': '525e0a14-233e-460f-b655-677c228f5839', 'context': [<snowplow_tracker.self_describing_json.SelfDescribingJson object at 0x00000191DCE578F0>]}
[0m14:57:57.178528 [debug] [MainThread]: Set downloads directory='C:\Users\eriku\AppData\Local\Temp\dbt-downloads-itmhy_jb'
[0m14:57:57.180521 [debug] [MainThread]: Making package index registry request: GET https://hub.getdbt.com/api/v1/index.json
[0m14:57:57.256470 [debug] [MainThread]: Response from registry index: GET https://hub.getdbt.com/api/v1/index.json 200
[0m14:57:57.257471 [debug] [MainThread]: Making package registry request: GET https://hub.getdbt.com/api/v1/dbt-labs/dbt_utils.json
[0m14:57:57.295739 [debug] [MainThread]: Response from registry: GET https://hub.getdbt.com/api/v1/dbt-labs/dbt_utils.json 200
[0m14:57:57.306829 [info ] [MainThread]: Installing dbt-labs/dbt_utils
[0m14:57:59.866533 [error] [MainThread]: Encountered an error:
[WinError 32] Det går inte att komma åt filen eftersom den
används av en annan process: 'dbt_packages\\dbt-utils-1.2.0\\integration_tests'
[0m14:58:00.297707 [error] [MainThread]: Traceback (most recent call last):
  File "C:\Users\eriku\AppData\Local\Programs\Python\Python312\Lib\shutil.py", line 847, in move
    os.rename(src, real_dst)
PermissionError: [WinError 32] Det går inte att komma åt filen eftersom den
används av en annan process: 'dbt_packages\\dbt-utils-1.2.0' -> 'dbt_packages\\dbt_utils'

During handling of the above exception, another exception occurred:

Traceback (most recent call last):
  File "C:\Users\eriku\AppData\Local\Programs\Python\Python312\Lib\site-packages\dbt\cli\requires.py", line 178, in wrapper
    result, success = func(*args, **kwargs)
                      ^^^^^^^^^^^^^^^^^^^^^
  File "C:\Users\eriku\AppData\Local\Programs\Python\Python312\Lib\site-packages\dbt\cli\requires.py", line 128, in wrapper
    return func(*args, **kwargs)
           ^^^^^^^^^^^^^^^^^^^^^
  File "C:\Users\eriku\AppData\Local\Programs\Python\Python312\Lib\site-packages\dbt\cli\requires.py", line 254, in wrapper
    return func(*args, **kwargs)
           ^^^^^^^^^^^^^^^^^^^^^
  File "C:\Users\eriku\AppData\Local\Programs\Python\Python312\Lib\site-packages\dbt\cli\requires.py", line 303, in wrapper
    return func(*args, **kwargs)
           ^^^^^^^^^^^^^^^^^^^^^
  File "C:\Users\eriku\AppData\Local\Programs\Python\Python312\Lib\site-packages\dbt\cli\main.py", line 461, in deps
    results = task.run()
              ^^^^^^^^^^
  File "C:\Users\eriku\AppData\Local\Programs\Python\Python312\Lib\site-packages\dbt\task\deps.py", line 258, in run
    package.install(self.project, renderer)
  File "C:\Users\eriku\AppData\Local\Programs\Python\Python312\Lib\site-packages\dbt\deps\registry.py", line 63, in install
    self._install(project, renderer)
  File "C:\Users\eriku\AppData\Local\Programs\Python\Python312\Lib\site-packages\dbt\deps\base.py", line 121, in _install
    connection_exception_retry(download_untar_fn, 5)
  File "C:\Users\eriku\AppData\Local\Programs\Python\Python312\Lib\site-packages\dbt_common\utils\connection.py", line 22, in connection_exception_retry
    return fn()
           ^^^^
  File "C:\Users\eriku\AppData\Local\Programs\Python\Python312\Lib\site-packages\dbt\deps\base.py", line 133, in download_and_untar
    system.untar_package(tar_path, deps_path, package_name)
  File "C:\Users\eriku\AppData\Local\Programs\Python\Python312\Lib\site-packages\dbt_common\clients\system.py", line 646, in untar_package
    dbt_common.clients.system.rename(downloaded_path, desired_path, force=True)
  File "C:\Users\eriku\AppData\Local\Programs\Python\Python312\Lib\site-packages\dbt_common\clients\system.py", line 609, in rename
    shutil.move(from_path, to_path)
  File "C:\Users\eriku\AppData\Local\Programs\Python\Python312\Lib\shutil.py", line 865, in move
    rmtree(src)
  File "C:\Users\eriku\AppData\Local\Programs\Python\Python312\Lib\shutil.py", line 781, in rmtree
    return _rmtree_unsafe(path, onexc)
           ^^^^^^^^^^^^^^^^^^^^^^^^^^^
  File "C:\Users\eriku\AppData\Local\Programs\Python\Python312\Lib\shutil.py", line 629, in _rmtree_unsafe
    onexc(os.rmdir, fullname, err)
  File "C:\Users\eriku\AppData\Local\Programs\Python\Python312\Lib\shutil.py", line 627, in _rmtree_unsafe
    os.rmdir(fullname)
PermissionError: [WinError 32] Det går inte att komma åt filen eftersom den
används av en annan process: 'dbt_packages\\dbt-utils-1.2.0\\integration_tests'

[0m14:58:00.303709 [debug] [MainThread]: Command `cli deps` failed at 14:58:00.302721 after 4.06 seconds
[0m14:58:00.304708 [debug] [MainThread]: Sending event: {'category': 'dbt', 'action': 'invocation', 'label': 'end', 'context': [<snowplow_tracker.self_describing_json.SelfDescribingJson object at 0x00000191DA327380>, <snowplow_tracker.self_describing_json.SelfDescribingJson object at 0x00000191DE0CD310>, <snowplow_tracker.self_describing_json.SelfDescribingJson object at 0x00000191DE0CF080>]}
[0m14:58:00.306709 [debug] [MainThread]: Flushing usage events
[0m14:58:00.833958 [debug] [MainThread]: An error was encountered while trying to flush usage events
[0m16:17:39.595843 [debug] [MainThread]: Sending event: {'category': 'dbt', 'action': 'invocation', 'label': 'start', 'context': [<snowplow_tracker.self_describing_json.SelfDescribingJson object at 0x000001367F5356A0>, <snowplow_tracker.self_describing_json.SelfDescribingJson object at 0x000001367D3A7DA0>, <snowplow_tracker.self_describing_json.SelfDescribingJson object at 0x000001367FB8C170>]}


============================== 16:17:39.605627 | 411165bb-be7b-4477-8b9b-0699dd220e7b ==============================
[0m16:17:39.605627 [info ] [MainThread]: Running with dbt=1.10.10
[0m16:17:39.607877 [debug] [MainThread]: running dbt with arguments {'partial_parse': 'True', 'static_parser': 'True', 'send_anonymous_usage_stats': 'True', 'version_check': 'True', 'cache_selected_only': 'False', 'target_path': 'None', 'use_colors': 'True', 'invocation_command': 'dbt ', 'log_format': 'default', 'warn_error': 'None', 'introspect': 'True', 'debug': 'False', 'log_cache_events': 'False', 'fail_fast': 'False', 'no_print': 'None', 'quiet': 'False', 'empty': 'None', 'printer_width': '80', 'use_experimental_parser': 'False', 'log_path': 'c:\\Users\\eriku\\Desktop\\DataenginerSTI2024-2026\\Github\\data_warehouse_lifecycle_de24\\10\\dbt_code\\logs', 'indirect_selection': 'eager', 'profiles_dir': 'C:\\Users\\eriku\\.dbt', 'warn_error_options': 'WarnErrorOptionsV2(error=[], warn=[], silence=[])', 'write_json': 'True'}
[0m16:17:40.265238 [debug] [MainThread]: Sending event: {'category': 'dbt', 'action': 'project_id', 'label': '411165bb-be7b-4477-8b9b-0699dd220e7b', 'context': [<snowplow_tracker.self_describing_json.SelfDescribingJson object at 0x000001367F91C350>]}
[0m16:18:33.822062 [debug] [MainThread]: Set downloads directory='C:\Users\eriku\AppData\Local\Temp\dbt-downloads-cdnghzob'
[0m16:18:33.823077 [debug] [MainThread]: Making package index registry request: GET https://hub.getdbt.com/api/v1/index.json
[0m16:18:33.890594 [debug] [MainThread]: Response from registry index: GET https://hub.getdbt.com/api/v1/index.json 200
[0m16:18:33.891594 [debug] [MainThread]: Making package registry request: GET https://hub.getdbt.com/api/v1/dbt-labs/dbt_utils.json
[0m16:18:33.919050 [debug] [MainThread]: Response from registry: GET https://hub.getdbt.com/api/v1/dbt-labs/dbt_utils.json 200
[0m16:18:33.931863 [info ] [MainThread]: Installing dbt-labs/dbt_utils
[0m16:18:34.737446 [info ] [MainThread]: Installed from version 1.2.0
[0m16:18:34.738443 [info ] [MainThread]: Updated version available: 1.3.1
[0m16:18:34.739443 [debug] [MainThread]: Sending event: {'category': 'dbt', 'action': 'package', 'label': '411165bb-be7b-4477-8b9b-0699dd220e7b', 'property_': 'install', 'context': [<snowplow_tracker.self_describing_json.SelfDescribingJson object at 0x00000136004BBB90>, <snowplow_tracker.self_describing_json.SelfDescribingJson object at 0x0000013601B57FE0>]}
[0m16:18:34.740443 [info ] [MainThread]: 
[0m16:18:34.741451 [info ] [MainThread]: Updates available for packages: ['dbt-labs/dbt_utils']                 
Update your versions in packages.yml, then run dbt deps
[0m16:18:34.744453 [debug] [MainThread]: Command `cli deps` succeeded at 16:18:34.744453 after 55.83 seconds
[0m16:18:34.745455 [debug] [MainThread]: Sending event: {'category': 'dbt', 'action': 'invocation', 'label': 'end', 'context': [<snowplow_tracker.self_describing_json.SelfDescribingJson object at 0x000001367F971040>, <snowplow_tracker.self_describing_json.SelfDescribingJson object at 0x000001367F973380>, <snowplow_tracker.self_describing_json.SelfDescribingJson object at 0x0000013600092300>]}
[0m16:18:34.746453 [debug] [MainThread]: Flushing usage events
[0m16:18:35.399306 [debug] [MainThread]: An error was encountered while trying to flush usage events
[0m09:27:31.529949 [debug] [MainThread]: Sending event: {'category': 'dbt', 'action': 'invocation', 'label': 'start', 'context': [<snowplow_tracker.self_describing_json.SelfDescribingJson object at 0x000002A629D8B530>, <snowplow_tracker.self_describing_json.SelfDescribingJson object at 0x000002A629DB8E30>, <snowplow_tracker.self_describing_json.SelfDescribingJson object at 0x000002A62915EB70>]}


============================== 09:27:31.536495 | ae3e2590-8d25-453f-af35-01fb88530353 ==============================
[0m09:27:31.536495 [info ] [MainThread]: Running with dbt=1.10.10
[0m09:27:31.537495 [debug] [MainThread]: running dbt with arguments {'partial_parse': 'True', 'write_json': 'True', 'send_anonymous_usage_stats': 'True', 'use_colors': 'True', 'cache_selected_only': 'False', 'target_path': 'None', 'version_check': 'True', 'invocation_command': 'dbt ', 'log_format': 'default', 'warn_error': 'None', 'introspect': 'True', 'debug': 'False', 'log_cache_events': 'False', 'fail_fast': 'False', 'no_print': 'None', 'quiet': 'False', 'empty': 'None', 'use_experimental_parser': 'False', 'printer_width': '80', 'log_path': 'c:\\Users\\eriku\\Desktop\\DataenginerSTI2024-2026\\Github\\data_warehouse_lifecycle_de24\\10\\dbt_code\\logs', 'indirect_selection': 'eager', 'profiles_dir': 'C:\\Users\\eriku\\.dbt', 'warn_error_options': 'WarnErrorOptionsV2(error=[], warn=[], silence=[])', 'static_parser': 'True'}
[0m09:27:31.812646 [debug] [MainThread]: Sending event: {'category': 'dbt', 'action': 'project_id', 'label': 'ae3e2590-8d25-453f-af35-01fb88530353', 'context': [<snowplow_tracker.self_describing_json.SelfDescribingJson object at 0x000002A629DDBA40>]}
[0m09:27:32.010435 [debug] [MainThread]: Set downloads directory='C:\Users\eriku\AppData\Local\Temp\dbt-downloads-dowa4toi'
[0m09:27:32.011514 [debug] [MainThread]: Making package index registry request: GET https://hub.getdbt.com/api/v1/index.json
[0m09:27:32.237853 [debug] [MainThread]: Response from registry index: GET https://hub.getdbt.com/api/v1/index.json 200
[0m09:27:32.239860 [debug] [MainThread]: Making package registry request: GET https://hub.getdbt.com/api/v1/dbt-labs/dbt_utils.json
[0m09:27:32.388841 [debug] [MainThread]: Response from registry: GET https://hub.getdbt.com/api/v1/dbt-labs/dbt_utils.json 200
[0m09:27:32.401469 [info ] [MainThread]: Installing dbt-labs/dbt_utils
[0m09:27:33.404506 [info ] [MainThread]: Installed from version 1.2.0
[0m09:27:33.405516 [info ] [MainThread]: Updated version available: 1.3.1
[0m09:27:33.406516 [debug] [MainThread]: Sending event: {'category': 'dbt', 'action': 'package', 'label': 'ae3e2590-8d25-453f-af35-01fb88530353', 'property_': 'install', 'context': [<snowplow_tracker.self_describing_json.SelfDescribingJson object at 0x000002A62B70C440>, <snowplow_tracker.self_describing_json.SelfDescribingJson object at 0x000002A62B70C7A0>]}
[0m09:27:33.407518 [info ] [MainThread]: 
[0m09:27:33.408520 [info ] [MainThread]: Updates available for packages: ['dbt-labs/dbt_utils']                 
Update your versions in packages.yml, then run dbt deps
[0m09:27:33.413533 [debug] [MainThread]: Command `cli deps` succeeded at 09:27:33.412534 after 2.11 seconds
[0m09:27:33.414532 [debug] [MainThread]: Sending event: {'category': 'dbt', 'action': 'invocation', 'label': 'end', 'context': [<snowplow_tracker.self_describing_json.SelfDescribingJson object at 0x000002A623B57C20>, <snowplow_tracker.self_describing_json.SelfDescribingJson object at 0x000002A629C37B60>, <snowplow_tracker.self_describing_json.SelfDescribingJson object at 0x000002A62955A060>]}
[0m09:27:33.417049 [debug] [MainThread]: Flushing usage events
[0m09:27:34.132850 [debug] [MainThread]: An error was encountered while trying to flush usage events
[0m10:09:14.901926 [debug] [MainThread]: Sending event: {'category': 'dbt', 'action': 'invocation', 'label': 'start', 'context': [<snowplow_tracker.self_describing_json.SelfDescribingJson object at 0x000001AD3B2F2E10>, <snowplow_tracker.self_describing_json.SelfDescribingJson object at 0x000001AD3B79F770>, <snowplow_tracker.self_describing_json.SelfDescribingJson object at 0x000001AD386A6E10>]}


============================== 10:09:14.907834 | a02ea2ae-bad0-4c0d-b55b-a0699e1b7b46 ==============================
[0m10:09:14.907834 [info ] [MainThread]: Running with dbt=1.10.10
[0m10:09:14.908834 [debug] [MainThread]: running dbt with arguments {'partial_parse': 'True', 'profiles_dir': 'C:\\Users\\eriku\\.dbt', 'send_anonymous_usage_stats': 'True', 'version_check': 'True', 'cache_selected_only': 'False', 'target_path': 'None', 'warn_error': 'None', 'invocation_command': 'dbt ', 'log_format': 'default', 'use_colors': 'True', 'introspect': 'True', 'debug': 'False', 'log_cache_events': 'False', 'fail_fast': 'False', 'no_print': 'None', 'empty': 'None', 'printer_width': '80', 'quiet': 'False', 'use_experimental_parser': 'False', 'indirect_selection': 'eager', 'log_path': 'c:\\Users\\eriku\\Desktop\\DataenginerSTI2024-2026\\Github\\data_warehouse_lifecycle_de24\\10\\dbt_code\\logs', 'write_json': 'True', 'static_parser': 'True', 'warn_error_options': 'WarnErrorOptionsV2(error=[], warn=[], silence=[])'}
[0m10:09:15.169644 [debug] [MainThread]: Sending event: {'category': 'dbt', 'action': 'project_id', 'label': 'a02ea2ae-bad0-4c0d-b55b-a0699e1b7b46', 'context': [<snowplow_tracker.self_describing_json.SelfDescribingJson object at 0x000001AD3BA2A000>]}
[0m10:09:15.315990 [debug] [MainThread]: Set downloads directory='C:\Users\eriku\AppData\Local\Temp\dbt-downloads-x9req9fn'
[0m10:09:15.317004 [debug] [MainThread]: Making package index registry request: GET https://hub.getdbt.com/api/v1/index.json
[0m10:09:16.805310 [debug] [MainThread]: Response from registry index: GET https://hub.getdbt.com/api/v1/index.json 200
[0m10:09:16.808614 [debug] [MainThread]: Making package registry request: GET https://hub.getdbt.com/api/v1/dbt-labs/dbt_utils.json
[0m10:09:18.002036 [debug] [MainThread]: Response from registry: GET https://hub.getdbt.com/api/v1/dbt-labs/dbt_utils.json 200
[0m10:09:18.006639 [info ] [MainThread]: Installing dbt-labs/dbt_utils
[0m10:09:19.977344 [info ] [MainThread]: Installed from version 1.2.0
[0m10:09:19.980342 [info ] [MainThread]: Updated version available: 1.3.1
[0m10:09:19.981848 [debug] [MainThread]: Sending event: {'category': 'dbt', 'action': 'package', 'label': 'a02ea2ae-bad0-4c0d-b55b-a0699e1b7b46', 'property_': 'install', 'context': [<snowplow_tracker.self_describing_json.SelfDescribingJson object at 0x000001AD3CEEB590>, <snowplow_tracker.self_describing_json.SelfDescribingJson object at 0x000001AD3CEEB860>]}
[0m10:09:19.982857 [info ] [MainThread]: 
[0m10:09:19.982857 [info ] [MainThread]: Updates available for packages: ['dbt-labs/dbt_utils']                 
Update your versions in packages.yml, then run dbt deps
[0m10:09:19.986037 [debug] [MainThread]: Command `cli deps` succeeded at 10:09:19.986037 after 5.27 seconds
[0m10:09:19.987046 [debug] [MainThread]: Sending event: {'category': 'dbt', 'action': 'invocation', 'label': 'end', 'context': [<snowplow_tracker.self_describing_json.SelfDescribingJson object at 0x000001AD3B7C3860>, <snowplow_tracker.self_describing_json.SelfDescribingJson object at 0x000001AD3B1960F0>, <snowplow_tracker.self_describing_json.SelfDescribingJson object at 0x000001AD3B2F39E0>]}
[0m10:09:19.988046 [debug] [MainThread]: Flushing usage events
[0m10:09:21.383116 [debug] [MainThread]: An error was encountered while trying to flush usage events
[0m11:40:45.893344 [debug] [MainThread]: Sending event: {'category': 'dbt', 'action': 'invocation', 'label': 'start', 'context': [<snowplow_tracker.self_describing_json.SelfDescribingJson object at 0x00000229CE485790>, <snowplow_tracker.self_describing_json.SelfDescribingJson object at 0x00000229CE4BA900>, <snowplow_tracker.self_describing_json.SelfDescribingJson object at 0x00000229D122EE70>]}


============================== 11:40:45.902605 | f30f63d1-b4b0-4b16-9eaf-af549349cf52 ==============================
[0m11:40:45.902605 [info ] [MainThread]: Running with dbt=1.10.10
[0m11:40:45.902605 [debug] [MainThread]: running dbt with arguments {'partial_parse': 'True', 'warn_error_options': 'WarnErrorOptionsV2(error=[], warn=[], silence=[])', 'send_anonymous_usage_stats': 'True', 'warn_error': 'None', 'cache_selected_only': 'False', 'target_path': 'None', 'use_colors': 'True', 'invocation_command': 'dbt ', 'log_format': 'default', 'version_check': 'True', 'introspect': 'True', 'debug': 'False', 'printer_width': '80', 'fail_fast': 'False', 'no_print': 'None', 'empty': 'None', 'log_cache_events': 'False', 'quiet': 'False', 'use_experimental_parser': 'False', 'log_path': 'c:\\Users\\eriku\\Desktop\\DataenginerSTI2024-2026\\Github\\data_warehouse_lifecycle_de24\\10\\dbt_code\\logs', 'indirect_selection': 'eager', 'write_json': 'True', 'static_parser': 'True', 'profiles_dir': 'C:\\Users\\eriku\\.dbt'}
[0m11:40:46.207877 [debug] [MainThread]: Sending event: {'category': 'dbt', 'action': 'project_id', 'label': 'f30f63d1-b4b0-4b16-9eaf-af549349cf52', 'context': [<snowplow_tracker.self_describing_json.SelfDescribingJson object at 0x00000229D284A0C0>]}
[0m11:40:46.382357 [debug] [MainThread]: Set downloads directory='C:\Users\eriku\AppData\Local\Temp\dbt-downloads-mgru7oik'
[0m11:40:46.383356 [debug] [MainThread]: Making package index registry request: GET https://hub.getdbt.com/api/v1/index.json
[0m11:40:47.707343 [debug] [MainThread]: Response from registry index: GET https://hub.getdbt.com/api/v1/index.json 200
[0m11:40:47.710341 [debug] [MainThread]: Making package registry request: GET https://hub.getdbt.com/api/v1/dbt-labs/dbt_utils.json
[0m11:40:48.944650 [debug] [MainThread]: Response from registry: GET https://hub.getdbt.com/api/v1/dbt-labs/dbt_utils.json 200
[0m11:40:48.955654 [info ] [MainThread]: Installing dbt-labs/dbt_utils
[0m11:40:51.958420 [info ] [MainThread]: Installed from version 1.2.0
[0m11:40:51.959420 [info ] [MainThread]: Updated version available: 1.3.1
[0m11:40:51.959420 [debug] [MainThread]: Sending event: {'category': 'dbt', 'action': 'package', 'label': 'f30f63d1-b4b0-4b16-9eaf-af549349cf52', 'property_': 'install', 'context': [<snowplow_tracker.self_describing_json.SelfDescribingJson object at 0x00000229D2D1AB70>, <snowplow_tracker.self_describing_json.SelfDescribingJson object at 0x00000229D0BE5CA0>]}
[0m11:40:51.962050 [info ] [MainThread]: 
[0m11:40:51.962050 [info ] [MainThread]: Updates available for packages: ['dbt-labs/dbt_utils']                 
Update your versions in packages.yml, then run dbt deps
[0m11:40:51.967586 [debug] [MainThread]: Command `cli deps` succeeded at 11:40:51.966578 after 6.30 seconds
[0m11:40:51.968587 [debug] [MainThread]: Sending event: {'category': 'dbt', 'action': 'invocation', 'label': 'end', 'context': [<snowplow_tracker.self_describing_json.SelfDescribingJson object at 0x00000229D28732C0>, <snowplow_tracker.self_describing_json.SelfDescribingJson object at 0x00000229D2873EF0>, <snowplow_tracker.self_describing_json.SelfDescribingJson object at 0x00000229D06BBE90>]}
[0m11:40:51.969588 [debug] [MainThread]: Flushing usage events
[0m11:40:54.402546 [debug] [MainThread]: An error was encountered while trying to flush usage events
[0m13:08:09.463805 [debug] [MainThread]: Sending event: {'category': 'dbt', 'action': 'invocation', 'label': 'start', 'context': [<snowplow_tracker.self_describing_json.SelfDescribingJson object at 0x00000243C8966DE0>, <snowplow_tracker.self_describing_json.SelfDescribingJson object at 0x00000243CB5E8E00>, <snowplow_tracker.self_describing_json.SelfDescribingJson object at 0x00000243CB5E8980>]}


============================== 13:08:09.474748 | 0eed770c-0a29-494e-a21a-d79ca4af1f66 ==============================
[0m13:08:09.474748 [info ] [MainThread]: Running with dbt=1.10.10
[0m13:08:09.474748 [debug] [MainThread]: running dbt with arguments {'partial_parse': 'True', 'profiles_dir': 'C:\\Users\\eriku\\.dbt', 'send_anonymous_usage_stats': 'True', 'use_colors': 'True', 'cache_selected_only': 'False', 'target_path': 'None', 'warn_error': 'None', 'invocation_command': 'dbt ', 'log_format': 'default', 'version_check': 'True', 'introspect': 'True', 'debug': 'False', 'printer_width': '80', 'fail_fast': 'False', 'no_print': 'None', 'empty': 'None', 'log_cache_events': 'False', 'quiet': 'False', 'use_experimental_parser': 'False', 'log_path': 'c:\\Users\\eriku\\Desktop\\DataenginerSTI2024-2026\\Github\\data_warehouse_lifecycle_de24\\10\\dbt_code\\logs', 'indirect_selection': 'eager', 'write_json': 'True', 'warn_error_options': 'WarnErrorOptionsV2(error=[], warn=[], silence=[])', 'static_parser': 'True'}
[0m13:08:09.720606 [debug] [MainThread]: Sending event: {'category': 'dbt', 'action': 'project_id', 'label': '0eed770c-0a29-494e-a21a-d79ca4af1f66', 'context': [<snowplow_tracker.self_describing_json.SelfDescribingJson object at 0x00000243CCC05DC0>]}
[0m13:08:09.840844 [debug] [MainThread]: Set downloads directory='C:\Users\eriku\AppData\Local\Temp\dbt-downloads-uq543yuc'
[0m13:08:09.840844 [debug] [MainThread]: Making package index registry request: GET https://hub.getdbt.com/api/v1/index.json
[0m13:08:10.597045 [debug] [MainThread]: Response from registry index: GET https://hub.getdbt.com/api/v1/index.json 200
[0m13:08:10.598960 [debug] [MainThread]: Making package registry request: GET https://hub.getdbt.com/api/v1/dbt-labs/dbt_utils.json
[0m13:08:11.536330 [debug] [MainThread]: Response from registry: GET https://hub.getdbt.com/api/v1/dbt-labs/dbt_utils.json 200
[0m13:08:11.546196 [info ] [MainThread]: Installing dbt-labs/dbt_utils
[0m13:08:13.204015 [info ] [MainThread]: Installed from version 1.2.0
[0m13:08:13.205025 [info ] [MainThread]: Updated version available: 1.3.1
[0m13:08:13.206022 [debug] [MainThread]: Sending event: {'category': 'dbt', 'action': 'package', 'label': '0eed770c-0a29-494e-a21a-d79ca4af1f66', 'property_': 'install', 'context': [<snowplow_tracker.self_describing_json.SelfDescribingJson object at 0x00000243CCCBAAE0>, <snowplow_tracker.self_describing_json.SelfDescribingJson object at 0x00000243CD13EC00>]}
[0m13:08:13.206022 [info ] [MainThread]: 
[0m13:08:13.207025 [info ] [MainThread]: Updates available for packages: ['dbt-labs/dbt_utils']                 
Update your versions in packages.yml, then run dbt deps
[0m13:08:13.210031 [debug] [MainThread]: Command `cli deps` succeeded at 13:08:13.210031 after 3.98 seconds
[0m13:08:13.211032 [debug] [MainThread]: Sending event: {'category': 'dbt', 'action': 'invocation', 'label': 'end', 'context': [<snowplow_tracker.self_describing_json.SelfDescribingJson object at 0x00000243CB935280>, <snowplow_tracker.self_describing_json.SelfDescribingJson object at 0x00000243CB9C9D00>, <snowplow_tracker.self_describing_json.SelfDescribingJson object at 0x00000243CB9CA750>]}
[0m13:08:13.211032 [debug] [MainThread]: Flushing usage events
[0m13:08:16.566911 [debug] [MainThread]: An error was encountered while trying to flush usage events
[0m13:10:40.704676 [debug] [MainThread]: Sending event: {'category': 'dbt', 'action': 'invocation', 'label': 'start', 'context': [<snowplow_tracker.self_describing_json.SelfDescribingJson object at 0x000001A1A71F3B30>, <snowplow_tracker.self_describing_json.SelfDescribingJson object at 0x000001A1A45A6D80>, <snowplow_tracker.self_describing_json.SelfDescribingJson object at 0x000001A1A7224E30>]}


============================== 13:10:40.712706 | 55591fdf-15e0-4d77-b332-29583be64d3f ==============================
[0m13:10:40.712706 [info ] [MainThread]: Running with dbt=1.10.10
[0m13:10:40.714713 [debug] [MainThread]: running dbt with arguments {'partial_parse': 'True', 'write_json': 'True', 'send_anonymous_usage_stats': 'True', 'use_colors': 'True', 'cache_selected_only': 'False', 'target_path': 'None', 'warn_error': 'None', 'invocation_command': 'dbt ', 'log_format': 'default', 'version_check': 'True', 'introspect': 'True', 'debug': 'False', 'printer_width': '80', 'fail_fast': 'False', 'no_print': 'None', 'quiet': 'False', 'use_experimental_parser': 'False', 'empty': 'None', 'log_cache_events': 'False', 'log_path': 'c:\\Users\\eriku\\Desktop\\DataenginerSTI2024-2026\\Github\\data_warehouse_lifecycle_de24\\10\\dbt_code\\logs', 'indirect_selection': 'eager', 'profiles_dir': 'C:\\Users\\eriku\\.dbt', 'static_parser': 'True', 'warn_error_options': 'WarnErrorOptionsV2(error=[], warn=[], silence=[])'}
[0m13:10:41.236880 [debug] [MainThread]: Sending event: {'category': 'dbt', 'action': 'project_id', 'label': '55591fdf-15e0-4d77-b332-29583be64d3f', 'context': [<snowplow_tracker.self_describing_json.SelfDescribingJson object at 0x000001A1A75AD670>]}
[0m13:10:41.427807 [debug] [MainThread]: Set downloads directory='C:\Users\eriku\AppData\Local\Temp\dbt-downloads-kysw5fhm'
[0m13:10:41.428381 [debug] [MainThread]: Making package index registry request: GET https://hub.getdbt.com/api/v1/index.json
[0m13:10:42.497860 [debug] [MainThread]: Response from registry index: GET https://hub.getdbt.com/api/v1/index.json 200
[0m13:10:42.500381 [debug] [MainThread]: Making package registry request: GET https://hub.getdbt.com/api/v1/dbt-labs/dbt_utils.json
[0m13:10:43.746643 [debug] [MainThread]: Response from registry: GET https://hub.getdbt.com/api/v1/dbt-labs/dbt_utils.json 200
[0m13:10:43.760639 [info ] [MainThread]: Installing dbt-labs/dbt_utils
[0m13:10:46.785233 [info ] [MainThread]: Installed from version 1.2.0
[0m13:10:46.787232 [info ] [MainThread]: Updated version available: 1.3.1
[0m13:10:46.788230 [debug] [MainThread]: Sending event: {'category': 'dbt', 'action': 'package', 'label': '55591fdf-15e0-4d77-b332-29583be64d3f', 'property_': 'install', 'context': [<snowplow_tracker.self_describing_json.SelfDescribingJson object at 0x000001A1A6B25FD0>, <snowplow_tracker.self_describing_json.SelfDescribingJson object at 0x000001A1A792A450>]}
[0m13:10:46.829336 [info ] [MainThread]: 
[0m13:10:46.830337 [info ] [MainThread]: Updates available for packages: ['dbt-labs/dbt_utils']                 
Update your versions in packages.yml, then run dbt deps
[0m13:10:46.835868 [debug] [MainThread]: Command `cli deps` succeeded at 13:10:46.834868 after 6.37 seconds
[0m13:10:46.839856 [debug] [MainThread]: Sending event: {'category': 'dbt', 'action': 'invocation', 'label': 'end', 'context': [<snowplow_tracker.self_describing_json.SelfDescribingJson object at 0x000001A1A769C140>, <snowplow_tracker.self_describing_json.SelfDescribingJson object at 0x000001A1A769FEF0>, <snowplow_tracker.self_describing_json.SelfDescribingJson object at 0x000001A1A769FE30>]}
[0m13:10:46.840870 [debug] [MainThread]: Flushing usage events
[0m13:10:51.539216 [debug] [MainThread]: An error was encountered while trying to flush usage events
[0m13:13:21.579188 [debug] [MainThread]: Sending event: {'category': 'dbt', 'action': 'invocation', 'label': 'start', 'context': [<snowplow_tracker.self_describing_json.SelfDescribingJson object at 0x0000023B9FF5DE80>, <snowplow_tracker.self_describing_json.SelfDescribingJson object at 0x0000023B9DD66EA0>, <snowplow_tracker.self_describing_json.SelfDescribingJson object at 0x0000023BA0E5FCE0>]}


============================== 13:13:21.593238 | 8870d1f9-cb0f-4251-a9bd-7b7b1f78697c ==============================
[0m13:13:21.593238 [info ] [MainThread]: Running with dbt=1.10.10
[0m13:13:21.594949 [debug] [MainThread]: running dbt with arguments {'partial_parse': 'True', 'warn_error_options': 'WarnErrorOptionsV2(error=[], warn=[], silence=[])', 'send_anonymous_usage_stats': 'True', 'warn_error': 'None', 'cache_selected_only': 'False', 'target_path': 'None', 'version_check': 'True', 'invocation_command': 'dbt ', 'log_format': 'default', 'use_colors': 'True', 'introspect': 'True', 'debug': 'False', 'log_cache_events': 'False', 'fail_fast': 'False', 'no_print': 'None', 'empty': 'None', 'quiet': 'False', 'use_experimental_parser': 'False', 'printer_width': '80', 'log_path': 'c:\\Users\\eriku\\Desktop\\DataenginerSTI2024-2026\\Github\\data_warehouse_lifecycle_de24\\10\\dbt_code\\logs', 'indirect_selection': 'eager', 'profiles_dir': 'C:\\Users\\eriku\\.dbt', 'static_parser': 'True', 'write_json': 'True'}
[0m13:13:22.170542 [debug] [MainThread]: Sending event: {'category': 'dbt', 'action': 'project_id', 'label': '8870d1f9-cb0f-4251-a9bd-7b7b1f78697c', 'context': [<snowplow_tracker.self_describing_json.SelfDescribingJson object at 0x0000023BA0B2B8F0>]}
[0m13:13:22.322730 [debug] [MainThread]: Set downloads directory='C:\Users\eriku\AppData\Local\Temp\dbt-downloads-lbpvamz9'
[0m13:13:22.323974 [debug] [MainThread]: Making package index registry request: GET https://hub.getdbt.com/api/v1/index.json
[0m13:13:23.531144 [debug] [MainThread]: Response from registry index: GET https://hub.getdbt.com/api/v1/index.json 200
[0m13:13:23.535183 [debug] [MainThread]: Making package registry request: GET https://hub.getdbt.com/api/v1/dbt-labs/dbt_utils.json
[0m13:13:25.261084 [debug] [MainThread]: Response from registry: GET https://hub.getdbt.com/api/v1/dbt-labs/dbt_utils.json 200
[0m13:13:25.274385 [info ] [MainThread]: Installing dbt-labs/dbt_utils
[0m13:13:27.419055 [info ] [MainThread]: Installed from version 1.2.0
[0m13:13:27.420297 [info ] [MainThread]: Updated version available: 1.3.1
[0m13:13:27.420297 [debug] [MainThread]: Sending event: {'category': 'dbt', 'action': 'package', 'label': '8870d1f9-cb0f-4251-a9bd-7b7b1f78697c', 'property_': 'install', 'context': [<snowplow_tracker.self_describing_json.SelfDescribingJson object at 0x0000023BA05C1D60>, <snowplow_tracker.self_describing_json.SelfDescribingJson object at 0x0000023BA24BF0E0>]}
[0m13:13:27.422821 [info ] [MainThread]: 
[0m13:13:27.423821 [info ] [MainThread]: Updates available for packages: ['dbt-labs/dbt_utils']                 
Update your versions in packages.yml, then run dbt deps
[0m13:13:27.427832 [debug] [MainThread]: Command `cli deps` succeeded at 13:13:27.427832 after 6.21 seconds
[0m13:13:27.428833 [debug] [MainThread]: Sending event: {'category': 'dbt', 'action': 'invocation', 'label': 'end', 'context': [<snowplow_tracker.self_describing_json.SelfDescribingJson object at 0x0000023BA023A870>, <snowplow_tracker.self_describing_json.SelfDescribingJson object at 0x0000023BA023B8F0>, <snowplow_tracker.self_describing_json.SelfDescribingJson object at 0x0000023BA09E5910>]}
[0m13:13:27.429844 [debug] [MainThread]: Flushing usage events
[0m13:13:30.842889 [debug] [MainThread]: An error was encountered while trying to flush usage events
[0m13:15:48.716626 [debug] [MainThread]: Sending event: {'category': 'dbt', 'action': 'invocation', 'label': 'start', 'context': [<snowplow_tracker.self_describing_json.SelfDescribingJson object at 0x000001C1B0F58680>, <snowplow_tracker.self_describing_json.SelfDescribingJson object at 0x000001C1AF55CFB0>, <snowplow_tracker.self_describing_json.SelfDescribingJson object at 0x000001C1B3014BC0>]}


============================== 13:15:48.725810 | 4a8c1140-bedd-4e08-9ed9-744ea25651a9 ==============================
[0m13:15:48.725810 [info ] [MainThread]: Running with dbt=1.10.10
[0m13:15:48.726793 [debug] [MainThread]: running dbt with arguments {'partial_parse': 'True', 'profiles_dir': 'C:\\Users\\eriku\\.dbt', 'send_anonymous_usage_stats': 'True', 'warn_error': 'None', 'cache_selected_only': 'False', 'target_path': 'None', 'version_check': 'True', 'invocation_command': 'dbt ', 'log_format': 'default', 'use_colors': 'True', 'introspect': 'True', 'debug': 'False', 'printer_width': '80', 'fail_fast': 'False', 'no_print': 'None', 'quiet': 'False', 'use_experimental_parser': 'False', 'empty': 'None', 'log_cache_events': 'False', 'log_path': 'c:\\Users\\eriku\\Desktop\\DataenginerSTI2024-2026\\Github\\data_warehouse_lifecycle_de24\\10\\dbt_code\\logs', 'indirect_selection': 'eager', 'write_json': 'True', 'static_parser': 'True', 'warn_error_options': 'WarnErrorOptionsV2(error=[], warn=[], silence=[])'}
[0m13:15:49.073297 [debug] [MainThread]: Sending event: {'category': 'dbt', 'action': 'project_id', 'label': '4a8c1140-bedd-4e08-9ed9-744ea25651a9', 'context': [<snowplow_tracker.self_describing_json.SelfDescribingJson object at 0x000001C1B46EA900>]}
[0m13:15:49.247487 [debug] [MainThread]: Set downloads directory='C:\Users\eriku\AppData\Local\Temp\dbt-downloads-2_k3euk7'
[0m13:15:49.249031 [debug] [MainThread]: Making package index registry request: GET https://hub.getdbt.com/api/v1/index.json
[0m13:15:50.354110 [debug] [MainThread]: Response from registry index: GET https://hub.getdbt.com/api/v1/index.json 200
[0m13:15:50.357116 [debug] [MainThread]: Making package registry request: GET https://hub.getdbt.com/api/v1/dbt-labs/dbt_utils.json
[0m13:15:51.879140 [debug] [MainThread]: Response from registry: GET https://hub.getdbt.com/api/v1/dbt-labs/dbt_utils.json 200
[0m13:15:51.890841 [info ] [MainThread]: Installing dbt-labs/dbt_utils
[0m13:15:54.658114 [info ] [MainThread]: Installed from version 1.2.0
[0m13:15:54.659372 [info ] [MainThread]: Updated version available: 1.3.1
[0m13:15:54.659892 [debug] [MainThread]: Sending event: {'category': 'dbt', 'action': 'package', 'label': '4a8c1140-bedd-4e08-9ed9-744ea25651a9', 'property_': 'install', 'context': [<snowplow_tracker.self_describing_json.SelfDescribingJson object at 0x000001C1B29D5CA0>, <snowplow_tracker.self_describing_json.SelfDescribingJson object at 0x000001C1B4B0BD70>]}
[0m13:15:54.660903 [info ] [MainThread]: 
[0m13:15:54.661902 [info ] [MainThread]: Updates available for packages: ['dbt-labs/dbt_utils']                 
Update your versions in packages.yml, then run dbt deps
[0m13:15:54.674131 [debug] [MainThread]: Command `cli deps` succeeded at 13:15:54.673266 after 6.19 seconds
[0m13:15:54.674639 [debug] [MainThread]: Sending event: {'category': 'dbt', 'action': 'invocation', 'label': 'end', 'context': [<snowplow_tracker.self_describing_json.SelfDescribingJson object at 0x000001C1B3466A20>, <snowplow_tracker.self_describing_json.SelfDescribingJson object at 0x000001C1B2915DC0>, <snowplow_tracker.self_describing_json.SelfDescribingJson object at 0x000001C1B2915F40>]}
[0m13:15:54.675649 [debug] [MainThread]: Flushing usage events
[0m13:15:57.000825 [debug] [MainThread]: An error was encountered while trying to flush usage events
[0m13:18:02.769165 [debug] [MainThread]: Sending event: {'category': 'dbt', 'action': 'invocation', 'label': 'start', 'context': [<snowplow_tracker.self_describing_json.SelfDescribingJson object at 0x0000028A798F5DC0>, <snowplow_tracker.self_describing_json.SelfDescribingJson object at 0x0000028A792FAD80>, <snowplow_tracker.self_describing_json.SelfDescribingJson object at 0x0000028A792FB320>]}


============================== 13:18:02.780112 | ba4a90c1-dfb9-4bc4-91d6-2682f4c470cb ==============================
[0m13:18:02.780112 [info ] [MainThread]: Running with dbt=1.10.10
[0m13:18:02.781812 [debug] [MainThread]: running dbt with arguments {'partial_parse': 'True', 'profiles_dir': 'C:\\Users\\eriku\\.dbt', 'send_anonymous_usage_stats': 'True', 'warn_error': 'None', 'cache_selected_only': 'False', 'target_path': 'None', 'use_colors': 'True', 'invocation_command': 'dbt ', 'log_format': 'default', 'version_check': 'True', 'introspect': 'True', 'debug': 'False', 'printer_width': '80', 'fail_fast': 'False', 'no_print': 'None', 'use_experimental_parser': 'False', 'quiet': 'False', 'log_cache_events': 'False', 'empty': 'None', 'log_path': 'c:\\Users\\eriku\\Desktop\\DataenginerSTI2024-2026\\Github\\data_warehouse_lifecycle_de24\\10\\dbt_code\\logs', 'indirect_selection': 'eager', 'write_json': 'True', 'warn_error_options': 'WarnErrorOptionsV2(error=[], warn=[], silence=[])', 'static_parser': 'True'}
[0m13:18:03.201900 [debug] [MainThread]: Sending event: {'category': 'dbt', 'action': 'project_id', 'label': 'ba4a90c1-dfb9-4bc4-91d6-2682f4c470cb', 'context': [<snowplow_tracker.self_describing_json.SelfDescribingJson object at 0x0000028A7B09BF20>]}
[0m13:18:03.378112 [debug] [MainThread]: Set downloads directory='C:\Users\eriku\AppData\Local\Temp\dbt-downloads-4jyzlqf2'
[0m13:18:03.379120 [debug] [MainThread]: Making package index registry request: GET https://hub.getdbt.com/api/v1/index.json
[0m13:18:04.525914 [debug] [MainThread]: Response from registry index: GET https://hub.getdbt.com/api/v1/index.json 200
[0m13:18:04.529415 [debug] [MainThread]: Making package registry request: GET https://hub.getdbt.com/api/v1/dbt-labs/dbt_utils.json
[0m13:18:05.757503 [debug] [MainThread]: Response from registry: GET https://hub.getdbt.com/api/v1/dbt-labs/dbt_utils.json 200
[0m13:18:05.770762 [info ] [MainThread]: Installing dbt-labs/dbt_utils
[0m13:18:08.216796 [info ] [MainThread]: Installed from version 1.2.0
[0m13:18:08.217807 [info ] [MainThread]: Updated version available: 1.3.1
[0m13:18:08.218809 [debug] [MainThread]: Sending event: {'category': 'dbt', 'action': 'package', 'label': 'ba4a90c1-dfb9-4bc4-91d6-2682f4c470cb', 'property_': 'install', 'context': [<snowplow_tracker.self_describing_json.SelfDescribingJson object at 0x0000028A79EF7980>, <snowplow_tracker.self_describing_json.SelfDescribingJson object at 0x0000028A7B0C9C40>]}
[0m13:18:08.220818 [info ] [MainThread]: 
[0m13:18:08.222334 [info ] [MainThread]: Updates available for packages: ['dbt-labs/dbt_utils']                 
Update your versions in packages.yml, then run dbt deps
[0m13:18:08.226748 [debug] [MainThread]: Command `cli deps` succeeded at 13:18:08.226357 after 5.78 seconds
[0m13:18:08.227257 [debug] [MainThread]: Sending event: {'category': 'dbt', 'action': 'invocation', 'label': 'end', 'context': [<snowplow_tracker.self_describing_json.SelfDescribingJson object at 0x0000028A79E8F0E0>, <snowplow_tracker.self_describing_json.SelfDescribingJson object at 0x0000028A792FAD80>, <snowplow_tracker.self_describing_json.SelfDescribingJson object at 0x0000028A792FB320>]}
[0m13:18:08.227257 [debug] [MainThread]: Flushing usage events
[0m13:18:10.571742 [debug] [MainThread]: An error was encountered while trying to flush usage events
[0m13:38:18.707402 [debug] [MainThread]: Sending event: {'category': 'dbt', 'action': 'invocation', 'label': 'start', 'context': [<snowplow_tracker.self_describing_json.SelfDescribingJson object at 0x000002A94210C170>, <snowplow_tracker.self_describing_json.SelfDescribingJson object at 0x000002A941C94C80>, <snowplow_tracker.self_describing_json.SelfDescribingJson object at 0x000002A941C97AA0>]}


============================== 13:38:18.716725 | 04a89b8d-4e9a-4d54-8e11-fd87fd070790 ==============================
[0m13:38:18.716725 [info ] [MainThread]: Running with dbt=1.10.10
[0m13:38:18.718233 [debug] [MainThread]: running dbt with arguments {'partial_parse': 'True', 'warn_error_options': 'WarnErrorOptionsV2(error=[], warn=[], silence=[])', 'send_anonymous_usage_stats': 'True', 'warn_error': 'None', 'cache_selected_only': 'False', 'target_path': 'None', 'version_check': 'True', 'invocation_command': 'dbt ', 'log_format': 'default', 'use_colors': 'True', 'introspect': 'True', 'debug': 'False', 'log_cache_events': 'False', 'fail_fast': 'False', 'no_print': 'None', 'empty': 'None', 'quiet': 'False', 'use_experimental_parser': 'False', 'printer_width': '80', 'log_path': 'c:\\Users\\eriku\\Desktop\\DataenginerSTI2024-2026\\Github\\data_warehouse_lifecycle_de24\\10\\dbt_code\\logs', 'indirect_selection': 'eager', 'profiles_dir': 'C:\\Users\\eriku\\.dbt', 'static_parser': 'True', 'write_json': 'True'}
[0m13:38:19.128016 [debug] [MainThread]: Sending event: {'category': 'dbt', 'action': 'project_id', 'label': '04a89b8d-4e9a-4d54-8e11-fd87fd070790', 'context': [<snowplow_tracker.self_describing_json.SelfDescribingJson object at 0x000002A9419C1F70>]}
[0m13:38:19.325283 [debug] [MainThread]: Set downloads directory='C:\Users\eriku\AppData\Local\Temp\dbt-downloads-up7ak3ka'
[0m13:38:19.326292 [debug] [MainThread]: Making package index registry request: GET https://hub.getdbt.com/api/v1/index.json
[0m13:38:20.546636 [debug] [MainThread]: Response from registry index: GET https://hub.getdbt.com/api/v1/index.json 200
[0m13:38:20.549155 [debug] [MainThread]: Making package registry request: GET https://hub.getdbt.com/api/v1/dbt-labs/dbt_utils.json
[0m13:38:21.676545 [debug] [MainThread]: Response from registry: GET https://hub.getdbt.com/api/v1/dbt-labs/dbt_utils.json 200
[0m13:38:21.681560 [info ] [MainThread]: Installing dbt-labs/dbt_utils
[0m13:38:24.055060 [info ] [MainThread]: Installed from version 1.2.0
[0m13:38:24.056072 [info ] [MainThread]: Updated version available: 1.3.1
[0m13:38:24.057070 [debug] [MainThread]: Sending event: {'category': 'dbt', 'action': 'package', 'label': '04a89b8d-4e9a-4d54-8e11-fd87fd070790', 'property_': 'install', 'context': [<snowplow_tracker.self_describing_json.SelfDescribingJson object at 0x000002A941634260>, <snowplow_tracker.self_describing_json.SelfDescribingJson object at 0x000002A943451190>]}
[0m13:38:24.058072 [info ] [MainThread]: 
[0m13:38:24.058072 [info ] [MainThread]: Updates available for packages: ['dbt-labs/dbt_utils']                 
Update your versions in packages.yml, then run dbt deps
[0m13:38:24.061588 [debug] [MainThread]: Command `cli deps` succeeded at 13:38:24.061588 after 5.62 seconds
[0m13:38:24.062596 [debug] [MainThread]: Sending event: {'category': 'dbt', 'action': 'invocation', 'label': 'end', 'context': [<snowplow_tracker.self_describing_json.SelfDescribingJson object at 0x000002A94210C170>, <snowplow_tracker.self_describing_json.SelfDescribingJson object at 0x000002A9432881D0>, <snowplow_tracker.self_describing_json.SelfDescribingJson object at 0x000002A941F4DAF0>]}
[0m13:38:24.063598 [debug] [MainThread]: Flushing usage events
[0m13:38:26.315760 [debug] [MainThread]: An error was encountered while trying to flush usage events
